row_index,Actual Churn,Predicted Churn,Churn Probability,Risk Category
0,1,1,0.641297,High
1,1,1,0.582487,Medium
2,1,1,0.729105,High
3,1,0,0.455835,Medium
4,1,0,0.310803,Medium
5,1,1,0.534937,Medium
6,1,1,0.882146,High
7,1,0,0.486029,Medium
8,1,0,0.448249,Medium
9,1,1,0.819108,High
10,1,1,0.658851,High
11,1,1,0.566497,Medium
12,1,0,0.418942,Medium
13,1,1,0.677875,High
14,1,1,0.643735,High
15,1,0,0.307476,Medium
16,1,1,0.632459,High
17,1,1,0.578551,Medium
18,1,1,0.670232,High
19,1,1,0.657277,High
20,1,1,0.553826,Medium
21,1,0,0.497582,Medium
22,1,0,0.450084,Medium
23,1,1,0.509334,Medium
24,1,0,0.226465,Low
25,1,0,0.235383,Low
26,1,0,0.393955,Medium
27,1,1,0.697795,High
28,1,1,0.653692,High
29,1,0,0.390455,Medium
30,1,1,0.604703,High
31,1,1,0.872643,High
32,1,1,0.693372,High
33,1,1,0.68445,High
34,1,1,0.657274,High
35,1,1,0.75603,High
36,1,1,0.675692,High
37,1,0,0.278949,Low
38,1,1,0.511539,Medium
39,1,0,0.495307,Medium
40,1,1,0.725185,High
41,1,1,0.514874,Medium
42,1,0,0.46303,Medium
43,1,0,0.336643,Medium
44,1,1,0.731684,High
45,1,1,0.556352,Medium
46,1,0,0.334382,Medium
47,1,1,0.877313,High
48,1,1,0.643847,High
49,1,1,0.577773,Medium
50,1,0,0.321746,Medium
51,1,1,0.70327,High
52,1,1,0.570169,Medium
53,1,1,0.643643,High
54,1,1,0.796481,High
55,1,1,0.548931,Medium
56,1,1,0.786687,High
57,1,1,0.66668,High
58,1,1,0.724922,High
59,1,1,0.677069,High
60,1,1,0.86341,High
61,1,1,0.869714,High
62,1,1,0.765466,High
63,1,1,0.871965,High
64,1,1,0.851749,High
65,1,0,0.017202,Low
66,1,1,0.767533,High
67,1,1,0.756263,High
68,1,1,0.829045,High
69,1,1,0.861468,High
70,1,1,0.768094,High
71,1,1,0.794141,High
72,1,1,0.865797,High
73,1,1,0.854219,High
74,1,1,0.662213,High
75,1,1,0.754551,High
76,1,1,0.818569,High
77,1,1,0.941583,High
78,1,1,0.776925,High
79,1,1,0.887886,High
80,1,0,0.181207,Low
81,1,1,0.847022,High
82,1,0,0.159407,Low
83,1,1,0.881933,High
84,1,1,0.890376,High
85,1,1,0.856359,High
86,1,0,0.137491,Low
87,1,0,0.409445,Medium
88,1,1,0.731191,High
89,1,1,0.916768,High
90,1,1,0.882428,High
91,1,1,0.597192,Medium
92,1,1,0.850049,High
93,1,0,0.424305,Medium
94,1,1,0.845217,High
95,1,1,0.918993,High
96,1,1,0.762923,High
97,1,1,0.664795,High
98,1,1,0.889626,High
99,1,1,0.513776,Medium
100,1,1,0.647405,High
101,1,1,0.543805,Medium
102,1,1,0.67267,High
103,1,1,0.567559,Medium
104,1,1,0.569511,Medium
105,1,1,0.893616,High
106,1,1,0.721825,High
107,1,1,0.851264,High
108,1,0,0.131903,Low
109,1,1,0.646316,High
110,1,1,0.673519,High
111,1,1,0.83105,High
112,1,1,0.764351,High
113,1,1,0.926307,High
114,1,1,0.92262,High
115,1,1,0.602484,High
116,1,1,0.80313,High
117,1,1,0.889134,High
118,1,1,0.71299,High
119,1,1,0.867814,High
120,1,1,0.602299,High
121,1,0,0.393586,Medium
122,1,1,0.901621,High
123,1,1,0.902452,High
124,1,1,0.851158,High
125,1,0,0.397082,Medium
126,1,1,0.78294,High
127,1,1,0.800404,High
128,1,1,0.79993,High
129,1,1,0.90711,High
130,1,1,0.873288,High
131,1,1,0.926696,High
132,1,1,0.566856,Medium
133,1,1,0.596184,Medium
134,1,1,0.621226,High
135,1,1,0.83879,High
136,1,1,0.921668,High
137,1,1,0.881312,High
138,1,1,0.552662,Medium
139,1,1,0.692703,High
140,1,1,0.623494,High
141,1,1,0.791451,High
142,1,0,0.482887,Medium
143,1,0,0.480288,Medium
144,1,1,0.757758,High
145,1,1,0.923331,High
146,1,1,0.929372,High
147,1,1,0.656269,High
148,1,1,0.540873,Medium
149,1,1,0.832182,High
150,1,1,0.548718,Medium
151,1,0,0.385543,Medium
152,1,1,0.632347,High
153,1,1,0.694548,High
154,1,1,0.716384,High
155,1,1,0.510135,Medium
156,1,1,0.926957,High
157,1,0,0.411476,Medium
158,1,1,0.9202,High
159,1,1,0.892622,High
160,1,1,0.755786,High
161,1,1,0.894428,High
162,1,1,0.837084,High
163,1,1,0.86589,High
164,1,0,0.468239,Medium
165,1,0,0.235115,Low
166,1,1,0.833206,High
167,1,1,0.827334,High
168,1,1,0.674577,High
169,1,1,0.900805,High
170,1,1,0.558425,Medium
171,1,1,0.87156,High
172,1,1,0.894318,High
173,1,1,0.694787,High
174,1,1,0.873548,High
175,1,1,0.788296,High
176,1,0,0.484569,Medium
177,1,0,0.490006,Medium
178,1,1,0.93469,High
179,1,1,0.74743,High
180,1,1,0.863034,High
181,1,0,0.463363,Medium
182,1,1,0.512931,Medium
183,1,1,0.859637,High
184,1,1,0.857183,High
185,1,1,0.700717,High
186,1,1,0.738239,High
187,1,1,0.893669,High
188,1,1,0.86368,High
189,1,0,0.487686,Medium
190,1,1,0.86895,High
191,1,1,0.663643,High
192,1,1,0.881756,High
193,1,1,0.6879,High
194,1,1,0.658166,High
195,1,1,0.516342,Medium
196,1,1,0.555819,Medium
197,1,1,0.895913,High
198,1,1,0.872855,High
199,1,1,0.807425,High
200,1,1,0.871496,High
201,1,0,0.486639,Medium
202,1,0,0.180482,Low
203,1,1,0.886844,High
204,1,1,0.792692,High
205,1,1,0.750131,High
206,1,1,0.940503,High
207,1,0,0.350449,Medium
208,1,0,0.466694,Medium
209,1,1,0.905702,High
210,1,1,0.699103,High
211,1,1,0.603558,High
212,1,0,0.152498,Low
213,1,1,0.919516,High
214,1,1,0.542336,Medium
215,1,1,0.663907,High
216,1,1,0.760551,High
217,1,1,0.90601,High
218,1,1,0.807266,High
219,1,1,0.834477,High
220,1,0,0.464413,Medium
221,1,0,0.464442,Medium
222,1,1,0.646261,High
223,1,1,0.821228,High
224,1,1,0.846424,High
225,1,1,0.547677,Medium
226,1,1,0.728876,High
227,1,1,0.797092,High
228,1,1,0.811158,High
229,1,1,0.88034,High
230,1,1,0.674876,High
231,1,1,0.931936,High
232,1,1,0.85274,High
233,1,1,0.934489,High
234,1,1,0.898128,High
235,1,1,0.686207,High
236,1,1,0.92689,High
237,1,1,0.840995,High
238,1,1,0.83525,High
239,1,1,0.814237,High
240,1,1,0.716885,High
241,1,1,0.708396,High
242,1,1,0.755786,High
243,1,1,0.789799,High
244,1,0,0.445553,Medium
245,1,1,0.935536,High
246,1,1,0.890648,High
247,1,1,0.521557,Medium
248,1,0,0.211329,Low
249,1,1,0.870452,High
250,1,1,0.619936,High
251,1,1,0.918548,High
252,1,1,0.707659,High
253,1,0,0.423189,Medium
254,1,1,0.564603,Medium
255,1,1,0.943436,High
256,1,1,0.90335,High
257,1,1,0.793435,High
258,1,1,0.736496,High
259,1,1,0.829533,High
260,1,1,0.746227,High
261,1,1,0.577844,Medium
262,1,0,0.379041,Medium
263,1,1,0.933065,High
264,1,1,0.828807,High
265,1,1,0.886018,High
266,1,1,0.918778,High
267,1,1,0.539456,Medium
268,1,1,0.747776,High
269,1,1,0.647307,High
270,1,0,0.489343,Medium
271,1,1,0.786122,High
272,1,1,0.810978,High
273,1,1,0.778382,High
274,1,1,0.889254,High
275,1,1,0.822484,High
276,1,1,0.922484,High
277,1,1,0.709405,High
278,1,1,0.666711,High
279,1,1,0.742337,High
280,1,1,0.791418,High
281,1,1,0.68782,High
282,1,1,0.913976,High
283,1,1,0.594927,Medium
284,1,1,0.893472,High
285,1,1,0.747373,High
286,1,1,0.85907,High
287,1,1,0.865937,High
288,1,1,0.712816,High
289,1,1,0.761744,High
290,1,1,0.785209,High
291,1,1,0.680012,High
292,1,1,0.524237,Medium
293,1,1,0.828042,High
294,1,1,0.802698,High
295,1,1,0.593456,Medium
296,1,1,0.903213,High
297,1,1,0.872347,High
298,1,1,0.937053,High
299,1,1,0.848015,High
300,1,1,0.926117,High
301,1,1,0.820218,High
302,1,1,0.867044,High
303,1,1,0.520889,Medium
304,1,1,0.567884,Medium
305,1,1,0.855731,High
306,1,1,0.729382,High
307,1,1,0.528488,Medium
308,1,1,0.844693,High
309,1,1,0.905373,High
310,1,0,0.498811,Medium
311,1,1,0.90116,High
312,1,1,0.897413,High
313,1,1,0.769112,High
314,1,1,0.779745,High
315,1,1,0.762337,High
316,1,1,0.917134,High
317,1,1,0.72758,High
318,1,1,0.896513,High
319,1,1,0.803589,High
320,1,1,0.73688,High
321,1,1,0.684513,High
322,1,1,0.891746,High
323,1,1,0.867353,High
324,1,1,0.694058,High
325,1,0,0.21234,Low
326,1,1,0.815955,High
327,1,1,0.695464,High
328,1,1,0.809757,High
329,1,1,0.885905,High
330,1,1,0.766846,High
331,1,0,0.417903,Medium
332,1,1,0.609616,High
333,1,0,0.495892,Medium
334,1,1,0.938976,High
335,1,1,0.78077,High
336,1,1,0.667492,High
337,1,1,0.765175,High
338,1,1,0.845108,High
339,1,0,0.248258,Low
340,1,1,0.828949,High
341,1,1,0.810767,High
342,1,1,0.833118,High
343,1,1,0.706406,High
344,1,0,0.446351,Medium
345,1,1,0.570486,Medium
346,1,1,0.53241,Medium
347,1,1,0.886032,High
348,1,1,0.570038,Medium
349,1,1,0.858404,High
350,1,1,0.7543,High
351,1,0,0.486029,Medium
352,1,1,0.667027,High
353,1,1,0.756466,High
354,1,1,0.863898,High
355,1,1,0.905505,High
356,1,1,0.746418,High
357,1,1,0.928685,High
358,1,1,0.878278,High
359,1,1,0.850019,High
360,1,1,0.860433,High
361,1,0,0.402789,Medium
362,1,1,0.926091,High
363,1,1,0.91095,High
364,1,1,0.530651,Medium
365,1,1,0.7704,High
366,1,1,0.746891,High
367,1,1,0.799359,High
368,1,0,0.473319,Medium
369,1,0,0.463989,Medium
370,1,1,0.890292,High
371,1,1,0.69512,High
372,1,1,0.865279,High
373,1,1,0.945856,High
374,1,1,0.814188,High
375,1,1,0.899893,High
376,1,1,0.880946,High
377,1,1,0.806577,High
378,1,1,0.886675,High
379,1,1,0.91279,High
380,1,1,0.837548,High
381,1,1,0.756236,High
382,1,1,0.874116,High
383,1,0,0.483379,Medium
384,1,1,0.872502,High
385,1,1,0.819275,High
386,1,1,0.592571,Medium
387,1,1,0.794695,High
388,1,1,0.83156,High
389,1,0,0.492351,Medium
390,1,1,0.75528,High
391,1,1,0.849955,High
392,1,1,0.581598,Medium
393,1,1,0.81846,High
394,1,0,0.261064,Low
395,1,1,0.738913,High
396,1,1,0.912466,High
397,1,1,0.691682,High
398,1,1,0.856459,High
399,1,1,0.802067,High
400,1,0,0.325311,Medium
401,1,1,0.800314,High
402,1,1,0.642115,High
403,1,1,0.892319,High
404,1,1,0.853967,High
405,1,1,0.57179,Medium
406,1,1,0.75505,High
407,1,0,0.389341,Medium
408,1,1,0.77717,High
409,1,1,0.748457,High
410,1,1,0.901042,High
411,1,1,0.933845,High
412,1,1,0.710938,High
413,1,0,0.497606,Medium
414,1,1,0.528166,Medium
415,1,1,0.696912,High
416,1,1,0.91044,High
417,1,1,0.671034,High
418,1,1,0.870538,High
419,1,1,0.928642,High
420,1,1,0.763729,High
421,1,1,0.517074,Medium
422,1,1,0.717057,High
423,1,0,0.310888,Medium
424,1,1,0.796225,High
425,1,1,0.739785,High
426,1,1,0.628229,High
427,1,1,0.844945,High
428,1,1,0.708172,High
429,1,1,0.52095,Medium
430,1,1,0.555363,Medium
431,1,1,0.692838,High
432,1,1,0.741608,High
433,1,1,0.88181,High
434,1,1,0.893104,High
435,1,1,0.911165,High
436,1,1,0.745365,High
437,1,1,0.58204,Medium
438,1,1,0.859205,High
439,1,1,0.790393,High
440,1,1,0.638414,High
441,1,1,0.770558,High
442,1,1,0.668182,High
443,1,1,0.718952,High
444,1,0,0.478823,Medium
445,1,1,0.875033,High
446,1,1,0.917864,High
447,1,1,0.515382,Medium
448,1,1,0.778696,High
449,1,1,0.935226,High
450,1,1,0.755444,High
451,1,1,0.743709,High
452,1,1,0.845968,High
453,1,1,0.885091,High
454,1,1,0.877371,High
455,1,0,0.490337,Medium
456,1,1,0.870452,High
457,1,1,0.850906,High
458,1,1,0.92279,High
459,1,1,0.752382,High
460,1,1,0.68099,High
461,1,1,0.840525,High
462,1,1,0.864813,High
463,1,0,0.101042,Low
464,1,1,0.866711,High
465,1,0,0.461778,Medium
466,1,0,0.408729,Medium
467,1,1,0.804981,High
468,1,1,0.795872,High
469,1,1,0.893311,High
470,1,1,0.817204,High
471,1,1,0.720948,High
472,1,1,0.824058,High
473,1,1,0.771591,High
474,1,1,0.711396,High
475,1,1,0.630914,High
476,1,1,0.613618,High
477,1,1,0.721737,High
478,1,1,0.697781,High
479,1,0,0.429508,Medium
480,1,0,0.185765,Low
481,1,1,0.707033,High
482,1,1,0.899179,High
483,1,1,0.637533,High
484,1,1,0.694902,High
485,1,1,0.872538,High
486,1,0,0.241321,Low
487,1,1,0.678751,High
488,1,1,0.564151,Medium
489,1,1,0.690384,High
490,1,1,0.847703,High
491,1,1,0.870003,High
492,1,1,0.91801,High
493,1,1,0.660121,High
494,1,1,0.724036,High
495,1,1,0.628519,High
496,1,1,0.721737,High
497,1,0,0.451424,Medium
498,1,1,0.871504,High
499,1,1,0.525957,Medium
500,1,1,0.55458,Medium
501,1,1,0.677385,High
502,1,1,0.791633,High
503,1,1,0.667704,High
504,1,0,0.276399,Low
505,1,1,0.789709,High
506,1,1,0.757089,High
507,1,1,0.85929,High
508,1,1,0.582885,Medium
509,1,1,0.855886,High
510,1,1,0.899853,High
511,1,0,0.321523,Medium
512,1,0,0.100595,Low
513,1,1,0.908317,High
514,1,1,0.905138,High
515,1,1,0.94744,High
516,1,1,0.638834,High
517,1,1,0.811003,High
518,1,1,0.770014,High
519,1,1,0.713743,High
520,1,1,0.539847,Medium
521,1,1,0.837014,High
522,1,1,0.804217,High
523,1,1,0.884144,High
524,1,1,0.894926,High
525,1,1,0.742273,High
526,1,0,0.284331,Low
527,1,1,0.78255,High
528,1,1,0.575696,Medium
529,1,1,0.747281,High
530,1,1,0.895477,High
531,1,1,0.83038,High
532,1,1,0.864853,High
533,1,1,0.635795,High
534,1,1,0.870062,High
535,1,1,0.757739,High
536,1,0,0.486844,Medium
537,1,1,0.914659,High
538,1,0,0.25737,Low
539,1,1,0.819916,High
540,1,1,0.565605,Medium
541,1,1,0.82121,High
542,1,1,0.72782,High
543,1,1,0.763934,High
544,1,1,0.614727,High
545,1,1,0.806884,High
546,1,1,0.650629,High
547,1,1,0.715357,High
548,1,1,0.877698,High
549,1,0,0.232013,Low
550,1,1,0.532443,Medium
551,1,1,0.826207,High
552,1,1,0.56593,Medium
553,1,1,0.795299,High
554,1,1,0.868359,High
555,1,1,0.754465,High
556,1,1,0.742108,High
557,1,1,0.898144,High
558,1,0,0.491663,Medium
559,1,1,0.543077,Medium
560,1,1,0.912863,High
561,1,1,0.862303,High
562,1,1,0.745446,High
563,1,1,0.863009,High
564,1,0,0.232143,Low
565,1,1,0.900211,High
566,1,0,0.395997,Medium
567,1,1,0.883911,High
568,1,1,0.692744,High
569,1,1,0.814471,High
570,1,1,0.860306,High
571,1,1,0.859467,High
572,1,1,0.872669,High
573,1,1,0.90439,High
574,1,1,0.923706,High
575,1,1,0.534411,Medium
576,1,1,0.927518,High
577,1,0,0.142579,Low
578,1,1,0.926032,High
579,1,1,0.89923,High
580,1,1,0.896876,High
581,1,0,0.454675,Medium
582,1,1,0.6552,High
583,1,1,0.902778,High
584,1,1,0.954947,High
585,1,1,0.748872,High
586,1,1,0.757313,High
587,1,1,0.759762,High
588,1,1,0.844078,High
589,1,0,0.193295,Low
590,1,1,0.928749,High
591,1,1,0.693473,High
592,1,1,0.895233,High
593,1,1,0.761393,High
594,1,1,0.860688,High
595,1,1,0.827914,High
596,1,1,0.89513,High
597,1,1,0.751231,High
598,1,1,0.924418,High
599,1,1,0.559327,Medium
600,1,1,0.60149,High
601,1,1,0.71575,High
602,1,1,0.867017,High
603,1,1,0.554733,Medium
604,1,0,0.244718,Low
605,1,1,0.782703,High
606,1,1,0.915307,High
607,1,1,0.906645,High
608,1,1,0.842214,High
609,1,0,0.441358,Medium
610,1,1,0.513081,Medium
611,1,1,0.675414,High
612,1,1,0.780881,High
613,1,1,0.773892,High
614,1,1,0.719797,High
615,1,1,0.509428,Medium
616,1,1,0.860434,High
617,1,0,0.323096,Medium
618,1,1,0.883599,High
619,1,1,0.866316,High
620,1,1,0.675384,High
621,1,1,0.757112,High
622,1,1,0.653263,High
623,1,1,0.922506,High
624,1,1,0.926243,High
625,1,1,0.899785,High
626,1,1,0.896261,High
627,1,0,0.191152,Low
628,1,1,0.809152,High
629,1,0,0.200682,Low
630,1,1,0.830817,High
631,1,1,0.743049,High
632,1,1,0.857152,High
633,1,1,0.865418,High
634,1,1,0.921334,High
635,1,1,0.81699,High
636,1,1,0.750377,High
637,1,1,0.85704,High
638,1,1,0.567624,Medium
639,1,1,0.762768,High
640,1,1,0.824256,High
641,1,1,0.895716,High
642,1,1,0.845433,High
643,1,1,0.909898,High
644,1,1,0.72718,High
645,1,1,0.746077,High
646,1,1,0.661013,High
647,1,1,0.768486,High
648,1,0,0.320105,Medium
649,1,1,0.735892,High
650,1,1,0.55351,Medium
651,1,1,0.807238,High
652,1,1,0.902685,High
653,1,1,0.788768,High
654,1,1,0.867337,High
655,1,1,0.859795,High
656,1,1,0.774893,High
657,1,0,0.491,Medium
658,1,1,0.911832,High
659,1,1,0.856432,High
660,1,0,0.123484,Low
661,1,0,0.109653,Low
662,1,1,0.75446,High
663,1,1,0.579609,Medium
664,1,1,0.771683,High
665,1,0,0.354326,Medium
666,1,1,0.66215,High
667,1,1,0.826731,High
668,1,1,0.804176,High
669,1,1,0.764942,High
670,1,1,0.939079,High
671,1,1,0.752127,High
672,1,1,0.905659,High
673,1,1,0.884686,High
674,1,0,0.432247,Medium
675,1,1,0.72495,High
676,1,0,0.098693,Low
677,1,1,0.876945,High
678,1,1,0.888656,High
679,1,0,0.339199,Medium
680,1,0,0.38504,Medium
681,1,1,0.569511,Medium
682,1,1,0.7267,High
683,1,1,0.789404,High
684,1,1,0.95109,High
685,1,1,0.883819,High
686,1,0,0.331311,Medium
687,1,0,0.45838,Medium
688,1,1,0.675835,High
689,1,1,0.760924,High
690,1,1,0.548627,Medium
691,1,1,0.786516,High
692,1,1,0.936813,High
693,1,1,0.877267,High
694,1,1,0.893451,High
695,1,0,0.169837,Low
696,1,1,0.706451,High
697,1,1,0.724454,High
698,1,1,0.831446,High
699,1,1,0.919031,High
700,1,1,0.73663,High
701,1,1,0.837257,High
702,1,1,0.773694,High
703,1,1,0.909563,High
704,1,1,0.89811,High
705,1,1,0.808021,High
706,1,1,0.852676,High
707,1,1,0.873217,High
708,1,1,0.81928,High
709,1,1,0.654764,High
710,1,1,0.522237,Medium
711,1,1,0.892285,High
712,1,1,0.917739,High
713,1,1,0.918651,High
714,1,1,0.699103,High
715,1,1,0.923544,High
716,1,1,0.945368,High
717,1,1,0.89331,High
718,1,0,0.103683,Low
719,1,1,0.915777,High
720,1,0,0.48073,Medium
721,1,1,0.859677,High
722,1,0,0.210951,Low
723,1,1,0.89026,High
724,1,0,0.198868,Low
725,1,1,0.731883,High
726,1,1,0.907019,High
727,1,0,0.171817,Low
728,1,1,0.844868,High
729,1,0,0.273361,Low
730,1,1,0.895899,High
731,1,1,0.930905,High
732,1,1,0.899935,High
733,1,1,0.801621,High
734,1,0,0.453968,Medium
735,1,0,0.47768,Medium
736,1,1,0.842723,High
737,1,1,0.620882,High
738,1,1,0.933095,High
739,1,0,0.085835,Low
740,1,1,0.866359,High
741,1,1,0.914282,High
742,1,0,0.483711,Medium
743,1,1,0.932934,High
744,1,1,0.893016,High
745,1,1,0.886178,High
746,1,1,0.907575,High
747,1,1,0.858932,High
748,1,1,0.796435,High
749,1,1,0.838476,High
750,1,1,0.73779,High
751,1,1,0.72561,High
752,1,1,0.758954,High
753,1,1,0.88268,High
754,1,1,0.504546,Medium
755,1,1,0.898585,High
756,1,0,0.357592,Medium
757,1,0,0.093354,Low
758,1,1,0.911653,High
759,1,1,0.589062,Medium
760,1,1,0.845919,High
761,1,1,0.83098,High
762,1,1,0.792901,High
763,1,1,0.926834,High
764,1,1,0.756506,High
765,1,1,0.82726,High
766,1,1,0.770317,High
767,1,1,0.542328,Medium
768,1,1,0.839017,High
769,1,1,0.82902,High
770,1,1,0.849023,High
771,1,1,0.932444,High
772,1,1,0.76592,High
773,1,0,0.47528,Medium
774,1,0,0.458781,Medium
775,1,1,0.872687,High
776,1,1,0.65837,High
777,1,1,0.616944,High
778,1,1,0.845713,High
779,1,1,0.654228,High
780,1,1,0.903815,High
781,1,1,0.636718,High
782,1,1,0.918164,High
783,1,1,0.80209,High
784,1,1,0.635986,High
785,1,1,0.79406,High
786,1,0,0.103375,Low
787,1,1,0.856791,High
788,1,1,0.708819,High
789,1,0,0.390075,Medium
790,1,1,0.89911,High
791,1,1,0.616447,High
792,1,1,0.896518,High
793,1,0,0.217498,Low
794,1,0,0.281004,Low
795,1,1,0.84662,High
796,1,1,0.757251,High
797,1,1,0.613626,High
798,1,0,0.473404,Medium
799,1,1,0.803471,High
800,1,0,0.471747,Medium
801,1,0,0.390262,Medium
802,1,1,0.828007,High
803,1,1,0.876355,High
804,1,1,0.524707,Medium
805,1,1,0.928295,High
806,1,1,0.780831,High
807,1,1,0.862938,High
808,1,1,0.905461,High
809,1,1,0.906018,High
810,1,1,0.809621,High
811,1,1,0.84239,High
812,1,1,0.700471,High
813,1,1,0.552116,Medium
814,1,1,0.601679,High
815,1,0,0.335837,Medium
816,1,1,0.756215,High
817,1,1,0.783853,High
818,1,0,0.451689,Medium
819,1,1,0.525095,Medium
820,1,1,0.737772,High
821,1,1,0.709479,High
822,1,1,0.757739,High
823,1,1,0.66125,High
824,1,1,0.806159,High
825,1,0,0.488349,Medium
826,1,1,0.809923,High
827,1,1,0.89018,High
828,1,1,0.648501,High
829,1,1,0.576539,Medium
830,1,1,0.760777,High
831,1,1,0.729579,High
832,1,0,0.483784,Medium
833,1,1,0.904879,High
834,1,1,0.815314,High
835,1,1,0.625765,High
836,1,1,0.534451,Medium
837,1,0,0.427371,Medium
838,1,1,0.751753,High
839,1,1,0.940207,High
840,1,0,0.376452,Medium
841,1,1,0.802637,High
842,1,1,0.924265,High
843,1,0,0.386024,Medium
844,1,0,0.486361,Medium
845,1,1,0.539921,Medium
846,1,1,0.736832,High
847,1,1,0.932915,High
848,1,1,0.664027,High
849,1,1,0.518027,Medium
850,1,1,0.743638,High
851,1,1,0.703401,High
852,1,1,0.940032,High
853,1,1,0.847617,High
854,1,1,0.554355,Medium
855,1,1,0.89349,High
856,1,1,0.819412,High
857,1,1,0.713055,High
858,1,1,0.901085,High
859,1,1,0.885091,High
860,1,1,0.66687,High
861,1,1,0.81971,High
862,1,1,0.883296,High
863,1,1,0.738902,High
864,1,1,0.766616,High
865,1,1,0.919018,High
866,1,1,0.915335,High
867,1,0,0.164947,Low
868,1,1,0.763615,High
869,1,1,0.688396,High
870,1,1,0.749605,High
871,1,1,0.810912,High
872,1,1,0.911122,High
873,1,1,0.883411,High
874,1,1,0.93987,High
875,1,1,0.763294,High
876,1,0,0.402325,Medium
877,1,1,0.920802,High
878,1,0,0.440857,Medium
879,1,0,0.378261,Medium
880,1,1,0.778793,High
881,1,1,0.640926,High
882,1,1,0.818882,High
883,1,0,0.217633,Low
884,1,1,0.909008,High
885,1,1,0.58936,Medium
886,1,1,0.958267,High
887,1,1,0.913539,High
888,1,1,0.891215,High
889,1,1,0.921669,High
890,1,1,0.909057,High
891,1,1,0.590555,Medium
892,1,1,0.700419,High
893,1,1,0.785243,High
894,1,1,0.506567,Medium
895,1,0,0.235645,Low
896,1,1,0.904302,High
897,1,1,0.870751,High
898,1,1,0.616485,High
899,1,1,0.860161,High
900,1,1,0.883369,High
901,1,0,0.317761,Medium
902,1,0,0.277785,Low
903,1,1,0.91823,High
904,1,1,0.741377,High
905,1,1,0.911048,High
906,1,1,0.919633,High
907,1,1,0.694028,High
908,1,1,0.742727,High
909,1,1,0.880538,High
910,1,0,0.404901,Medium
911,1,1,0.911316,High
912,1,1,0.911079,High
913,1,0,0.459787,Medium
914,1,0,0.481061,Medium
915,1,1,0.757192,High
916,1,0,0.301336,Medium
917,1,1,0.894838,High
918,1,1,0.739534,High
919,1,1,0.684869,High
920,1,1,0.906419,High
921,1,0,0.31142,Medium
922,1,1,0.595194,Medium
923,1,0,0.348066,Medium
924,1,1,0.723575,High
925,1,1,0.735089,High
926,1,1,0.668205,High
927,1,1,0.898827,High
928,1,1,0.803801,High
929,1,1,0.635536,High
930,1,1,0.916337,High
931,1,1,0.731696,High
932,1,1,0.68073,High
933,1,0,0.197813,Low
934,1,0,0.378762,Medium
935,1,1,0.6566,High
936,1,1,0.912983,High
937,1,1,0.768134,High
938,1,1,0.75603,High
939,1,1,0.849241,High
940,1,1,0.854173,High
941,1,1,0.548339,Medium
942,1,1,0.664136,High
943,1,1,0.684802,High
944,1,1,0.589959,Medium
945,1,1,0.90012,High
946,1,1,0.814598,High
947,1,1,0.818821,High
948,1,1,0.599843,Medium
949,1,0,0.401604,Medium
950,1,1,0.755024,High
951,1,0,0.424799,Medium
952,1,1,0.70146,High
953,1,1,0.809125,High
954,1,1,0.814513,High
955,1,1,0.646868,High
956,1,1,0.688388,High
957,1,1,0.900687,High
958,1,0,0.337893,Medium
959,1,1,0.748802,High
960,1,1,0.691234,High
961,1,1,0.566256,Medium
962,1,1,0.772058,High
963,1,1,0.818537,High
964,1,1,0.872826,High
965,1,1,0.785468,High
966,1,0,0.492184,Medium
967,1,1,0.882268,High
968,1,1,0.639794,High
969,1,0,0.231831,Low
970,1,1,0.70718,High
971,1,0,0.079061,Low
972,1,1,0.697646,High
973,1,1,0.711066,High
974,1,1,0.932769,High
975,1,0,0.475034,Medium
976,1,1,0.869294,High
977,1,1,0.704895,High
978,1,1,0.933433,High
979,1,1,0.701313,High
980,1,1,0.788639,High
981,1,0,0.227701,Low
982,1,1,0.900399,High
983,1,1,0.901439,High
984,1,1,0.946023,High
985,1,1,0.891967,High
986,1,1,0.844666,High
987,1,1,0.887146,High
988,1,1,0.915183,High
989,1,1,0.678703,High
990,1,1,0.900307,High
991,1,1,0.906351,High
992,1,1,0.794506,High
993,1,1,0.801567,High
994,1,0,0.052593,Low
995,1,1,0.806551,High
996,1,1,0.932566,High
997,1,0,0.159218,Low
998,1,0,0.157134,Low
999,1,1,0.79524,High
1000,1,1,0.614125,High
1001,1,0,0.252793,Low
1002,1,1,0.679512,High
1003,1,0,0.234283,Low
1004,1,1,0.880883,High
1005,1,1,0.851583,High
1006,1,1,0.898292,High
1007,1,1,0.913519,High
1008,1,1,0.818374,High
1009,1,1,0.943662,High
1010,1,1,0.659092,High
1011,1,0,0.184867,Low
1012,1,1,0.619199,High
1013,1,1,0.850333,High
1014,1,1,0.87911,High
1015,1,0,0.263613,Low
1016,1,1,0.859419,High
1017,1,0,0.253723,Low
1018,1,1,0.797122,High
1019,1,1,0.682561,High
1020,1,1,0.912942,High
1021,1,1,0.606067,High
1022,1,1,0.509822,Medium
1023,1,1,0.691517,High
1024,1,1,0.774404,High
1025,1,1,0.834504,High
1026,1,0,0.449651,Medium
1027,1,1,0.7899,High
1028,1,1,0.897454,High
1029,1,1,0.727383,High
1030,1,0,0.336904,Medium
1031,1,1,0.849879,High
1032,1,1,0.84097,High
1033,1,1,0.918553,High
1034,1,1,0.895771,High
1035,1,1,0.623194,High
1036,1,1,0.560928,Medium
1037,1,1,0.907963,High
1038,1,1,0.86856,High
1039,1,1,0.769232,High
1040,1,1,0.686932,High
1041,1,1,0.752186,High
1042,1,1,0.765975,High
1043,1,1,0.826028,High
1044,1,1,0.937216,High
1045,1,1,0.788776,High
1046,1,1,0.940541,High
1047,1,0,0.051023,Low
1048,1,1,0.784301,High
1049,1,1,0.832298,High
1050,1,1,0.795524,High
1051,1,1,0.84536,High
1052,1,1,0.873552,High
1053,1,1,0.867568,High
1054,1,1,0.595119,Medium
1055,1,0,0.492553,Medium
1056,1,1,0.882496,High
1057,1,1,0.642452,High
1058,1,1,0.665386,High
1059,1,1,0.844382,High
1060,1,0,0.268476,Low
1061,1,1,0.8265,High
1062,1,1,0.687967,High
1063,1,1,0.66948,High
1064,1,1,0.637759,High
1065,1,1,0.881,High
1066,1,1,0.618692,High
1067,1,1,0.510732,Medium
1068,1,1,0.829421,High
1069,1,1,0.890204,High
1070,1,0,0.48868,Medium
1071,1,0,0.202661,Low
1072,1,1,0.788048,High
1073,1,0,0.275614,Low
1074,1,1,0.871347,High
1075,1,0,0.243113,Low
1076,1,1,0.732895,High
1077,1,1,0.870569,High
1078,1,1,0.855843,High
1079,1,1,0.883809,High
1080,1,1,0.565605,Medium
1081,1,1,0.886749,High
1082,1,1,0.838664,High
1083,1,1,0.816122,High
1084,1,0,0.407416,Medium
1085,1,1,0.565279,Medium
1086,1,1,0.674951,High
1087,1,1,0.891101,High
1088,1,0,0.375948,Medium
1089,1,1,0.784809,High
1090,1,1,0.74006,High
1091,1,0,0.113239,Low
1092,1,1,0.890364,High
1093,1,1,0.784431,High
1094,1,1,0.513395,Medium
1095,1,0,0.277405,Low
1096,1,1,0.813456,High
1097,1,1,0.71614,High
1098,1,1,0.902982,High
1099,1,1,0.773879,High
1100,1,1,0.853166,High
1101,1,1,0.547699,Medium
1102,1,1,0.802423,High
1103,1,1,0.890519,High
1104,1,1,0.580824,Medium
1105,1,1,0.906741,High
1106,1,1,0.918692,High
1107,1,1,0.902494,High
1108,1,1,0.780556,High
1109,1,1,0.870303,High
1110,1,1,0.818337,High
1111,1,1,0.896676,High
1112,1,0,0.096779,Low
1113,1,1,0.663312,High
1114,1,1,0.62363,High
1115,1,1,0.619369,High
1116,1,1,0.55448,Medium
1117,1,1,0.60111,High
1118,1,1,0.632214,High
1119,1,0,0.259581,Low
1120,1,1,0.577811,Medium
1121,1,0,0.036461,Low
1122,1,1,0.55405,Medium
1123,1,1,0.732798,High
1124,1,0,0.4582,Medium
1125,1,1,0.879547,High
1126,1,0,0.480335,Medium
1127,1,1,0.73372,High
1128,1,1,0.819072,High
1129,1,0,0.137821,Low
1130,1,1,0.806945,High
1131,1,1,0.804004,High
1132,1,1,0.831903,High
1133,1,1,0.866019,High
1134,1,1,0.554677,Medium
1135,1,1,0.921072,High
1136,1,1,0.724905,High
1137,1,1,0.674583,High
1138,1,1,0.781168,High
1139,1,1,0.895804,High
1140,1,1,0.572759,Medium
1141,1,1,0.897058,High
1142,1,1,0.864963,High
1143,1,1,0.891025,High
1144,1,1,0.786412,High
1145,1,1,0.649929,High
1146,1,1,0.809433,High
1147,1,0,0.033621,Low
1148,1,1,0.836788,High
1149,1,1,0.709623,High
1150,1,1,0.858726,High
1151,1,0,0.36124,Medium
1152,1,1,0.883259,High
1153,1,1,0.761098,High
1154,1,1,0.870345,High
1155,1,0,0.06981,Low
1156,1,0,0.455801,Medium
1157,1,1,0.77748,High
1158,1,1,0.89749,High
1159,1,0,0.472893,Medium
1160,1,1,0.905793,High
1161,1,1,0.818809,High
1162,1,0,0.430169,Medium
1163,1,1,0.943027,High
1164,1,1,0.745523,High
1165,1,1,0.761988,High
1166,1,1,0.913909,High
1167,1,1,0.815677,High
1168,1,1,0.870602,High
1169,1,1,0.632997,High
1170,1,1,0.891659,High
1171,1,0,0.329249,Medium
1172,1,1,0.58976,Medium
1173,1,0,0.481061,Medium
1174,1,1,0.900373,High
1175,1,1,0.887989,High
1176,1,1,0.521203,Medium
1177,1,1,0.869853,High
1178,1,1,0.824462,High
1179,1,1,0.713766,High
1180,1,1,0.720018,High
1181,1,1,0.851663,High
1182,1,0,0.059914,Low
1183,1,1,0.947142,High
1184,1,1,0.8883,High
1185,1,0,0.1766,Low
1186,1,1,0.739362,High
1187,1,0,0.172585,Low
1188,1,1,0.883338,High
1189,1,1,0.755231,High
1190,1,1,0.849034,High
1191,1,1,0.872089,High
1192,1,1,0.794741,High
1193,1,0,0.117487,Low
1194,1,1,0.774297,High
1195,1,1,0.920122,High
1196,1,1,0.886772,High
1197,1,1,0.724345,High
1198,1,1,0.87381,High
1199,1,1,0.798192,High
1200,1,1,0.838505,High
1201,1,0,0.487023,Medium
1202,1,0,0.336209,Medium
1203,1,1,0.930379,High
1204,1,1,0.753048,High
1205,1,1,0.861654,High
1206,1,0,0.363595,Medium
1207,1,1,0.594282,Medium
1208,1,1,0.856932,High
1209,1,1,0.902845,High
1210,1,1,0.904842,High
1211,1,0,0.214893,Low
1212,1,1,0.89764,High
1213,1,1,0.898936,High
1214,1,0,0.071437,Low
1215,1,1,0.827074,High
1216,1,1,0.606536,High
1217,1,0,0.187666,Low
1218,1,0,0.482458,Medium
1219,1,1,0.906415,High
1220,1,1,0.836774,High
1221,1,1,0.811161,High
1222,1,1,0.775325,High
1223,1,1,0.537977,Medium
1224,1,1,0.878107,High
1225,1,1,0.923773,High
1226,1,1,0.920454,High
1227,1,1,0.697573,High
1228,1,0,0.267246,Low
1229,1,1,0.792051,High
1230,1,1,0.746702,High
1231,1,0,0.143035,Low
1232,1,1,0.736252,High
1233,1,1,0.761853,High
1234,1,1,0.741943,High
1235,1,0,0.485367,Medium
1236,1,1,0.859127,High
1237,1,1,0.638316,High
1238,1,0,0.189389,Low
1239,1,1,0.896926,High
1240,1,1,0.528788,Medium
1241,1,1,0.895245,High
1242,1,1,0.651022,High
1243,1,0,0.439169,Medium
1244,1,1,0.885113,High
1245,1,1,0.635552,High
1246,1,1,0.900545,High
1247,1,1,0.753606,High
1248,1,1,0.895292,High
1249,1,0,0.383045,Medium
1250,1,1,0.772221,High
1251,1,1,0.740049,High
1252,1,1,0.827157,High
1253,1,1,0.59828,Medium
1254,1,0,0.047539,Low
1255,1,1,0.946842,High
1256,1,1,0.773331,High
1257,1,1,0.739065,High
1258,1,1,0.574107,Medium
1259,1,1,0.720689,High
1260,1,0,0.378065,Medium
1261,1,0,0.016394,Low
1262,1,1,0.654156,High
1263,1,1,0.925043,High
1264,1,1,0.76468,High
1265,1,1,0.899417,High
1266,1,1,0.870904,High
1267,1,1,0.646473,High
1268,1,1,0.696557,High
1269,1,1,0.935292,High
1270,1,1,0.879183,High
1271,1,1,0.7919,High
1272,1,1,0.866007,High
1273,1,1,0.832036,High
1274,1,0,0.40724,Medium
1275,1,1,0.624793,High
1276,1,1,0.837687,High
1277,1,1,0.825584,High
1278,1,1,0.6915,High
1279,1,1,0.783994,High
1280,1,1,0.806354,High
1281,1,1,0.806641,High
1282,1,1,0.857999,High
1283,1,1,0.903279,High
1284,1,1,0.817109,High
1285,1,0,0.160217,Low
1286,1,1,0.674619,High
1287,1,1,0.871956,High
1288,1,0,0.398607,Medium
1289,1,1,0.729213,High
1290,1,1,0.553114,Medium
1291,1,1,0.520088,Medium
1292,1,1,0.889176,High
1293,1,1,0.82561,High
1294,1,1,0.874797,High
1295,1,1,0.925287,High
1296,1,1,0.917631,High
1297,1,1,0.831608,High
1298,1,1,0.894188,High
1299,1,0,0.227287,Low
1300,1,1,0.76465,High
1301,1,1,0.677797,High
1302,1,1,0.886538,High
1303,1,1,0.776803,High
1304,1,1,0.733544,High
1305,1,1,0.763533,High
1306,1,1,0.759977,High
1307,1,1,0.568836,Medium
1308,1,1,0.631701,High
1309,1,0,0.347504,Medium
1310,1,1,0.725962,High
1311,1,1,0.862462,High
1312,1,1,0.778675,High
1313,1,0,0.339717,Medium
1314,1,1,0.906592,High
1315,1,0,0.469454,Medium
1316,1,1,0.500659,Medium
1317,1,0,0.401386,Medium
1318,1,1,0.869251,High
1319,1,1,0.912128,High
1320,1,1,0.876407,High
1321,1,1,0.842117,High
1322,1,1,0.896677,High
1323,1,1,0.908405,High
1324,1,1,0.75142,High
1325,1,1,0.508331,Medium
1326,1,0,0.239544,Low
1327,1,1,0.781993,High
1328,1,1,0.505453,Medium
1329,1,1,0.721527,High
1330,1,1,0.68734,High
1331,1,1,0.859469,High
1332,1,1,0.522593,Medium
1333,1,1,0.677843,High
1334,1,0,0.078329,Low
1335,1,1,0.876212,High
1336,1,1,0.762576,High
1337,1,1,0.903538,High
1338,1,0,0.10603,Low
1339,1,1,0.821328,High
1340,1,1,0.504597,Medium
1341,1,0,0.467128,Medium
1342,1,0,0.441917,Medium
1343,1,1,0.829796,High
1344,1,0,0.364667,Medium
1345,1,1,0.673395,High
1346,1,1,0.944139,High
1347,1,0,0.309428,Medium
1348,1,1,0.733736,High
1349,1,1,0.812104,High
1350,1,1,0.866776,High
1351,1,1,0.778435,High
1352,1,1,0.827633,High
1353,1,1,0.884956,High
1354,1,1,0.877323,High
1355,1,1,0.883414,High
1356,1,1,0.815097,High
1357,1,1,0.768009,High
1358,1,1,0.753247,High
1359,1,1,0.88375,High
1360,1,1,0.715337,High
1361,1,1,0.54062,Medium
1362,1,1,0.684669,High
1363,1,0,0.296317,Low
1364,1,1,0.93118,High
1365,1,1,0.865037,High
1366,1,0,0.445803,Medium
1367,1,0,0.217857,Low
1368,1,1,0.616415,High
1369,1,1,0.897532,High
1370,1,1,0.884901,High
1371,1,1,0.801042,High
1372,1,1,0.896567,High
1373,1,1,0.82894,High
1374,1,1,0.876015,High
1375,1,0,0.23252,Low
1376,1,1,0.802298,High
1377,1,0,0.336675,Medium
1378,1,0,0.068217,Low
1379,1,1,0.902741,High
1380,1,1,0.696227,High
1381,1,1,0.883554,High
1382,1,1,0.950792,High
1383,1,1,0.866661,High
1384,1,1,0.832263,High
1385,1,1,0.898869,High
1386,1,1,0.778195,High
1387,1,1,0.921091,High
1388,1,1,0.814708,High
1389,1,1,0.849868,High
1390,1,0,0.466185,Medium
1391,1,1,0.588839,Medium
1392,1,1,0.756275,High
1393,1,1,0.587637,Medium
1394,1,0,0.11572,Low
1395,1,1,0.670714,High
1396,1,1,0.862976,High
1397,1,1,0.825708,High
1398,1,0,0.302255,Medium
1399,1,1,0.912994,High
1400,1,1,0.538143,Medium
1401,1,1,0.622292,High
1402,1,1,0.634125,High
1403,1,1,0.753482,High
1404,1,1,0.87104,High
1405,1,1,0.759989,High
1406,1,1,0.878425,High
1407,1,0,0.423442,Medium
1408,1,1,0.881595,High
1409,1,1,0.666471,High
1410,1,1,0.89509,High
1411,1,1,0.750616,High
1412,1,1,0.742299,High
1413,1,1,0.527835,Medium
1414,1,0,0.212886,Low
1415,1,1,0.929626,High
1416,1,1,0.869896,High
1417,1,1,0.861141,High
1418,1,1,0.874795,High
1419,1,1,0.787884,High
1420,1,1,0.8905,High
1421,1,0,0.359393,Medium
1422,1,1,0.775879,High
1423,1,1,0.903878,High
1424,1,1,0.81399,High
1425,1,1,0.690419,High
1426,1,1,0.663724,High
1427,1,1,0.862208,High
1428,1,1,0.786711,High
1429,1,0,0.033636,Low
1430,1,0,0.489343,Medium
1431,1,1,0.922464,High
1432,1,1,0.91101,High
1433,1,1,0.63493,High
1434,1,1,0.62599,High
1435,1,0,0.419837,Medium
1436,1,1,0.885806,High
1437,1,0,0.079915,Low
1438,1,1,0.896215,High
1439,1,1,0.914665,High
1440,1,0,0.339046,Medium
1441,1,1,0.651241,High
1442,1,1,0.941474,High
1443,1,1,0.777476,High
1444,1,1,0.783819,High
1445,1,0,0.358376,Medium
1446,1,1,0.770718,High
1447,1,1,0.795999,High
1448,1,1,0.743077,High
1449,1,1,0.566203,Medium
1450,1,0,0.299208,Low
1451,1,1,0.681623,High
1452,1,1,0.721357,High
1453,1,1,0.869703,High
1454,1,1,0.815173,High
1455,1,1,0.895151,High
1456,1,0,0.210012,Low
1457,1,0,0.246966,Low
1458,1,1,0.550632,Medium
1459,1,1,0.91687,High
1460,1,1,0.868763,High
1461,1,1,0.800177,High
1462,1,1,0.694465,High
1463,1,1,0.747815,High
1464,1,1,0.894591,High
1465,1,1,0.884415,High
1466,1,1,0.809417,High
1467,1,0,0.088255,Low
1468,1,0,0.264551,Low
1469,1,1,0.720432,High
1470,1,1,0.86916,High
1471,1,1,0.57146,Medium
1472,1,1,0.749528,High
1473,1,0,0.035663,Low
1474,1,1,0.917623,High
1475,1,1,0.694691,High
1476,1,1,0.84245,High
1477,1,1,0.860026,High
1478,1,1,0.62443,High
1479,1,1,0.521235,Medium
1480,1,1,0.70068,High
1481,1,1,0.895329,High
1482,1,1,0.508331,Medium
1483,1,1,0.902032,High
1484,1,1,0.767497,High
1485,1,1,0.725122,High
1486,1,1,0.518838,Medium
1487,1,1,0.765352,High
1488,1,0,0.271614,Low
1489,1,1,0.760422,High
1490,1,0,0.487355,Medium
1491,1,1,0.865657,High
1492,1,1,0.811117,High
1493,1,1,0.85627,High
1494,1,0,0.171715,Low
1495,1,1,0.614992,High
1496,1,1,0.886888,High
1497,1,1,0.869402,High
1498,1,1,0.860722,High
1499,1,0,0.11001,Low
1500,1,0,0.257858,Low
1501,1,1,0.905798,High
1502,1,1,0.658919,High
1503,1,1,0.61991,High
1504,1,0,0.390082,Medium
1505,1,1,0.819106,High
1506,1,0,0.4359,Medium
1507,1,0,0.450852,Medium
1508,1,1,0.8151,High
1509,1,1,0.579951,Medium
1510,1,1,0.854737,High
1511,1,1,0.81019,High
1512,1,1,0.94654,High
1513,1,1,0.655346,High
1514,1,1,0.859879,High
1515,1,1,0.776241,High
1516,1,1,0.867628,High
1517,1,1,0.595328,Medium
1518,1,0,0.483048,Medium
1519,1,1,0.832949,High
1520,1,1,0.834828,High
1521,1,1,0.802862,High
1522,1,1,0.869703,High
1523,1,0,0.346937,Medium
1524,1,0,0.375335,Medium
1525,1,1,0.884956,High
1526,1,1,0.929585,High
1527,1,1,0.582154,Medium
1528,1,1,0.677578,High
1529,1,1,0.915163,High
1530,1,1,0.725786,High
1531,1,1,0.90386,High
1532,1,0,0.215404,Low
1533,1,1,0.851942,High
1534,1,1,0.89776,High
1535,1,1,0.917669,High
1536,1,0,0.406777,Medium
1537,1,1,0.909384,High
1538,1,1,0.904237,High
1539,1,1,0.881537,High
1540,1,1,0.751346,High
1541,1,0,0.280374,Low
1542,1,1,0.894881,High
1543,1,1,0.590638,Medium
1544,1,1,0.775188,High
1545,1,1,0.806624,High
1546,1,1,0.790493,High
1547,1,1,0.835611,High
1548,1,0,0.255303,Low
1549,1,0,0.386678,Medium
1550,1,1,0.871198,High
1551,1,1,0.922028,High
1552,1,1,0.895726,High
1553,1,0,0.416492,Medium
1554,1,1,0.818229,High
1555,1,0,0.317134,Medium
1556,1,1,0.796476,High
1557,1,1,0.543348,Medium
1558,1,1,0.69951,High
1559,1,0,0.083308,Low
1560,1,1,0.679141,High
1561,1,1,0.787255,High
1562,1,0,0.485698,Medium
1563,1,1,0.562523,Medium
1564,1,1,0.861602,High
1565,1,1,0.930074,High
1566,1,1,0.932415,High
1567,1,1,0.825276,High
1568,1,1,0.939265,High
1569,1,1,0.903413,High
1570,1,1,0.892636,High
1571,1,0,0.489014,Medium
1572,1,0,0.100311,Low
1573,1,0,0.087874,Low
1574,1,1,0.755212,High
1575,1,1,0.782516,High
1576,1,1,0.660148,High
1577,1,1,0.814879,High
1578,1,0,0.399559,Medium
1579,1,0,0.399358,Medium
1580,1,1,0.854716,High
1581,1,1,0.860312,High
1582,1,1,0.957065,High
1583,1,1,0.741928,High
1584,1,0,0.112954,Low
1585,1,1,0.682687,High
1586,1,1,0.936391,High
1587,1,1,0.787122,High
1588,1,1,0.906937,High
1589,1,0,0.316497,Medium
1590,1,1,0.90935,High
1591,1,1,0.694445,High
1592,1,1,0.544826,Medium
1593,1,1,0.731213,High
1594,1,1,0.794505,High
1595,1,1,0.501175,Medium
1596,1,0,0.203638,Low
1597,1,1,0.600324,High
1598,1,1,0.828481,High
1599,1,1,0.860335,High
1600,1,1,0.871869,High
1601,1,1,0.712236,High
1602,1,1,0.899166,High
1603,1,1,0.88383,High
1604,1,0,0.334,Medium
1605,1,1,0.881115,High
1606,1,1,0.714871,High
1607,1,1,0.675074,High
1608,1,1,0.797241,High
1609,1,1,0.801447,High
1610,1,1,0.939218,High
1611,1,1,0.942967,High
1612,1,1,0.841984,High
1613,1,0,0.395146,Medium
1614,1,1,0.648399,High
1615,1,1,0.85669,High
1616,1,1,0.774309,High
1617,1,1,0.607793,High
1618,1,0,0.495466,Medium
1619,1,1,0.735072,High
1620,1,1,0.503994,Medium
1621,1,1,0.754391,High
1622,1,1,0.79888,High
1623,1,1,0.675336,High
1624,1,1,0.532368,Medium
1625,1,0,0.472918,Medium
1626,1,1,0.786838,High
1627,1,1,0.899668,High
1628,1,1,0.715107,High
1629,1,1,0.876457,High
1630,1,1,0.823259,High
1631,1,1,0.630561,High
1632,1,1,0.735344,High
1633,1,1,0.916937,High
1634,1,1,0.504164,Medium
1635,1,1,0.862856,High
1636,1,1,0.87882,High
1637,1,0,0.335101,Medium
1638,1,1,0.736722,High
1639,1,0,0.285031,Low
1640,1,1,0.695683,High
1641,1,0,0.476406,Medium
1642,1,1,0.87214,High
1643,1,1,0.935073,High
1644,1,1,0.856784,High
1645,1,1,0.887814,High
1646,1,1,0.63179,High
1647,1,1,0.897105,High
1648,1,1,0.928882,High
1649,1,0,0.237534,Low
1650,1,1,0.829555,High
1651,1,1,0.941022,High
1652,1,1,0.742365,High
1653,1,1,0.833963,High
1654,1,1,0.877879,High
1655,1,1,0.644039,High
1656,1,1,0.869853,High
1657,1,1,0.881142,High
1658,1,0,0.476856,Medium
1659,1,1,0.842732,High
1660,1,1,0.787505,High
1661,1,0,0.128017,Low
1662,1,0,0.31038,Medium
1663,1,0,0.489012,Medium
1664,1,1,0.855942,High
1665,1,1,0.860876,High
1666,1,1,0.704386,High
1667,1,0,0.31123,Medium
1668,1,1,0.911238,High
1669,1,1,0.891382,High
1670,1,0,0.184797,Low
1671,1,1,0.893873,High
1672,1,1,0.640531,High
1673,1,0,0.477488,Medium
1674,1,0,0.304627,Medium
1675,1,1,0.802374,High
1676,1,1,0.708609,High
1677,1,0,0.348202,Medium
1678,1,1,0.630814,High
1679,1,0,0.245086,Low
1680,1,1,0.564953,Medium
1681,1,1,0.947852,High
1682,1,1,0.945721,High
1683,1,1,0.631613,High
1684,1,1,0.82903,High
1685,1,1,0.799923,High
1686,1,1,0.693301,High
1687,1,1,0.835424,High
1688,1,1,0.923317,High
1689,1,0,0.484373,Medium
1690,1,1,0.623292,High
1691,1,0,0.288079,Low
1692,1,0,0.271256,Low
1693,1,0,0.183655,Low
1694,1,1,0.756568,High
1695,1,1,0.604783,High
1696,1,0,0.144908,Low
1697,1,1,0.858239,High
1698,1,1,0.745272,High
1699,1,1,0.913099,High
1700,1,0,0.343199,Medium
1701,1,0,0.463943,Medium
1702,1,1,0.820934,High
1703,1,1,0.506554,Medium
1704,1,1,0.874958,High
1705,1,1,0.887596,High
1706,1,1,0.764435,High
1707,1,1,0.93244,High
1708,1,1,0.709312,High
1709,1,1,0.871644,High
1710,1,1,0.574381,Medium
1711,1,1,0.872532,High
1712,1,1,0.871198,High
1713,1,1,0.711268,High
1714,1,1,0.841355,High
1715,1,1,0.861963,High
1716,1,1,0.829124,High
1717,1,1,0.536368,Medium
1718,1,1,0.826092,High
1719,1,1,0.854217,High
1720,1,0,0.497736,Medium
1721,1,0,0.321258,Medium
1722,1,1,0.694058,High
1723,1,1,0.887634,High
1724,1,1,0.900746,High
1725,1,0,0.45386,Medium
1726,1,0,0.392658,Medium
1727,1,1,0.910301,High
1728,1,1,0.501637,Medium
1729,1,0,0.299989,Low
1730,1,1,0.802141,High
1731,1,1,0.772336,High
1732,1,1,0.728639,High
1733,1,1,0.71734,High
1734,1,1,0.797834,High
1735,1,1,0.811722,High
1736,1,1,0.886475,High
1737,1,1,0.834375,High
1738,1,0,0.203948,Low
1739,1,1,0.89154,High
1740,1,1,0.785909,High
1741,1,1,0.869143,High
1742,1,1,0.839174,High
1743,1,0,0.433085,Medium
1744,1,1,0.69913,High
1745,1,1,0.799195,High
1746,1,0,0.347935,Medium
1747,1,0,0.301735,Medium
1748,1,1,0.759784,High
1749,1,1,0.532284,Medium
1750,1,0,0.170595,Low
1751,1,1,0.566256,Medium
1752,1,1,0.899177,High
1753,1,1,0.750342,High
1754,1,1,0.895895,High
1755,1,1,0.743721,High
1756,1,1,0.908687,High
1757,1,1,0.900096,High
1758,1,1,0.934518,High
1759,1,0,0.347884,Medium
1760,1,1,0.902101,High
1761,1,1,0.923534,High
1762,1,0,0.419711,Medium
1763,1,1,0.929188,High
1764,1,1,0.719125,High
1765,1,1,0.900966,High
1766,1,1,0.880999,High
1767,1,0,0.174385,Low
1768,1,1,0.895098,High
1769,1,1,0.903488,High
1770,1,1,0.896722,High
1771,1,1,0.805995,High
1772,1,1,0.903536,High
1773,1,1,0.724345,High
1774,1,1,0.862604,High
1775,1,0,0.042221,Low
1776,1,1,0.84304,High
1777,1,0,0.464979,Medium
1778,1,0,0.435677,Medium
1779,1,1,0.89117,High
1780,1,1,0.64023,High
1781,1,0,0.248299,Low
1782,1,1,0.903855,High
1783,1,0,0.245604,Low
1784,1,0,0.287833,Low
1785,1,0,0.399569,Medium
1786,1,1,0.872532,High
1787,1,0,0.207865,Low
1788,1,1,0.859115,High
1789,1,1,0.823929,High
1790,1,0,0.19878,Low
1791,1,0,0.478712,Medium
1792,1,1,0.565605,Medium
1793,1,1,0.681954,High
1794,1,0,0.05759,Low
1795,1,0,0.341398,Medium
1796,1,1,0.54165,Medium
1797,1,1,0.90288,High
1798,1,1,0.556029,Medium
1799,1,1,0.917462,High
1800,1,0,0.071263,Low
1801,1,1,0.869251,High
1802,1,1,0.671981,High
1803,1,1,0.747006,High
1804,1,1,0.729993,High
1805,1,0,0.45916,Medium
1806,1,1,0.907719,High
1807,1,1,0.914574,High
1808,1,1,0.808706,High
1809,1,1,0.919967,High
1810,1,1,0.748787,High
1811,1,1,0.896414,High
1812,1,1,0.528139,Medium
1813,1,1,0.828408,High
1814,1,1,0.731593,High
1815,1,0,0.455884,Medium
1816,1,1,0.924094,High
1817,1,1,0.805144,High
1818,1,1,0.937776,High
1819,1,1,0.818959,High
1820,1,0,0.131192,Low
1821,1,1,0.795515,High
1822,1,1,0.912282,High
1823,1,1,0.89638,High
1824,1,1,0.551086,Medium
1825,1,1,0.907939,High
1826,1,0,0.200414,Low
1827,1,1,0.94728,High
1828,1,1,0.701608,High
1829,1,1,0.714025,High
1830,1,0,0.439638,Medium
1831,1,0,0.336458,Medium
1832,1,1,0.82149,High
1833,1,1,0.558444,Medium
1834,1,1,0.872089,High
1835,1,0,0.469673,Medium
1836,1,1,0.900943,High
1837,1,1,0.871347,High
1838,1,1,0.673948,High
1839,1,0,0.3564,Medium
1840,1,0,0.237365,Low
1841,1,1,0.66602,High
1842,1,1,0.855556,High
1843,1,1,0.744597,High
1844,1,1,0.759196,High
1845,1,1,0.790132,High
1846,1,1,0.731315,High
1847,1,0,0.483711,Medium
1848,1,1,0.895629,High
1849,1,1,0.765564,High
1850,1,0,0.472076,Medium
1851,1,1,0.718591,High
1852,1,1,0.676099,High
1853,1,1,0.881836,High
1854,1,1,0.749051,High
1855,1,0,0.180468,Low
1856,1,1,0.738492,High
1857,1,1,0.72507,High
1858,1,1,0.71011,High
1859,1,1,0.887039,High
1860,1,1,0.72981,High
1861,1,1,0.933012,High
1862,1,1,0.598967,Medium
1863,1,1,0.654836,High
1864,1,0,0.335074,Medium
1865,1,1,0.672502,High
1866,1,1,0.910216,High
1867,1,0,0.393053,Medium
1868,1,1,0.928588,High
1869,0,1,0.863039,High
1870,0,0,0.121625,Low
1871,0,0,0.104637,Low
1872,0,0,0.378444,Medium
1873,0,1,0.658027,High
1874,0,0,0.048566,Low
1875,0,0,0.182462,Low
1876,0,0,0.050159,Low
1877,0,0,0.484036,Medium
1878,0,1,0.672831,High
1879,0,0,0.16728,Low
1880,0,0,0.046849,Low
1881,0,0,0.131041,Low
1882,0,1,0.714635,High
1883,0,0,0.152055,Low
1884,0,0,0.060316,Low
1885,0,0,0.041016,Low
1886,0,0,0.259094,Low
1887,0,0,0.075107,Low
1888,0,0,0.123455,Low
1889,0,1,0.925348,High
1890,0,0,0.159499,Low
1891,0,0,0.428534,Medium
1892,0,1,0.672277,High
1893,0,0,0.116789,Low
1894,0,0,0.487127,Medium
1895,0,0,0.347336,Medium
1896,0,0,0.062632,Low
1897,0,0,0.160915,Low
1898,0,0,0.050624,Low
1899,0,1,0.595867,Medium
1900,0,1,0.677517,High
1901,0,1,0.667036,High
1902,0,0,0.099609,Low
1903,0,0,0.045804,Low
1904,0,1,0.714397,High
1905,0,1,0.539288,Medium
1906,0,0,0.128024,Low
1907,0,0,0.451347,Medium
1908,0,1,0.50414,Medium
1909,0,0,0.051301,Low
1910,0,0,0.174472,Low
1911,0,1,0.796004,High
1912,0,1,0.551621,Medium
1913,0,0,0.02965,Low
1914,0,0,0.247499,Low
1915,0,1,0.743888,High
1916,0,1,0.514262,Medium
1917,0,0,0.102164,Low
1918,0,0,0.023251,Low
1919,0,1,0.771338,High
1920,0,1,0.60289,High
1921,0,0,0.083679,Low
1922,0,0,0.258584,Low
1923,0,0,0.031175,Low
1924,0,0,0.280175,Low
1925,0,0,0.391506,Medium
1926,0,0,0.153958,Low
1927,0,0,0.236635,Low
1928,0,0,0.477695,Medium
1929,0,0,0.109173,Low
1930,0,0,0.472404,Medium
1931,0,1,0.539555,Medium
1932,0,0,0.032979,Low
1933,0,1,0.902551,High
1934,0,0,0.217446,Low
1935,0,0,0.024861,Low
1936,0,0,0.045259,Low
1937,0,1,0.625961,High
1938,0,0,0.196138,Low
1939,0,1,0.78526,High
1940,0,0,0.118684,Low
1941,0,0,0.491591,Medium
1942,0,0,0.246344,Low
1943,0,0,0.088607,Low
1944,0,0,0.016502,Low
1945,0,0,0.485698,Medium
1946,0,0,0.214893,Low
1947,0,0,0.347771,Medium
1948,0,0,0.173493,Low
1949,0,1,0.777904,High
1950,0,0,0.437795,Medium
1951,0,0,0.199632,Low
1952,0,1,0.561531,Medium
1953,0,0,0.01224,Low
1954,0,0,0.066331,Low
1955,0,1,0.601643,High
1956,0,0,0.123559,Low
1957,0,0,0.495536,Medium
1958,0,0,0.069401,Low
1959,0,0,0.028796,Low
1960,0,0,0.254289,Low
1961,0,1,0.578659,Medium
1962,0,0,0.444186,Medium
1963,0,0,0.257897,Low
1964,0,0,0.193615,Low
1965,0,0,0.243196,Low
1966,0,0,0.023875,Low
1967,0,0,0.48868,Medium
1968,0,0,0.183918,Low
1969,0,1,0.825786,High
1970,0,0,0.020614,Low
1971,0,0,0.040701,Low
1972,0,1,0.524086,Medium
1973,0,0,0.019307,Low
1974,0,0,0.025188,Low
1975,0,0,0.089769,Low
1976,0,0,0.324481,Medium
1977,0,0,0.219133,Low
1978,0,0,0.020295,Low
1979,0,0,0.174689,Low
1980,0,0,0.184523,Low
1981,0,0,0.193772,Low
1982,0,0,0.195766,Low
1983,0,0,0.460484,Medium
1984,0,0,0.408209,Medium
1985,0,0,0.061274,Low
1986,0,0,0.189111,Low
1987,0,0,0.434513,Medium
1988,0,1,0.760202,High
1989,0,0,0.141791,Low
1990,0,0,0.1515,Low
1991,0,0,0.075305,Low
1992,0,0,0.128483,Low
1993,0,1,0.868234,High
1994,0,0,0.070044,Low
1995,0,0,0.186599,Low
1996,0,0,0.01672,Low
1997,0,0,0.076335,Low
1998,0,0,0.083609,Low
1999,0,0,0.303241,Medium
2000,0,0,0.172692,Low
2001,0,0,0.067484,Low
2002,0,0,0.253402,Low
2003,0,1,0.532566,Medium
2004,0,0,0.051897,Low
2005,0,1,0.694058,High
2006,0,0,0.223127,Low
2007,0,0,0.46355,Medium
2008,0,1,0.701111,High
2009,0,0,0.142482,Low
2010,0,0,0.352187,Medium
2011,0,0,0.227576,Low
2012,0,0,0.013395,Low
2013,0,0,0.165141,Low
2014,0,0,0.018346,Low
2015,0,1,0.673255,High
2016,0,0,0.021393,Low
2017,0,1,0.580602,Medium
2018,0,0,0.051753,Low
2019,0,0,0.16613,Low
2020,0,1,0.523835,Medium
2021,0,1,0.548555,Medium
2022,0,0,0.052852,Low
2023,0,0,0.387607,Medium
2024,0,0,0.427252,Medium
2025,0,0,0.295371,Low
2026,0,0,0.056949,Low
2027,0,0,0.355754,Medium
2028,0,1,0.794289,High
2029,0,0,0.003469,Low
2030,0,0,0.117868,Low
2031,0,1,0.800409,High
2032,0,0,0.40279,Medium
2033,0,0,0.02904,Low
2034,0,0,0.063779,Low
2035,0,0,0.092971,Low
2036,0,1,0.855916,High
2037,0,0,0.017694,Low
2038,0,0,0.302223,Medium
2039,0,0,0.158902,Low
2040,0,0,0.436576,Medium
2041,0,0,0.321177,Medium
2042,0,1,0.633024,High
2043,0,0,0.129266,Low
2044,0,0,0.219222,Low
2045,0,0,0.414371,Medium
2046,0,0,0.009276,Low
2047,0,0,0.227893,Low
2048,0,0,0.224725,Low
2049,0,1,0.81809,High
2050,0,0,0.060818,Low
2051,0,0,0.045268,Low
2052,0,0,0.128963,Low
2053,0,0,0.244485,Low
2054,0,0,0.415656,Medium
2055,0,1,0.542011,Medium
2056,0,1,0.767352,High
2057,0,0,0.253215,Low
2058,0,0,0.441543,Medium
2059,0,0,0.381127,Medium
2060,0,0,0.219209,Low
2061,0,0,0.499373,Medium
2062,0,0,0.115707,Low
2063,0,0,0.045535,Low
2064,0,0,0.330048,Medium
2065,0,1,0.610165,High
2066,0,1,0.707324,High
2067,0,0,0.120207,Low
2068,0,0,0.475983,Medium
2069,0,0,0.092276,Low
2070,0,0,0.024358,Low
2071,0,1,0.713505,High
2072,0,0,0.024239,Low
2073,0,0,0.053114,Low
2074,0,1,0.769057,High
2075,0,0,0.475118,Medium
2076,0,1,0.677989,High
2077,0,1,0.586358,Medium
2078,0,1,0.529944,Medium
2079,0,1,0.605578,High
2080,0,0,0.212078,Low
2081,0,0,0.156141,Low
2082,0,1,0.551131,Medium
2083,0,1,0.508217,Medium
2084,0,0,0.109151,Low
2085,0,0,0.365622,Medium
2086,0,1,0.922281,High
2087,0,0,0.405561,Medium
2088,0,0,0.485367,Medium
2089,0,0,0.029175,Low
2090,0,1,0.848067,High
2091,0,0,0.291866,Low
2092,0,0,0.37937,Medium
2093,0,1,0.832161,High
2094,0,0,0.066739,Low
2095,0,0,0.273619,Low
2096,0,0,0.008349,Low
2097,0,0,0.143084,Low
2098,0,0,0.431158,Medium
2099,0,0,0.225565,Low
2100,0,1,0.514627,Medium
2101,0,1,0.636999,High
2102,0,0,0.189526,Low
2103,0,1,0.903198,High
2104,0,0,0.394708,Medium
2105,0,0,0.012945,Low
2106,0,1,0.665216,High
2107,0,0,0.100571,Low
2108,0,1,0.760165,High
2109,0,0,0.288975,Low
2110,0,0,0.065357,Low
2111,0,1,0.644562,High
2112,0,1,0.878425,High
2113,0,0,0.353089,Medium
2114,0,1,0.729076,High
2115,0,0,0.014093,Low
2116,0,0,0.213021,Low
2117,0,0,0.460765,Medium
2118,0,0,0.082955,Low
2119,0,1,0.675281,High
2120,0,0,0.223946,Low
2121,0,0,0.063137,Low
2122,0,0,0.049558,Low
2123,0,0,0.034419,Low
2124,0,0,0.071234,Low
2125,0,1,0.91782,High
2126,0,0,0.012952,Low
2127,0,1,0.725945,High
2128,0,0,0.230504,Low
2129,0,0,0.100593,Low
2130,0,0,0.269918,Low
2131,0,1,0.920331,High
2132,0,1,0.534819,Medium
2133,0,0,0.287201,Low
2134,0,1,0.546981,Medium
2135,0,0,0.151491,Low
2136,0,0,0.218547,Low
2137,0,0,0.108829,Low
2138,0,0,0.032961,Low
2139,0,1,0.54945,Medium
2140,0,0,0.460017,Medium
2141,0,0,0.492657,Medium
2142,0,1,0.508421,Medium
2143,0,0,0.053244,Low
2144,0,0,0.105069,Low
2145,0,0,0.109997,Low
2146,0,0,0.380092,Medium
2147,0,1,0.662544,High
2148,0,0,0.17623,Low
2149,0,1,0.793856,High
2150,0,0,0.066735,Low
2151,0,0,0.429381,Medium
2152,0,0,0.296494,Low
2153,0,0,0.088393,Low
2154,0,0,0.306439,Medium
2155,0,0,0.225569,Low
2156,0,1,0.69871,High
2157,0,0,0.33451,Medium
2158,0,1,0.786393,High
2159,0,1,0.580886,Medium
2160,0,1,0.780412,High
2161,0,0,0.228645,Low
2162,0,1,0.836694,High
2163,0,0,0.066553,Low
2164,0,1,0.744829,High
2165,0,1,0.595146,Medium
2166,0,0,0.138062,Low
2167,0,0,0.068594,Low
2168,0,0,0.122293,Low
2169,0,0,0.057028,Low
2170,0,0,0.073789,Low
2171,0,0,0.01274,Low
2172,0,0,0.378199,Medium
2173,0,0,0.474921,Medium
2174,0,0,0.107889,Low
2175,0,1,0.768111,High
2176,0,0,0.481231,Medium
2177,0,1,0.582539,Medium
2178,0,0,0.277495,Low
2179,0,0,0.166242,Low
2180,0,0,0.016544,Low
2181,0,0,0.310535,Medium
2182,0,1,0.822483,High
2183,0,0,0.361045,Medium
2184,0,0,0.102966,Low
2185,0,1,0.557053,Medium
2186,0,0,0.311201,Medium
2187,0,1,0.605133,High
2188,0,1,0.659252,High
2189,0,1,0.718205,High
2190,0,0,0.081062,Low
2191,0,0,0.078264,Low
2192,0,1,0.583119,Medium
2193,0,0,0.053054,Low
2194,0,0,0.481808,Medium
2195,0,0,0.077642,Low
2196,0,0,0.208752,Low
2197,0,1,0.67247,High
2198,0,1,0.581646,Medium
2199,0,0,0.471284,Medium
2200,0,1,0.555211,Medium
2201,0,1,0.504792,Medium
2202,0,0,0.161748,Low
2203,0,1,0.667645,High
2204,0,0,0.041224,Low
2205,0,1,0.725513,High
2206,0,0,0.116236,Low
2207,0,0,0.046733,Low
2208,0,0,0.454278,Medium
2209,0,0,0.377105,Medium
2210,0,0,0.029347,Low
2211,0,1,0.813247,High
2212,0,0,0.382027,Medium
2213,0,0,0.104658,Low
2214,0,1,0.549943,Medium
2215,0,1,0.900687,High
2216,0,0,0.149415,Low
2217,0,1,0.604821,High
2218,0,0,0.220101,Low
2219,0,0,0.065175,Low
2220,0,0,0.270979,Low
2221,0,0,0.459157,Medium
2222,0,0,0.02677,Low
2223,0,0,0.140121,Low
2224,0,1,0.843356,High
2225,0,0,0.352357,Medium
2226,0,0,0.189055,Low
2227,0,0,0.327571,Medium
2228,0,0,0.021146,Low
2229,0,1,0.769633,High
2230,0,0,0.395082,Medium
2231,0,0,0.062418,Low
2232,0,1,0.841408,High
2233,0,0,0.057346,Low
2234,0,0,0.293201,Low
2235,0,0,0.091861,Low
2236,0,1,0.782963,High
2237,0,0,0.193439,Low
2238,0,0,0.484373,Medium
2239,0,0,0.295468,Low
2240,0,0,0.012983,Low
2241,0,0,0.385305,Medium
2242,0,0,0.142002,Low
2243,0,0,0.106645,Low
2244,0,0,0.126689,Low
2245,0,0,0.045712,Low
2246,0,1,0.604479,High
2247,0,0,0.488017,Medium
2248,0,0,0.443983,Medium
2249,0,1,0.584942,Medium
2250,0,1,0.550888,Medium
2251,0,1,0.502464,Medium
2252,0,0,0.144038,Low
2253,0,1,0.868592,High
2254,0,0,0.350547,Medium
2255,0,0,0.211808,Low
2256,0,1,0.608916,High
2257,0,0,0.232987,Low
2258,0,0,0.258312,Low
2259,0,0,0.057362,Low
2260,0,0,0.113662,Low
2261,0,0,0.010263,Low
2262,0,0,0.185571,Low
2263,0,0,0.015076,Low
2264,0,0,0.002776,Low
2265,0,1,0.896188,High
2266,0,0,0.147238,Low
2267,0,1,0.897601,High
2268,0,1,0.509033,Medium
2269,0,0,0.203592,Low
2270,0,0,0.416888,Medium
2271,0,0,0.076684,Low
2272,0,0,0.053343,Low
2273,0,1,0.811984,High
2274,0,0,0.490006,Medium
2275,0,0,0.210605,Low
2276,0,0,0.350924,Medium
2277,0,0,0.432331,Medium
2278,0,0,0.252222,Low
2279,0,0,0.053294,Low
2280,0,0,0.049909,Low
2281,0,0,0.004517,Low
2282,0,0,0.02106,Low
2283,0,0,0.188887,Low
2284,0,0,0.430483,Medium
2285,0,0,0.133644,Low
2286,0,1,0.791148,High
2287,0,1,0.675256,High
2288,0,1,0.512108,Medium
2289,0,1,0.694919,High
2290,0,0,0.326199,Medium
2291,0,0,0.107417,Low
2292,0,1,0.55672,Medium
2293,0,0,0.04343,Low
2294,0,0,0.219739,Low
2295,0,0,0.044215,Low
2296,0,0,0.299382,Low
2297,0,0,0.005256,Low
2298,0,0,0.050008,Low
2299,0,0,0.218499,Low
2300,0,1,0.795616,High
2301,0,0,0.085475,Low
2302,0,0,0.140108,Low
2303,0,1,0.846113,High
2304,0,1,0.726085,High
2305,0,1,0.561655,Medium
2306,0,0,0.276362,Low
2307,0,1,0.551906,Medium
2308,0,0,0.054601,Low
2309,0,0,0.21767,Low
2310,0,0,0.197665,Low
2311,0,0,0.073453,Low
2312,0,0,0.208752,Low
2313,0,0,0.099624,Low
2314,0,0,0.075018,Low
2315,0,0,0.444888,Medium
2316,0,1,0.692365,High
2317,0,0,0.151703,Low
2318,0,1,0.700438,High
2319,0,1,0.508242,Medium
2320,0,0,0.020664,Low
2321,0,1,0.568351,Medium
2322,0,0,0.187858,Low
2323,0,0,0.111556,Low
2324,0,0,0.235287,Low
2325,0,1,0.513682,Medium
2326,0,0,0.058525,Low
2327,0,0,0.090683,Low
2328,0,0,0.073916,Low
2329,0,0,0.038097,Low
2330,0,0,0.002965,Low
2331,0,0,0.476117,Medium
2332,0,0,0.059191,Low
2333,0,1,0.535974,Medium
2334,0,1,0.773884,High
2335,0,0,0.40904,Medium
2336,0,0,0.377489,Medium
2337,0,1,0.851659,High
2338,0,1,0.582187,Medium
2339,0,0,0.259061,Low
2340,0,0,0.215898,Low
2341,0,0,0.054546,Low
2342,0,1,0.758372,High
2343,0,1,0.707426,High
2344,0,0,0.459424,Medium
2345,0,0,0.166862,Low
2346,0,0,0.254553,Low
2347,0,0,0.057486,Low
2348,0,0,0.151495,Low
2349,0,0,0.276744,Low
2350,0,0,0.209993,Low
2351,0,0,0.031843,Low
2352,0,0,0.004056,Low
2353,0,0,0.392642,Medium
2354,0,0,0.149833,Low
2355,0,0,0.252597,Low
2356,0,1,0.577401,Medium
2357,0,0,0.010088,Low
2358,0,0,0.300955,Medium
2359,0,1,0.826954,High
2360,0,0,0.085415,Low
2361,0,0,0.167829,Low
2362,0,0,0.150723,Low
2363,0,1,0.639022,High
2364,0,0,0.486692,Medium
2365,0,0,0.085264,Low
2366,0,0,0.00422,Low
2367,0,1,0.860026,High
2368,0,0,0.344799,Medium
2369,0,0,0.066229,Low
2370,0,0,0.066063,Low
2371,0,0,0.006385,Low
2372,0,0,0.285669,Low
2373,0,0,0.252153,Low
2374,0,0,0.059062,Low
2375,0,1,0.890746,High
2376,0,1,0.539097,Medium
2377,0,0,0.084011,Low
2378,0,1,0.646721,High
2379,0,1,0.529388,Medium
2380,0,1,0.827157,High
2381,0,1,0.671756,High
2382,0,0,0.073116,Low
2383,0,0,0.1625,Low
2384,0,1,0.545936,Medium
2385,0,1,0.563975,Medium
2386,0,0,0.266747,Low
2387,0,0,0.044075,Low
2388,0,0,0.163619,Low
2389,0,1,0.630684,High
2390,0,0,0.0824,Low
2391,0,0,0.167841,Low
2392,0,0,0.041952,Low
2393,0,0,0.106736,Low
2394,0,1,0.687611,High
2395,0,1,0.771771,High
2396,0,1,0.55558,Medium
2397,0,1,0.65536,High
2398,0,0,0.032674,Low
2399,0,1,0.575938,Medium
2400,0,1,0.649998,High
2401,0,0,0.211515,Low
2402,0,1,0.650291,High
2403,0,0,0.026921,Low
2404,0,0,0.305178,Medium
2405,0,0,0.02079,Low
2406,0,1,0.554163,Medium
2407,0,0,0.064297,Low
2408,0,1,0.708304,High
2409,0,1,0.647216,High
2410,0,1,0.541265,Medium
2411,0,0,0.233416,Low
2412,0,0,0.016873,Low
2413,0,1,0.600238,High
2414,0,0,0.066352,Low
2415,0,1,0.689303,High
2416,0,0,0.052933,Low
2417,0,0,0.454049,Medium
2418,0,0,0.337579,Medium
2419,0,0,0.097021,Low
2420,0,1,0.718174,High
2421,0,0,0.244069,Low
2422,0,0,0.430282,Medium
2423,0,0,0.086109,Low
2424,0,1,0.604198,High
2425,0,0,0.08864,Low
2426,0,0,0.071962,Low
2427,0,1,0.797413,High
2428,0,0,0.040978,Low
2429,0,1,0.696459,High
2430,0,0,0.22805,Low
2431,0,0,0.220645,Low
2432,0,1,0.83349,High
2433,0,0,0.031472,Low
2434,0,0,0.240693,Low
2435,0,0,0.322374,Medium
2436,0,0,0.060857,Low
2437,0,0,0.299861,Low
2438,0,0,0.094721,Low
2439,0,1,0.822898,High
2440,0,0,0.011016,Low
2441,0,0,0.472688,Medium
2442,0,0,0.113188,Low
2443,0,0,0.481724,Medium
2444,0,0,0.030311,Low
2445,0,0,0.018873,Low
2446,0,1,0.835839,High
2447,0,1,0.727227,High
2448,0,0,0.11159,Low
2449,0,0,0.482032,Medium
2450,0,0,0.274561,Low
2451,0,0,0.431285,Medium
2452,0,0,0.208729,Low
2453,0,1,0.540983,Medium
2454,0,0,0.335221,Medium
2455,0,0,0.062755,Low
2456,0,0,0.369095,Medium
2457,0,0,0.099951,Low
2458,0,0,0.087464,Low
2459,0,0,0.033365,Low
2460,0,0,0.370204,Medium
2461,0,0,0.369564,Medium
2462,0,0,0.021945,Low
2463,0,0,0.082761,Low
2464,0,0,0.100259,Low
2465,0,0,0.131432,Low
2466,0,0,0.061981,Low
2467,0,1,0.819171,High
2468,0,1,0.755344,High
2469,0,0,0.316155,Medium
2470,0,0,0.106628,Low
2471,0,0,0.212442,Low
2472,0,0,0.205784,Low
2473,0,0,0.075928,Low
2474,0,0,0.081244,Low
2475,0,0,0.119278,Low
2476,0,0,0.27757,Low
2477,0,0,0.219736,Low
2478,0,0,0.050578,Low
2479,0,0,0.196637,Low
2480,0,0,0.430911,Medium
2481,0,1,0.786949,High
2482,0,0,0.119594,Low
2483,0,0,0.118971,Low
2484,0,1,0.667546,High
2485,0,0,0.115097,Low
2486,0,1,0.599455,Medium
2487,0,1,0.64758,High
2488,0,0,0.023125,Low
2489,0,0,0.115594,Low
2490,0,0,0.206994,Low
2491,0,0,0.010101,Low
2492,0,0,0.070254,Low
2493,0,0,0.426613,Medium
2494,0,0,0.258052,Low
2495,0,0,0.087376,Low
2496,0,0,0.361647,Medium
2497,0,0,0.021195,Low
2498,0,0,0.22284,Low
2499,0,1,0.503188,Medium
2500,0,0,0.168633,Low
2501,0,0,0.049406,Low
2502,0,0,0.315331,Medium
2503,0,0,0.075463,Low
2504,0,0,0.057202,Low
2505,0,0,0.051195,Low
2506,0,0,0.111374,Low
2507,0,1,0.553605,Medium
2508,0,1,0.687872,High
2509,0,0,0.01032,Low
2510,0,0,0.043864,Low
2511,0,0,0.239982,Low
2512,0,0,0.078448,Low
2513,0,0,0.080732,Low
2514,0,0,0.036099,Low
2515,0,0,0.085134,Low
2516,0,1,0.533522,Medium
2517,0,0,0.035527,Low
2518,0,0,0.164843,Low
2519,0,0,0.167468,Low
2520,0,0,0.002367,Low
2521,0,0,0.08179,Low
2522,0,1,0.839805,High
2523,0,0,0.165478,Low
2524,0,0,0.090281,Low
2525,0,0,0.406696,Medium
2526,0,0,0.092406,Low
2527,0,0,0.464066,Medium
2528,0,0,0.170807,Low
2529,0,1,0.566582,Medium
2530,0,1,0.89354,High
2531,0,1,0.548948,Medium
2532,0,0,0.187241,Low
2533,0,0,0.225944,Low
2534,0,1,0.663654,High
2535,0,0,0.287325,Low
2536,0,1,0.603094,High
2537,0,0,0.202003,Low
2538,0,0,0.28342,Low
2539,0,1,0.57888,Medium
2540,0,0,0.482333,Medium
2541,0,0,0.377911,Medium
2542,0,0,0.046721,Low
2543,0,1,0.7848,High
2544,0,0,0.226831,Low
2545,0,0,0.141303,Low
2546,0,0,0.203156,Low
2547,0,1,0.731827,High
2548,0,0,0.125416,Low
2549,0,0,0.119175,Low
2550,0,0,0.005032,Low
2551,0,1,0.549207,Medium
2552,0,0,0.059762,Low
2553,0,1,0.718515,High
2554,0,1,0.541194,Medium
2555,0,0,0.055556,Low
2556,0,0,0.401806,Medium
2557,0,1,0.816824,High
2558,0,0,0.19834,Low
2559,0,1,0.50045,Medium
2560,0,0,0.075019,Low
2561,0,0,0.060298,Low
2562,0,0,0.194342,Low
2563,0,1,0.563227,Medium
2564,0,0,0.113287,Low
2565,0,0,0.012183,Low
2566,0,0,0.372889,Medium
2567,0,1,0.945538,High
2568,0,0,0.22779,Low
2569,0,0,0.427114,Medium
2570,0,0,0.251678,Low
2571,0,0,0.083912,Low
2572,0,0,0.217403,Low
2573,0,1,0.689706,High
2574,0,0,0.058505,Low
2575,0,0,0.269408,Low
2576,0,0,0.250799,Low
2577,0,0,0.484563,Medium
2578,0,0,0.008046,Low
2579,0,1,0.782461,High
2580,0,0,0.294523,Low
2581,0,0,0.329381,Medium
2582,0,1,0.840002,High
2583,0,0,0.003759,Low
2584,0,1,0.549167,Medium
2585,0,0,0.312073,Medium
2586,0,0,0.363539,Medium
2587,0,1,0.715711,High
2588,0,0,0.166125,Low
2589,0,1,0.651973,High
2590,0,0,0.055873,Low
2591,0,0,0.157484,Low
2592,0,0,0.022136,Low
2593,0,1,0.585375,Medium
2594,0,0,0.032857,Low
2595,0,0,0.079207,Low
2596,0,1,0.83906,High
2597,0,0,0.166483,Low
2598,0,0,0.241931,Low
2599,0,0,0.008846,Low
2600,0,0,0.161075,Low
2601,0,0,0.003742,Low
2602,0,1,0.58106,Medium
2603,0,0,0.431459,Medium
2604,0,0,0.04831,Low
2605,0,0,0.084665,Low
2606,0,0,0.096132,Low
2607,0,0,0.019621,Low
2608,0,0,0.016099,Low
2609,0,0,0.022309,Low
2610,0,0,0.05329,Low
2611,0,0,0.012018,Low
2612,0,1,0.706051,High
2613,0,1,0.641931,High
2614,0,0,0.033209,Low
2615,0,0,0.217813,Low
2616,0,1,0.626341,High
2617,0,0,0.19916,Low
2618,0,1,0.656035,High
2619,0,0,0.075828,Low
2620,0,1,0.827954,High
2621,0,1,0.671558,High
2622,0,0,0.06916,Low
2623,0,0,0.051071,Low
2624,0,1,0.804796,High
2625,0,0,0.268257,Low
2626,0,0,0.059821,Low
2627,0,0,0.180145,Low
2628,0,1,0.890249,High
2629,0,1,0.707859,High
2630,0,1,0.598485,Medium
2631,0,0,0.205996,Low
2632,0,0,0.308183,Medium
2633,0,0,0.201419,Low
2634,0,0,0.192174,Low
2635,0,0,0.023144,Low
2636,0,0,0.04468,Low
2637,0,0,0.019251,Low
2638,0,0,0.055376,Low
2639,0,1,0.710772,High
2640,0,0,0.477848,Medium
2641,0,0,0.144352,Low
2642,0,0,0.353172,Medium
2643,0,0,0.184192,Low
2644,0,0,0.423414,Medium
2645,0,0,0.117274,Low
2646,0,1,0.65781,High
2647,0,0,0.122884,Low
2648,0,0,0.35159,Medium
2649,0,0,0.301616,Medium
2650,0,0,0.075497,Low
2651,0,0,0.138394,Low
2652,0,0,0.26457,Low
2653,0,0,0.260158,Low
2654,0,1,0.540355,Medium
2655,0,0,0.189853,Low
2656,0,0,0.032626,Low
2657,0,1,0.693112,High
2658,0,0,0.191139,Low
2659,0,0,0.159052,Low
2660,0,0,0.479737,Medium
2661,0,0,0.184582,Low
2662,0,0,0.078981,Low
2663,0,0,0.188433,Low
2664,0,1,0.64707,High
2665,0,0,0.041409,Low
2666,0,1,0.824816,High
2667,0,0,0.037759,Low
2668,0,0,0.050515,Low
2669,0,0,0.432671,Medium
2670,0,1,0.729287,High
2671,0,0,0.351782,Medium
2672,0,0,0.248251,Low
2673,0,0,0.021989,Low
2674,0,0,0.036779,Low
2675,0,0,0.254576,Low
2676,0,1,0.896678,High
2677,0,1,0.655057,High
2678,0,0,0.061547,Low
2679,0,0,0.406487,Medium
2680,0,0,0.11754,Low
2681,0,0,0.075595,Low
2682,0,0,0.194361,Low
2683,0,0,0.086678,Low
2684,0,1,0.907667,High
2685,0,0,0.218849,Low
2686,0,0,0.018675,Low
2687,0,0,0.014068,Low
2688,0,0,0.413338,Medium
2689,0,0,0.033069,Low
2690,0,0,0.061707,Low
2691,0,1,0.803947,High
2692,0,0,0.082339,Low
2693,0,0,0.128495,Low
2694,0,0,0.260065,Low
2695,0,0,0.286737,Low
2696,0,0,0.065557,Low
2697,0,1,0.56735,Medium
2698,0,0,0.214668,Low
2699,0,0,0.188873,Low
2700,0,1,0.627708,High
2701,0,0,0.222012,Low
2702,0,0,0.244984,Low
2703,0,1,0.659672,High
2704,0,0,0.014914,Low
2705,0,0,0.167573,Low
2706,0,0,0.183502,Low
2707,0,0,0.225017,Low
2708,0,0,0.003436,Low
2709,0,0,0.003419,Low
2710,0,0,0.380375,Medium
2711,0,0,0.194956,Low
2712,0,0,0.14386,Low
2713,0,0,0.19263,Low
2714,0,1,0.645472,High
2715,0,0,0.487187,Medium
2716,0,1,0.53427,Medium
2717,0,0,0.201611,Low
2718,0,1,0.837595,High
2719,0,1,0.51749,Medium
2720,0,0,0.494646,Medium
2721,0,1,0.717451,High
2722,0,0,0.190294,Low
2723,0,0,0.011401,Low
2724,0,0,0.043985,Low
2725,0,0,0.02101,Low
2726,0,0,0.458659,Medium
2727,0,1,0.516501,Medium
2728,0,1,0.789097,High
2729,0,0,0.080511,Low
2730,0,0,0.060647,Low
2731,0,0,0.083528,Low
2732,0,1,0.715438,High
2733,0,0,0.291946,Low
2734,0,0,0.241713,Low
2735,0,0,0.165586,Low
2736,0,0,0.063622,Low
2737,0,1,0.548988,Medium
2738,0,0,0.40403,Medium
2739,0,1,0.65111,High
2740,0,0,0.106545,Low
2741,0,1,0.690878,High
2742,0,0,0.059747,Low
2743,0,0,0.413163,Medium
2744,0,0,0.484519,Medium
2745,0,0,0.366138,Medium
2746,0,0,0.128612,Low
2747,0,0,0.201841,Low
2748,0,0,0.49958,Medium
2749,0,1,0.817155,High
2750,0,1,0.535788,Medium
2751,0,0,0.094509,Low
2752,0,0,0.078997,Low
2753,0,0,0.434049,Medium
2754,0,1,0.645579,High
2755,0,0,0.079793,Low
2756,0,0,0.331494,Medium
2757,0,0,0.030404,Low
2758,0,1,0.679988,High
2759,0,0,0.48827,Medium
2760,0,1,0.67831,High
2761,0,0,0.022889,Low
2762,0,0,0.219645,Low
2763,0,1,0.863867,High
2764,0,0,0.32586,Medium
2765,0,0,0.340367,Medium
2766,0,1,0.854782,High
2767,0,0,0.002877,Low
2768,0,0,0.004504,Low
2769,0,0,0.070771,Low
2770,0,0,0.161808,Low
2771,0,0,0.417359,Medium
2772,0,1,0.809341,High
2773,0,0,0.048665,Low
2774,0,0,0.017159,Low
2775,0,0,0.295429,Low
2776,0,1,0.714782,High
2777,0,0,0.056829,Low
2778,0,0,0.305803,Medium
2779,0,0,0.32876,Medium
2780,0,0,0.003901,Low
2781,0,0,0.109655,Low
2782,0,0,0.450842,Medium
2783,0,0,0.143526,Low
2784,0,0,0.44419,Medium
2785,0,0,0.253769,Low
2786,0,0,0.479833,Medium
2787,0,1,0.508269,Medium
2788,0,1,0.849541,High
2789,0,0,0.351537,Medium
2790,0,0,0.179316,Low
2791,0,0,0.229098,Low
2792,0,0,0.490669,Medium
2793,0,0,0.150219,Low
2794,0,0,0.080559,Low
2795,0,0,0.293813,Low
2796,0,0,0.024679,Low
2797,0,1,0.728585,High
2798,0,1,0.837215,High
2799,0,1,0.727092,High
2800,0,0,0.046121,Low
2801,0,0,0.082617,Low
2802,0,1,0.859603,High
2803,0,0,0.068158,Low
2804,0,0,0.044413,Low
2805,0,0,0.004849,Low
2806,0,0,0.182717,Low
2807,0,0,0.194736,Low
2808,0,1,0.58156,Medium
2809,0,0,0.072556,Low
2810,0,0,0.043125,Low
2811,0,0,0.159772,Low
2812,0,0,0.00356,Low
2813,0,0,0.276992,Low
2814,0,0,0.139317,Low
2815,0,0,0.223741,Low
2816,0,0,0.083233,Low
2817,0,1,0.848619,High
2818,0,0,0.261604,Low
2819,0,0,0.004938,Low
2820,0,0,0.325439,Medium
2821,0,0,0.429705,Medium
2822,0,0,0.014798,Low
2823,0,0,0.061145,Low
2824,0,0,0.06612,Low
2825,0,0,0.05692,Low
2826,0,0,0.058471,Low
2827,0,0,0.084697,Low
2828,0,1,0.661289,High
2829,0,1,0.855604,High
2830,0,0,0.403457,Medium
2831,0,0,0.208725,Low
2832,0,0,0.034815,Low
2833,0,0,0.126902,Low
2834,0,0,0.002909,Low
2835,0,0,0.454843,Medium
2836,0,0,0.175387,Low
2837,0,0,0.334519,Medium
2838,0,0,0.169671,Low
2839,0,0,0.016274,Low
2840,0,1,0.522052,Medium
2841,0,1,0.547832,Medium
2842,0,1,0.665056,High
2843,0,0,0.12537,Low
2844,0,0,0.083441,Low
2845,0,1,0.511673,Medium
2846,0,0,0.023922,Low
2847,0,0,0.228854,Low
2848,0,0,0.363035,Medium
2849,0,0,0.012443,Low
2850,0,0,0.215179,Low
2851,0,1,0.842214,High
2852,0,0,0.014373,Low
2853,0,0,0.159897,Low
2854,0,1,0.634479,High
2855,0,0,0.031066,Low
2856,0,0,0.216387,Low
2857,0,0,0.076048,Low
2858,0,0,0.164478,Low
2859,0,0,0.227628,Low
2860,0,1,0.578785,Medium
2861,0,0,0.075211,Low
2862,0,1,0.600926,High
2863,0,0,0.042085,Low
2864,0,0,0.213719,Low
2865,0,0,0.062323,Low
2866,0,0,0.056198,Low
2867,0,1,0.509521,Medium
2868,0,1,0.85536,High
2869,0,1,0.640141,High
2870,0,1,0.796273,High
2871,0,0,0.05389,Low
2872,0,0,0.06418,Low
2873,0,1,0.605854,High
2874,0,0,0.189284,Low
2875,0,0,0.35867,Medium
2876,0,0,0.047806,Low
2877,0,1,0.708019,High
2878,0,0,0.169463,Low
2879,0,0,0.122418,Low
2880,0,0,0.009989,Low
2881,0,0,0.038697,Low
2882,0,0,0.122152,Low
2883,0,0,0.032346,Low
2884,0,0,0.112588,Low
2885,0,1,0.824987,High
2886,0,0,0.099405,Low
2887,0,0,0.198888,Low
2888,0,0,0.053497,Low
2889,0,0,0.003671,Low
2890,0,0,0.406877,Medium
2891,0,0,0.031252,Low
2892,0,1,0.73569,High
2893,0,0,0.085633,Low
2894,0,0,0.484704,Medium
2895,0,0,0.166101,Low
2896,0,1,0.866358,High
2897,0,1,0.629315,High
2898,0,0,0.177143,Low
2899,0,0,0.160652,Low
2900,0,1,0.811712,High
2901,0,0,0.039098,Low
2902,0,0,0.004541,Low
2903,0,0,0.266294,Low
2904,0,0,0.408788,Medium
2905,0,0,0.337365,Medium
2906,0,1,0.712734,High
2907,0,0,0.022065,Low
2908,0,1,0.574514,Medium
2909,0,0,0.287251,Low
2910,0,0,0.120898,Low
2911,0,0,0.462619,Medium
2912,0,0,0.238802,Low
2913,0,0,0.006061,Low
2914,0,1,0.740236,High
2915,0,0,0.054354,Low
2916,0,0,0.053514,Low
2917,0,1,0.770063,High
2918,0,0,0.311972,Medium
2919,0,1,0.506145,Medium
2920,0,0,0.010414,Low
2921,0,0,0.116859,Low
2922,0,0,0.250814,Low
2923,0,0,0.124406,Low
2924,0,1,0.701883,High
2925,0,1,0.607597,High
2926,0,0,0.456687,Medium
2927,0,0,0.206669,Low
2928,0,0,0.168668,Low
2929,0,1,0.589602,Medium
2930,0,0,0.122617,Low
2931,0,1,0.70271,High
2932,0,0,0.060334,Low
2933,0,1,0.788157,High
2934,0,0,0.474281,Medium
2935,0,0,0.204214,Low
2936,0,0,0.426795,Medium
2937,0,0,0.233885,Low
2938,0,0,0.462077,Medium
2939,0,0,0.423784,Medium
2940,0,1,0.743164,High
2941,0,0,0.078159,Low
2942,0,0,0.262051,Low
2943,0,1,0.590333,Medium
2944,0,0,0.254974,Low
2945,0,1,0.641277,High
2946,0,0,0.097243,Low
2947,0,1,0.585045,Medium
2948,0,0,0.497825,Medium
2949,0,0,0.302937,Medium
2950,0,0,0.414722,Medium
2951,0,0,0.30166,Medium
2952,0,0,0.439107,Medium
2953,0,1,0.706319,High
2954,0,0,0.316067,Medium
2955,0,0,0.185519,Low
2956,0,0,0.477634,Medium
2957,0,0,0.409172,Medium
2958,0,0,0.163387,Low
2959,0,0,0.078184,Low
2960,0,1,0.827553,High
2961,0,0,0.142208,Low
2962,0,0,0.298925,Low
2963,0,1,0.533873,Medium
2964,0,1,0.586024,Medium
2965,0,0,0.244145,Low
2966,0,0,0.218352,Low
2967,0,0,0.490006,Medium
2968,0,1,0.721124,High
2969,0,0,0.163896,Low
2970,0,1,0.55025,Medium
2971,0,0,0.129035,Low
2972,0,1,0.679169,High
2973,0,1,0.503573,Medium
2974,0,0,0.066087,Low
2975,0,0,0.201085,Low
2976,0,1,0.590453,Medium
2977,0,1,0.699189,High
2978,0,0,0.098852,Low
2979,0,0,0.015826,Low
2980,0,0,0.393595,Medium
2981,0,0,0.041421,Low
2982,0,0,0.004318,Low
2983,0,1,0.573372,Medium
2984,0,0,0.002627,Low
2985,0,0,0.246905,Low
2986,0,1,0.855574,High
2987,0,1,0.535662,Medium
2988,0,0,0.396554,Medium
2989,0,1,0.622782,High
2990,0,0,0.14007,Low
2991,0,1,0.661688,High
2992,0,1,0.515747,Medium
2993,0,0,0.181166,Low
2994,0,1,0.873793,High
2995,0,0,0.002577,Low
2996,0,1,0.572952,Medium
2997,0,0,0.018474,Low
2998,0,0,0.087139,Low
2999,0,0,0.217249,Low
3000,0,0,0.002916,Low
3001,0,1,0.677215,High
3002,0,0,0.043297,Low
3003,0,0,0.103494,Low
3004,0,0,0.276112,Low
3005,0,0,0.136846,Low
3006,0,0,0.009221,Low
3007,0,0,0.033518,Low
3008,0,0,0.4937,Medium
3009,0,0,0.261332,Low
3010,0,0,0.013141,Low
3011,0,0,0.265032,Low
3012,0,1,0.918233,High
3013,0,0,0.06771,Low
3014,0,0,0.140999,Low
3015,0,0,0.16596,Low
3016,0,0,0.189222,Low
3017,0,1,0.610321,High
3018,0,0,0.477235,Medium
3019,0,0,0.171585,Low
3020,0,0,0.353898,Medium
3021,0,1,0.839159,High
3022,0,0,0.457553,Medium
3023,0,0,0.084927,Low
3024,0,1,0.816205,High
3025,0,1,0.880661,High
3026,0,0,0.187028,Low
3027,0,0,0.011539,Low
3028,0,0,0.168718,Low
3029,0,0,0.11986,Low
3030,0,0,0.134973,Low
3031,0,0,0.081934,Low
3032,0,0,0.368138,Medium
3033,0,0,0.477323,Medium
3034,0,0,0.143038,Low
3035,0,0,0.460489,Medium
3036,0,0,0.123159,Low
3037,0,0,0.233637,Low
3038,0,0,0.060862,Low
3039,0,0,0.007293,Low
3040,0,1,0.504566,Medium
3041,0,1,0.769694,High
3042,0,0,0.004428,Low
3043,0,0,0.1962,Low
3044,0,0,0.202504,Low
3045,0,0,0.003677,Low
3046,0,1,0.89688,High
3047,0,0,0.241146,Low
3048,0,0,0.046834,Low
3049,0,0,0.061993,Low
3050,0,1,0.586451,Medium
3051,0,0,0.094689,Low
3052,0,0,0.015619,Low
3053,0,0,0.045658,Low
3054,0,0,0.166103,Low
3055,0,1,0.537969,Medium
3056,0,0,0.035729,Low
3057,0,0,0.074676,Low
3058,0,0,0.158722,Low
3059,0,0,0.06444,Low
3060,0,0,0.073337,Low
3061,0,0,0.008291,Low
3062,0,0,0.344564,Medium
3063,0,0,0.043577,Low
3064,0,0,0.360769,Medium
3065,0,0,0.143492,Low
3066,0,0,0.312594,Medium
3067,0,0,0.325005,Medium
3068,0,1,0.822821,High
3069,0,1,0.815028,High
3070,0,0,0.032966,Low
3071,0,1,0.839105,High
3072,0,1,0.70244,High
3073,0,0,0.093694,Low
3074,0,1,0.543457,Medium
3075,0,0,0.058869,Low
3076,0,0,0.070419,Low
3077,0,0,0.044487,Low
3078,0,0,0.205231,Low
3079,0,0,0.079856,Low
3080,0,0,0.225094,Low
3081,0,1,0.634111,High
3082,0,0,0.108366,Low
3083,0,0,0.202046,Low
3084,0,0,0.322261,Medium
3085,0,1,0.518645,Medium
3086,0,0,0.022851,Low
3087,0,0,0.24587,Low
3088,0,0,0.375259,Medium
3089,0,0,0.252676,Low
3090,0,0,0.047641,Low
3091,0,0,0.184849,Low
3092,0,1,0.678919,High
3093,0,1,0.877357,High
3094,0,0,0.075872,Low
3095,0,0,0.191433,Low
3096,0,1,0.628816,High
3097,0,1,0.860045,High
3098,0,0,0.10116,Low
3099,0,0,0.027503,Low
3100,0,0,0.019759,Low
3101,0,1,0.843969,High
3102,0,0,0.032053,Low
3103,0,0,0.339165,Medium
3104,0,0,0.390466,Medium
3105,0,0,0.102796,Low
3106,0,0,0.017042,Low
3107,0,0,0.097697,Low
3108,0,0,0.011709,Low
3109,0,0,0.122972,Low
3110,0,1,0.742639,High
3111,0,0,0.226968,Low
3112,0,0,0.030011,Low
3113,0,0,0.466713,Medium
3114,0,0,0.148491,Low
3115,0,0,0.003805,Low
3116,0,0,0.310162,Medium
3117,0,0,0.157629,Low
3118,0,0,0.219677,Low
3119,0,0,0.035631,Low
3120,0,0,0.036661,Low
3121,0,0,0.085543,Low
3122,0,0,0.019296,Low
3123,0,1,0.694223,High
3124,0,0,0.468143,Medium
3125,0,0,0.136192,Low
3126,0,1,0.83777,High
3127,0,0,0.140782,Low
3128,0,1,0.843006,High
3129,0,0,0.024123,Low
3130,0,0,0.308983,Medium
3131,0,0,0.208223,Low
3132,0,0,0.076906,Low
3133,0,0,0.007451,Low
3134,0,1,0.730804,High
3135,0,0,0.012232,Low
3136,0,0,0.103914,Low
3137,0,1,0.844724,High
3138,0,1,0.876221,High
3139,0,0,0.282005,Low
3140,0,0,0.024189,Low
3141,0,1,0.93374,High
3142,0,1,0.870634,High
3143,0,1,0.501303,Medium
3144,0,0,0.442173,Medium
3145,0,0,0.058956,Low
3146,0,0,0.210118,Low
3147,0,0,0.208031,Low
3148,0,0,0.49332,Medium
3149,0,0,0.037259,Low
3150,0,1,0.783602,High
3151,0,0,0.262719,Low
3152,0,0,0.045487,Low
3153,0,1,0.568344,Medium
3154,0,0,0.019475,Low
3155,0,0,0.447411,Medium
3156,0,0,0.00592,Low
3157,0,0,0.149746,Low
3158,0,0,0.02092,Low
3159,0,1,0.649073,High
3160,0,0,0.148447,Low
3161,0,0,0.167534,Low
3162,0,0,0.120021,Low
3163,0,0,0.125852,Low
3164,0,1,0.578991,Medium
3165,0,0,0.160504,Low
3166,0,0,0.030562,Low
3167,0,0,0.010394,Low
3168,0,0,0.226233,Low
3169,0,0,0.17223,Low
3170,0,0,0.027078,Low
3171,0,0,0.376298,Medium
3172,0,1,0.751957,High
3173,0,0,0.065337,Low
3174,0,0,0.445847,Medium
3175,0,0,0.163181,Low
3176,0,0,0.201386,Low
3177,0,0,0.102504,Low
3178,0,1,0.564577,Medium
3179,0,0,0.004126,Low
3180,0,0,0.372076,Medium
3181,0,0,0.255438,Low
3182,0,0,0.026316,Low
3183,0,0,0.366148,Medium
3184,0,0,0.003727,Low
3185,0,1,0.82492,High
3186,0,1,0.630388,High
3187,0,1,0.530169,Medium
3188,0,0,0.081092,Low
3189,0,1,0.583217,Medium
3190,0,0,0.026393,Low
3191,0,0,0.340171,Medium
3192,0,0,0.152819,Low
3193,0,0,0.125553,Low
3194,0,0,0.003685,Low
3195,0,0,0.069197,Low
3196,0,1,0.614167,High
3197,0,0,0.032792,Low
3198,0,0,0.082123,Low
3199,0,1,0.720747,High
3200,0,1,0.68546,High
3201,0,0,0.205694,Low
3202,0,0,0.13093,Low
3203,0,0,0.049911,Low
3204,0,0,0.031094,Low
3205,0,0,0.010725,Low
3206,0,0,0.059955,Low
3207,0,1,0.760606,High
3208,0,1,0.684266,High
3209,0,1,0.763069,High
3210,0,0,0.020528,Low
3211,0,0,0.012097,Low
3212,0,0,0.492326,Medium
3213,0,0,0.250262,Low
3214,0,0,0.16587,Low
3215,0,0,0.057356,Low
3216,0,1,0.723645,High
3217,0,0,0.002595,Low
3218,0,0,0.476853,Medium
3219,0,1,0.644326,High
3220,0,0,0.175579,Low
3221,0,0,0.084357,Low
3222,0,1,0.885194,High
3223,0,0,0.008362,Low
3224,0,1,0.520502,Medium
3225,0,1,0.607087,High
3226,0,1,0.807124,High
3227,0,1,0.666834,High
3228,0,0,0.119763,Low
3229,0,0,0.075507,Low
3230,0,0,0.369078,Medium
3231,0,0,0.00273,Low
3232,0,0,0.098764,Low
3233,0,0,0.110908,Low
3234,0,0,0.122802,Low
3235,0,0,0.004471,Low
3236,0,0,0.072581,Low
3237,0,0,0.307187,Medium
3238,0,0,0.010018,Low
3239,0,0,0.027665,Low
3240,0,0,0.003443,Low
3241,0,0,0.365117,Medium
3242,0,0,0.266859,Low
3243,0,0,0.354161,Medium
3244,0,1,0.626845,High
3245,0,0,0.141288,Low
3246,0,1,0.719678,High
3247,0,0,0.003733,Low
3248,0,1,0.756519,High
3249,0,0,0.257909,Low
3250,0,0,0.006788,Low
3251,0,0,0.041242,Low
3252,0,0,0.1003,Low
3253,0,0,0.200739,Low
3254,0,1,0.63337,High
3255,0,0,0.044334,Low
3256,0,0,0.489614,Medium
3257,0,0,0.460426,Medium
3258,0,0,0.16487,Low
3259,0,0,0.113876,Low
3260,0,0,0.12728,Low
3261,0,0,0.034478,Low
3262,0,0,0.173257,Low
3263,0,1,0.629047,High
3264,0,1,0.865773,High
3265,0,0,0.201726,Low
3266,0,1,0.657142,High
3267,0,0,0.06333,Low
3268,0,0,0.246179,Low
3269,0,1,0.682257,High
3270,0,0,0.025858,Low
3271,0,0,0.145156,Low
3272,0,0,0.075089,Low
3273,0,1,0.911807,High
3274,0,0,0.116761,Low
3275,0,0,0.123108,Low
3276,0,1,0.714725,High
3277,0,0,0.010102,Low
3278,0,0,0.205558,Low
3279,0,1,0.541645,Medium
3280,0,0,0.026394,Low
3281,0,0,0.083896,Low
3282,0,0,0.412531,Medium
3283,0,1,0.711287,High
3284,0,0,0.316684,Medium
3285,0,0,0.064477,Low
3286,0,0,0.284212,Low
3287,0,0,0.280286,Low
3288,0,0,0.08214,Low
3289,0,0,0.244259,Low
3290,0,0,0.007645,Low
3291,0,0,0.422735,Medium
3292,0,0,0.080972,Low
3293,0,1,0.708363,High
3294,0,1,0.549082,Medium
3295,0,0,0.459798,Medium
3296,0,0,0.485698,Medium
3297,0,0,0.156449,Low
3298,0,0,0.053597,Low
3299,0,0,0.106611,Low
3300,0,0,0.019969,Low
3301,0,0,0.481061,Medium
3302,0,0,0.214147,Low
3303,0,0,0.074852,Low
3304,0,1,0.739785,High
3305,0,0,0.020505,Low
3306,0,1,0.771103,High
3307,0,0,0.002701,Low
3308,0,0,0.293258,Low
3309,0,0,0.196667,Low
3310,0,0,0.044996,Low
3311,0,0,0.461429,Medium
3312,0,0,0.363103,Medium
3313,0,0,0.395648,Medium
3314,0,0,0.120215,Low
3315,0,0,0.311096,Medium
3316,0,1,0.657325,High
3317,0,0,0.364297,Medium
3318,0,0,0.179117,Low
3319,0,0,0.140758,Low
3320,0,0,0.494656,Medium
3321,0,1,0.764011,High
3322,0,0,0.074311,Low
3323,0,0,0.419796,Medium
3324,0,0,0.473619,Medium
3325,0,0,0.085026,Low
3326,0,0,0.129664,Low
3327,0,0,0.434683,Medium
3328,0,0,0.073076,Low
3329,0,0,0.052896,Low
3330,0,1,0.764378,High
3331,0,0,0.041944,Low
3332,0,0,0.008207,Low
3333,0,1,0.889997,High
3334,0,0,0.068754,Low
3335,0,0,0.349984,Medium
3336,0,0,0.042861,Low
3337,0,0,0.15006,Low
3338,0,0,0.297052,Low
3339,0,1,0.747839,High
3340,0,0,0.112181,Low
3341,0,0,0.046799,Low
3342,0,0,0.060626,Low
3343,0,1,0.772793,High
3344,0,0,0.456155,Medium
3345,0,0,0.05543,Low
3346,0,0,0.059837,Low
3347,0,0,0.118457,Low
3348,0,0,0.069841,Low
3349,0,0,0.094775,Low
3350,0,0,0.186311,Low
3351,0,0,0.0332,Low
3352,0,0,0.2266,Low
3353,0,0,0.04282,Low
3354,0,1,0.740352,High
3355,0,1,0.634891,High
3356,0,0,0.04986,Low
3357,0,0,0.280016,Low
3358,0,0,0.134475,Low
3359,0,0,0.063319,Low
3360,0,0,0.218578,Low
3361,0,0,0.494583,Medium
3362,0,0,0.137217,Low
3363,0,0,0.087265,Low
3364,0,1,0.910252,High
3365,0,1,0.883774,High
3366,0,0,0.057187,Low
3367,0,0,0.079687,Low
3368,0,0,0.294897,Low
3369,0,1,0.674807,High
3370,0,0,0.166992,Low
3371,0,0,0.171147,Low
3372,0,0,0.45613,Medium
3373,0,1,0.742235,High
3374,0,0,0.47796,Medium
3375,0,0,0.039614,Low
3376,0,0,0.003667,Low
3377,0,1,0.664592,High
3378,0,1,0.613194,High
3379,0,0,0.431627,Medium
3380,0,0,0.04577,Low
3381,0,0,0.419274,Medium
3382,0,0,0.070668,Low
3383,0,0,0.020973,Low
3384,0,0,0.196802,Low
3385,0,0,0.094845,Low
3386,0,1,0.683398,High
3387,0,0,0.008028,Low
3388,0,1,0.55646,Medium
3389,0,0,0.471441,Medium
3390,0,0,0.03253,Low
3391,0,0,0.056801,Low
3392,0,0,0.257073,Low
3393,0,1,0.732258,High
3394,0,0,0.217433,Low
3395,0,0,0.280564,Low
3396,0,0,0.248157,Low
3397,0,0,0.090534,Low
3398,0,0,0.311211,Medium
3399,0,0,0.074827,Low
3400,0,0,0.219586,Low
3401,0,0,0.0432,Low
3402,0,0,0.097464,Low
3403,0,0,0.003844,Low
3404,0,0,0.041425,Low
3405,0,0,0.141896,Low
3406,0,0,0.23627,Low
3407,0,1,0.902248,High
3408,0,1,0.839599,High
3409,0,1,0.579332,Medium
3410,0,0,0.435547,Medium
3411,0,0,0.339567,Medium
3412,0,1,0.888367,High
3413,0,0,0.111597,Low
3414,0,1,0.784984,High
3415,0,0,0.224703,Low
3416,0,0,0.038406,Low
3417,0,0,0.470637,Medium
3418,0,0,0.011606,Low
3419,0,0,0.166848,Low
3420,0,0,0.198801,Low
3421,0,0,0.241188,Low
3422,0,0,0.186432,Low
3423,0,0,0.057351,Low
3424,0,0,0.450843,Medium
3425,0,0,0.079359,Low
3426,0,0,0.005477,Low
3427,0,0,0.484042,Medium
3428,0,0,0.465955,Medium
3429,0,1,0.677969,High
3430,0,0,0.120926,Low
3431,0,1,0.698824,High
3432,0,0,0.121504,Low
3433,0,0,0.098232,Low
3434,0,0,0.139664,Low
3435,0,0,0.486029,Medium
3436,0,1,0.539695,Medium
3437,0,0,0.46258,Medium
3438,0,0,0.02944,Low
3439,0,0,0.049,Low
3440,0,1,0.812624,High
3441,0,0,0.084314,Low
3442,0,0,0.213427,Low
3443,0,0,0.282251,Low
3444,0,1,0.65618,High
3445,0,1,0.794461,High
3446,0,0,0.346669,Medium
3447,0,0,0.238432,Low
3448,0,0,0.150197,Low
3449,0,1,0.611854,High
3450,0,1,0.803197,High
3451,0,0,0.019725,Low
3452,0,1,0.808021,High
3453,0,1,0.719524,High
3454,0,0,0.010812,Low
3455,0,1,0.574776,Medium
3456,0,0,0.138264,Low
3457,0,0,0.066539,Low
3458,0,0,0.057617,Low
3459,0,1,0.684058,High
3460,0,0,0.026735,Low
3461,0,0,0.141133,Low
3462,0,0,0.357308,Medium
3463,0,0,0.067263,Low
3464,0,0,0.205354,Low
3465,0,1,0.725933,High
3466,0,1,0.651208,High
3467,0,1,0.844469,High
3468,0,0,0.097764,Low
3469,0,0,0.004253,Low
3470,0,0,0.170776,Low
3471,0,0,0.021713,Low
3472,0,0,0.175669,Low
3473,0,0,0.132979,Low
3474,0,0,0.253346,Low
3475,0,0,0.100933,Low
3476,0,1,0.611096,High
3477,0,0,0.005763,Low
3478,0,0,0.246879,Low
3479,0,0,0.446105,Medium
3480,0,0,0.004074,Low
3481,0,0,0.061917,Low
3482,0,0,0.087168,Low
3483,0,0,0.056707,Low
3484,0,0,0.156189,Low
3485,0,0,0.077238,Low
3486,0,0,0.272576,Low
3487,0,0,0.351811,Medium
3488,0,0,0.008261,Low
3489,0,0,0.300329,Medium
3490,0,0,0.140771,Low
3491,0,0,0.081202,Low
3492,0,1,0.605869,High
3493,0,1,0.529995,Medium
3494,0,0,0.17424,Low
3495,0,1,0.568167,Medium
3496,0,0,0.155243,Low
3497,0,0,0.02151,Low
3498,0,0,0.06294,Low
3499,0,1,0.554118,Medium
3500,0,0,0.064417,Low
3501,0,0,0.060888,Low
3502,0,1,0.765016,High
3503,0,0,0.057708,Low
3504,0,0,0.021713,Low
3505,0,0,0.444088,Medium
3506,0,0,0.390508,Medium
3507,0,0,0.14854,Low
3508,0,0,0.071309,Low
3509,0,0,0.245637,Low
3510,0,1,0.857366,High
3511,0,0,0.007472,Low
3512,0,0,0.008001,Low
3513,0,0,0.241897,Low
3514,0,0,0.126018,Low
3515,0,0,0.217054,Low
3516,0,1,0.871195,High
3517,0,0,0.422452,Medium
3518,0,1,0.878232,High
3519,0,0,0.03758,Low
3520,0,0,0.086786,Low
3521,0,0,0.008221,Low
3522,0,0,0.10394,Low
3523,0,1,0.738713,High
3524,0,0,0.180538,Low
3525,0,0,0.024368,Low
3526,0,0,0.134427,Low
3527,0,1,0.662519,High
3528,0,0,0.109457,Low
3529,0,1,0.7976,High
3530,0,0,0.035746,Low
3531,0,0,0.033747,Low
3532,0,0,0.129069,Low
3533,0,0,0.232791,Low
3534,0,0,0.13321,Low
3535,0,0,0.136864,Low
3536,0,0,0.079495,Low
3537,0,0,0.074645,Low
3538,0,0,0.389609,Medium
3539,0,0,0.158633,Low
3540,0,0,0.438356,Medium
3541,0,0,0.203437,Low
3542,0,0,0.032473,Low
3543,0,1,0.741136,High
3544,0,0,0.389193,Medium
3545,0,0,0.093934,Low
3546,0,1,0.698921,High
3547,0,1,0.671855,High
3548,0,0,0.019873,Low
3549,0,1,0.88635,High
3550,0,0,0.214253,Low
3551,0,1,0.719164,High
3552,0,1,0.875683,High
3553,0,0,0.051764,Low
3554,0,0,0.080088,Low
3555,0,0,0.058786,Low
3556,0,1,0.721204,High
3557,0,0,0.046981,Low
3558,0,0,0.030817,Low
3559,0,1,0.896373,High
3560,0,0,0.095682,Low
3561,0,0,0.326393,Medium
3562,0,0,0.466878,Medium
3563,0,1,0.864888,High
3564,0,0,0.385331,Medium
3565,0,0,0.086481,Low
3566,0,0,0.17839,Low
3567,0,0,0.060119,Low
3568,0,0,0.300804,Medium
3569,0,0,0.124295,Low
3570,0,0,0.20586,Low
3571,0,0,0.072383,Low
3572,0,0,0.361903,Medium
3573,0,0,0.459322,Medium
3574,0,0,0.009083,Low
3575,0,0,0.028073,Low
3576,0,1,0.651079,High
3577,0,0,0.092167,Low
3578,0,1,0.547544,Medium
3579,0,0,0.003967,Low
3580,0,0,0.253689,Low
3581,0,0,0.311879,Medium
3582,0,1,0.74455,High
3583,0,1,0.757003,High
3584,0,0,0.299438,Low
3585,0,0,0.217378,Low
3586,0,0,0.215487,Low
3587,0,0,0.16674,Low
3588,0,0,0.045158,Low
3589,0,1,0.843679,High
3590,0,1,0.625837,High
3591,0,0,0.002594,Low
3592,0,0,0.045264,Low
3593,0,0,0.164871,Low
3594,0,1,0.598446,Medium
3595,0,1,0.793588,High
3596,0,0,0.156684,Low
3597,0,0,0.168663,Low
3598,0,0,0.056923,Low
3599,0,0,0.258471,Low
3600,0,0,0.05025,Low
3601,0,0,0.020211,Low
3602,0,1,0.917138,High
3603,0,0,0.026547,Low
3604,0,0,0.458582,Medium
3605,0,1,0.892833,High
3606,0,0,0.02251,Low
3607,0,0,0.007947,Low
3608,0,0,0.281511,Low
3609,0,0,0.128361,Low
3610,0,0,0.05793,Low
3611,0,0,0.450997,Medium
3612,0,0,0.00357,Low
3613,0,0,0.15145,Low
3614,0,1,0.760406,High
3615,0,1,0.809376,High
3616,0,1,0.644012,High
3617,0,0,0.196645,Low
3618,0,0,0.11397,Low
3619,0,0,0.218176,Low
3620,0,1,0.632337,High
3621,0,0,0.012717,Low
3622,0,0,0.020035,Low
3623,0,0,0.483721,Medium
3624,0,0,0.175117,Low
3625,0,0,0.405887,Medium
3626,0,0,0.058276,Low
3627,0,0,0.243361,Low
3628,0,0,0.150974,Low
3629,0,0,0.154198,Low
3630,0,0,0.30658,Medium
3631,0,1,0.713287,High
3632,0,0,0.411378,Medium
3633,0,0,0.091171,Low
3634,0,1,0.894035,High
3635,0,1,0.801235,High
3636,0,0,0.040993,Low
3637,0,0,0.20407,Low
3638,0,1,0.822767,High
3639,0,1,0.75239,High
3640,0,0,0.265935,Low
3641,0,1,0.708114,High
3642,0,0,0.426548,Medium
3643,0,1,0.564588,Medium
3644,0,1,0.869732,High
3645,0,0,0.346663,Medium
3646,0,0,0.254544,Low
3647,0,0,0.149417,Low
3648,0,0,0.124359,Low
3649,0,0,0.152005,Low
3650,0,0,0.00734,Low
3651,0,0,0.120557,Low
3652,0,1,0.606223,High
3653,0,0,0.02302,Low
3654,0,0,0.054162,Low
3655,0,0,0.141925,Low
3656,0,1,0.649648,High
3657,0,1,0.628254,High
3658,0,1,0.664277,High
3659,0,0,0.181341,Low
3660,0,0,0.409938,Medium
3661,0,0,0.302159,Medium
3662,0,1,0.883872,High
3663,0,0,0.124366,Low
3664,0,0,0.246233,Low
3665,0,1,0.612968,High
3666,0,0,0.25747,Low
3667,0,0,0.08595,Low
3668,0,0,0.100067,Low
3669,0,0,0.353747,Medium
3670,0,0,0.203925,Low
3671,0,0,0.202681,Low
3672,0,1,0.509734,Medium
3673,0,1,0.501504,Medium
3674,0,0,0.133484,Low
3675,0,0,0.05936,Low
3676,0,1,0.872165,High
3677,0,0,0.039608,Low
3678,0,0,0.206791,Low
3679,0,1,0.846962,High
3680,0,0,0.404759,Medium
3681,0,0,0.055365,Low
3682,0,1,0.907139,High
3683,0,0,0.016648,Low
3684,0,0,0.009816,Low
3685,0,0,0.477033,Medium
3686,0,0,0.332011,Medium
3687,0,0,0.453419,Medium
3688,0,0,0.006877,Low
3689,0,0,0.022465,Low
3690,0,0,0.263405,Low
3691,0,1,0.912227,High
3692,0,0,0.0047,Low
3693,0,0,0.238444,Low
3694,0,0,0.09208,Low
3695,0,0,0.026866,Low
3696,0,0,0.031956,Low
3697,0,0,0.18861,Low
3698,0,1,0.720662,High
3699,0,0,0.117001,Low
3700,0,0,0.074549,Low
3701,0,1,0.839324,High
3702,0,1,0.681787,High
3703,0,0,0.017986,Low
3704,0,0,0.026436,Low
3705,0,1,0.802816,High
3706,0,0,0.160083,Low
3707,0,0,0.250845,Low
3708,0,0,0.217244,Low
3709,0,0,0.039764,Low
3710,0,0,0.077413,Low
3711,0,0,0.133242,Low
3712,0,1,0.923505,High
3713,0,0,0.100481,Low
3714,0,0,0.046143,Low
3715,0,1,0.537915,Medium
3716,0,0,0.400392,Medium
3717,0,0,0.030923,Low
3718,0,0,0.048615,Low
3719,0,0,0.003243,Low
3720,0,0,0.030663,Low
3721,0,0,0.014088,Low
3722,0,0,0.026241,Low
3723,0,0,0.019524,Low
3724,0,0,0.030447,Low
3725,0,0,0.18836,Low
3726,0,0,0.023172,Low
3727,0,0,0.414438,Medium
3728,0,0,0.26576,Low
3729,0,0,0.006218,Low
3730,0,0,0.17925,Low
3731,0,1,0.782133,High
3732,0,1,0.932593,High
3733,0,0,0.02641,Low
3734,0,0,0.084533,Low
3735,0,0,0.005541,Low
3736,0,0,0.002009,Low
3737,0,0,0.038396,Low
3738,0,1,0.858762,High
3739,0,0,0.023963,Low
3740,0,0,0.427871,Medium
3741,0,0,0.016466,Low
3742,0,0,0.294337,Low
3743,0,0,0.086682,Low
3744,0,0,0.123727,Low
3745,0,0,0.050777,Low
3746,0,0,0.004425,Low
3747,0,0,0.171099,Low
3748,0,0,0.020715,Low
3749,0,0,0.071082,Low
3750,0,0,0.452144,Medium
3751,0,0,0.027242,Low
3752,0,0,0.424909,Medium
3753,0,0,0.049568,Low
3754,0,1,0.836457,High
3755,0,0,0.478867,Medium
3756,0,0,0.005355,Low
3757,0,0,0.353107,Medium
3758,0,0,0.092943,Low
3759,0,1,0.516779,Medium
3760,0,1,0.503809,Medium
3761,0,1,0.686467,High
3762,0,1,0.590653,Medium
3763,0,1,0.681603,High
3764,0,0,0.070608,Low
3765,0,0,0.240999,Low
3766,0,0,0.039947,Low
3767,0,0,0.017542,Low
3768,0,0,0.028876,Low
3769,0,0,0.014378,Low
3770,0,0,0.018846,Low
3771,0,0,0.017157,Low
3772,0,0,0.093579,Low
3773,0,0,0.017398,Low
3774,0,0,0.127115,Low
3775,0,0,0.200957,Low
3776,0,0,0.018921,Low
3777,0,0,0.405018,Medium
3778,0,0,0.364109,Medium
3779,0,1,0.683927,High
3780,0,0,0.039224,Low
3781,0,0,0.240524,Low
3782,0,0,0.033369,Low
3783,0,0,0.037658,Low
3784,0,0,0.017957,Low
3785,0,1,0.555246,Medium
3786,0,1,0.675012,High
3787,0,0,0.386183,Medium
3788,0,0,0.407952,Medium
3789,0,0,0.003561,Low
3790,0,0,0.243618,Low
3791,0,0,0.087754,Low
3792,0,0,0.11149,Low
3793,0,0,0.444718,Medium
3794,0,1,0.846658,High
3795,0,0,0.031626,Low
3796,0,1,0.828991,High
3797,0,0,0.039741,Low
3798,0,0,0.161988,Low
3799,0,0,0.197169,Low
3800,0,1,0.709065,High
3801,0,0,0.088102,Low
3802,0,1,0.649679,High
3803,0,0,0.20792,Low
3804,0,0,0.058298,Low
3805,0,0,0.031561,Low
3806,0,0,0.457223,Medium
3807,0,0,0.060978,Low
3808,0,0,0.138756,Low
3809,0,0,0.409436,Medium
3810,0,0,0.182056,Low
3811,0,0,0.439927,Medium
3812,0,0,0.153059,Low
3813,0,0,0.039316,Low
3814,0,1,0.784905,High
3815,0,0,0.146116,Low
3816,0,0,0.087666,Low
3817,0,0,0.330002,Medium
3818,0,0,0.020776,Low
3819,0,0,0.23685,Low
3820,0,0,0.018967,Low
3821,0,1,0.563821,Medium
3822,0,0,0.490067,Medium
3823,0,0,0.431134,Medium
3824,0,0,0.061635,Low
3825,0,1,0.559422,Medium
3826,0,0,0.367894,Medium
3827,0,0,0.021381,Low
3828,0,1,0.633515,High
3829,0,1,0.744638,High
3830,0,0,0.010666,Low
3831,0,0,0.154265,Low
3832,0,0,0.478182,Medium
3833,0,0,0.019692,Low
3834,0,0,0.05692,Low
3835,0,0,0.113008,Low
3836,0,0,0.043303,Low
3837,0,0,0.448523,Medium
3838,0,0,0.103492,Low
3839,0,1,0.502146,Medium
3840,0,0,0.011537,Low
3841,0,0,0.122243,Low
3842,0,0,0.162914,Low
3843,0,0,0.495888,Medium
3844,0,0,0.07869,Low
3845,0,0,0.496298,Medium
3846,0,0,0.008068,Low
3847,0,0,0.091491,Low
3848,0,0,0.090272,Low
3849,0,0,0.009201,Low
3850,0,0,0.063495,Low
3851,0,0,0.338343,Medium
3852,0,0,0.118998,Low
3853,0,1,0.531517,Medium
3854,0,0,0.214205,Low
3855,0,0,0.363595,Medium
3856,0,0,0.382969,Medium
3857,0,0,0.009333,Low
3858,0,0,0.14879,Low
3859,0,0,0.175678,Low
3860,0,0,0.03486,Low
3861,0,0,0.060762,Low
3862,0,0,0.480758,Medium
3863,0,1,0.661104,High
3864,0,0,0.435341,Medium
3865,0,0,0.008639,Low
3866,0,1,0.70133,High
3867,0,0,0.039999,Low
3868,0,0,0.016833,Low
3869,0,1,0.686248,High
3870,0,0,0.109488,Low
3871,0,1,0.67273,High
3872,0,1,0.563975,Medium
3873,0,0,0.181921,Low
3874,0,0,0.183616,Low
3875,0,1,0.500569,Medium
3876,0,0,0.012227,Low
3877,0,0,0.040497,Low
3878,0,0,0.023802,Low
3879,0,0,0.011412,Low
3880,0,0,0.178836,Low
3881,0,0,0.008278,Low
3882,0,1,0.792583,High
3883,0,0,0.009684,Low
3884,0,0,0.314838,Medium
3885,0,0,0.419095,Medium
3886,0,0,0.436574,Medium
3887,0,0,0.127361,Low
3888,0,1,0.843296,High
3889,0,0,0.409628,Medium
3890,0,1,0.578464,Medium
3891,0,1,0.626932,High
3892,0,0,0.380049,Medium
3893,0,0,0.020302,Low
3894,0,0,0.384726,Medium
3895,0,0,0.025768,Low
3896,0,0,0.193922,Low
3897,0,0,0.280163,Low
3898,0,0,0.011288,Low
3899,0,1,0.52637,Medium
3900,0,0,0.107964,Low
3901,0,0,0.238695,Low
3902,0,0,0.324208,Medium
3903,0,1,0.660098,High
3904,0,0,0.147225,Low
3905,0,0,0.052868,Low
3906,0,0,0.45524,Medium
3907,0,0,0.43211,Medium
3908,0,0,0.107494,Low
3909,0,0,0.231926,Low
3910,0,0,0.087841,Low
3911,0,0,0.105944,Low
3912,0,1,0.729952,High
3913,0,0,0.462129,Medium
3914,0,0,0.156305,Low
3915,0,0,0.146654,Low
3916,0,0,0.226414,Low
3917,0,0,0.01038,Low
3918,0,1,0.576943,Medium
3919,0,1,0.563562,Medium
3920,0,0,0.418575,Medium
3921,0,1,0.562191,Medium
3922,0,1,0.794218,High
3923,0,0,0.039463,Low
3924,0,1,0.665267,High
3925,0,0,0.319963,Medium
3926,0,0,0.033203,Low
3927,0,0,0.00452,Low
3928,0,0,0.048272,Low
3929,0,1,0.743146,High
3930,0,0,0.068898,Low
3931,0,0,0.435522,Medium
3932,0,1,0.844413,High
3933,0,0,0.250469,Low
3934,0,1,0.568426,Medium
3935,0,0,0.007802,Low
3936,0,0,0.075163,Low
3937,0,0,0.14113,Low
3938,0,0,0.030055,Low
3939,0,0,0.028467,Low
3940,0,0,0.126464,Low
3941,0,0,0.04124,Low
3942,0,1,0.581608,Medium
3943,0,0,0.403953,Medium
3944,0,0,0.161446,Low
3945,0,0,0.009047,Low
3946,0,0,0.018213,Low
3947,0,0,0.012426,Low
3948,0,0,0.257271,Low
3949,0,0,0.030452,Low
3950,0,1,0.542861,Medium
3951,0,0,0.051763,Low
3952,0,0,0.043989,Low
3953,0,0,0.020343,Low
3954,0,0,0.375447,Medium
3955,0,0,0.361352,Medium
3956,0,1,0.734809,High
3957,0,0,0.091694,Low
3958,0,0,0.027287,Low
3959,0,0,0.187805,Low
3960,0,0,0.025902,Low
3961,0,0,0.01887,Low
3962,0,0,0.090125,Low
3963,0,1,0.668666,High
3964,0,0,0.029196,Low
3965,0,0,0.006833,Low
3966,0,0,0.192261,Low
3967,0,1,0.785113,High
3968,0,1,0.727435,High
3969,0,0,0.006124,Low
3970,0,1,0.795199,High
3971,0,1,0.761156,High
3972,0,1,0.650194,High
3973,0,0,0.054663,Low
3974,0,0,0.402506,Medium
3975,0,1,0.709204,High
3976,0,0,0.025685,Low
3977,0,0,0.061929,Low
3978,0,0,0.333838,Medium
3979,0,0,0.111301,Low
3980,0,0,0.008401,Low
3981,0,1,0.807816,High
3982,0,0,0.01322,Low
3983,0,1,0.566964,Medium
3984,0,0,0.092909,Low
3985,0,1,0.636224,High
3986,0,1,0.697986,High
3987,0,1,0.639132,High
3988,0,0,0.043816,Low
3989,0,1,0.859669,High
3990,0,0,0.085109,Low
3991,0,1,0.697104,High
3992,0,0,0.247097,Low
3993,0,0,0.01184,Low
3994,0,0,0.015597,Low
3995,0,0,0.131685,Low
3996,0,1,0.733322,High
3997,0,1,0.845748,High
3998,0,0,0.275509,Low
3999,0,1,0.805225,High
4000,0,0,0.005097,Low
4001,0,0,0.020284,Low
4002,0,0,0.189207,Low
4003,0,0,0.448585,Medium
4004,0,0,0.039848,Low
4005,0,0,0.484042,Medium
4006,0,0,0.103365,Low
4007,0,0,0.185348,Low
4008,0,0,0.029004,Low
4009,0,0,0.300333,Medium
4010,0,0,0.033153,Low
4011,0,0,0.048499,Low
4012,0,1,0.818179,High
4013,0,0,0.312657,Medium
4014,0,0,0.421953,Medium
4015,0,0,0.34364,Medium
4016,0,0,0.098226,Low
4017,0,0,0.015131,Low
4018,0,1,0.808057,High
4019,0,0,0.071983,Low
4020,0,0,0.326185,Medium
4021,0,0,0.01829,Low
4022,0,0,0.30614,Medium
4023,0,0,0.004066,Low
4024,0,1,0.882384,High
4025,0,0,0.153397,Low
4026,0,0,0.051411,Low
4027,0,0,0.388183,Medium
4028,0,0,0.121868,Low
4029,0,0,0.251532,Low
4030,0,1,0.870452,High
4031,0,0,0.021842,Low
4032,0,0,0.034353,Low
4033,0,0,0.01525,Low
4034,0,0,0.406136,Medium
4035,0,0,0.331621,Medium
4036,0,0,0.005826,Low
4037,0,0,0.133993,Low
4038,0,0,0.055624,Low
4039,0,1,0.765806,High
4040,0,0,0.177746,Low
4041,0,0,0.310044,Medium
4042,0,0,0.162955,Low
4043,0,0,0.025188,Low
4044,0,0,0.055844,Low
4045,0,1,0.673611,High
4046,0,1,0.719413,High
4047,0,0,0.217401,Low
4048,0,0,0.236161,Low
4049,0,0,0.0768,Low
4050,0,1,0.54221,Medium
4051,0,0,0.33468,Medium
4052,0,0,0.068587,Low
4053,0,1,0.648153,High
4054,0,1,0.881412,High
4055,0,0,0.432761,Medium
4056,0,0,0.279501,Low
4057,0,1,0.582382,Medium
4058,0,0,0.035341,Low
4059,0,0,0.319869,Medium
4060,0,1,0.789558,High
4061,0,0,0.227141,Low
4062,0,1,0.833619,High
4063,0,0,0.059757,Low
4064,0,0,0.016423,Low
4065,0,0,0.017169,Low
4066,0,1,0.641932,High
4067,0,0,0.087411,Low
4068,0,1,0.570161,Medium
4069,0,1,0.53336,Medium
4070,0,0,0.115049,Low
4071,0,0,0.01277,Low
4072,0,0,0.010671,Low
4073,0,0,0.01507,Low
4074,0,0,0.013125,Low
4075,0,0,0.163657,Low
4076,0,0,0.329456,Medium
4077,0,0,0.048801,Low
4078,0,0,0.01079,Low
4079,0,0,0.250004,Low
4080,0,0,0.222521,Low
4081,0,1,0.58965,Medium
4082,0,1,0.625246,High
4083,0,0,0.062696,Low
4084,0,0,0.054605,Low
4085,0,1,0.754056,High
4086,0,0,0.469098,Medium
4087,0,1,0.854853,High
4088,0,0,0.076772,Low
4089,0,0,0.423923,Medium
4090,0,0,0.218074,Low
4091,0,0,0.282822,Low
4092,0,0,0.149037,Low
4093,0,1,0.636643,High
4094,0,0,0.244339,Low
4095,0,0,0.022459,Low
4096,0,0,0.01376,Low
4097,0,0,0.411598,Medium
4098,0,1,0.783105,High
4099,0,0,0.020405,Low
4100,0,0,0.067184,Low
4101,0,0,0.016807,Low
4102,0,0,0.037903,Low
4103,0,0,0.457138,Medium
4104,0,0,0.479671,Medium
4105,0,0,0.012585,Low
4106,0,0,0.13612,Low
4107,0,0,0.005193,Low
4108,0,1,0.508496,Medium
4109,0,0,0.048238,Low
4110,0,0,0.219494,Low
4111,0,1,0.758183,High
4112,0,0,0.116075,Low
4113,0,0,0.068242,Low
4114,0,0,0.495296,Medium
4115,0,0,0.088223,Low
4116,0,0,0.373857,Medium
4117,0,0,0.255017,Low
4118,0,0,0.470622,Medium
4119,0,1,0.692844,High
4120,0,0,0.01294,Low
4121,0,0,0.429924,Medium
4122,0,0,0.066899,Low
4123,0,0,0.09965,Low
4124,0,0,0.022711,Low
4125,0,0,0.031444,Low
4126,0,0,0.008234,Low
4127,0,0,0.479916,Medium
4128,0,1,0.504259,Medium
4129,0,1,0.787247,High
4130,0,1,0.698542,High
4131,0,1,0.755296,High
4132,0,1,0.878486,High
4133,0,0,0.400145,Medium
4134,0,0,0.494531,Medium
4135,0,1,0.637034,High
4136,0,0,0.036994,Low
4137,0,0,0.045543,Low
4138,0,0,0.101959,Low
4139,0,0,0.110599,Low
4140,0,0,0.479302,Medium
4141,0,0,0.048094,Low
4142,0,1,0.793295,High
4143,0,0,0.090284,Low
4144,0,0,0.012502,Low
4145,0,0,0.203436,Low
4146,0,1,0.680689,High
4147,0,0,0.022202,Low
4148,0,0,0.04886,Low
4149,0,0,0.18418,Low
4150,0,0,0.036946,Low
4151,0,0,0.217728,Low
4152,0,1,0.827305,High
4153,0,0,0.081664,Low
4154,0,0,0.163248,Low
4155,0,0,0.127116,Low
4156,0,1,0.636029,High
4157,0,0,0.396667,Medium
4158,0,1,0.897777,High
4159,0,0,0.248169,Low
4160,0,0,0.018175,Low
4161,0,0,0.20463,Low
4162,0,0,0.106437,Low
4163,0,0,0.02754,Low
4164,0,0,0.492989,Medium
4165,0,0,0.152912,Low
4166,0,1,0.836879,High
4167,0,1,0.630579,High
4168,0,0,0.351909,Medium
4169,0,0,0.16905,Low
4170,0,0,0.048711,Low
4171,0,0,0.025342,Low
4172,0,0,0.007768,Low
4173,0,1,0.669135,High
4174,0,0,0.009817,Low
4175,0,0,0.470775,Medium
4176,0,0,0.110787,Low
4177,0,0,0.124252,Low
4178,0,0,0.402133,Medium
4179,0,0,0.256447,Low
4180,0,0,0.047437,Low
4181,0,1,0.817534,High
4182,0,0,0.13296,Low
4183,0,0,0.038937,Low
4184,0,0,0.197167,Low
4185,0,1,0.638008,High
4186,0,0,0.263754,Low
4187,0,0,0.455647,Medium
4188,0,1,0.720246,High
4189,0,0,0.308235,Medium
4190,0,1,0.607364,High
4191,0,1,0.638604,High
4192,0,0,0.255523,Low
4193,0,0,0.383945,Medium
4194,0,0,0.376493,Medium
4195,0,1,0.830551,High
4196,0,0,0.021164,Low
4197,0,0,0.20103,Low
4198,0,1,0.943823,High
4199,0,0,0.006821,Low
4200,0,0,0.140657,Low
4201,0,1,0.646191,High
4202,0,1,0.659423,High
4203,0,1,0.725195,High
4204,0,0,0.032038,Low
4205,0,0,0.379618,Medium
4206,0,0,0.060491,Low
4207,0,0,0.069806,Low
4208,0,0,0.043938,Low
4209,0,1,0.608282,High
4210,0,0,0.056135,Low
4211,0,0,0.164093,Low
4212,0,0,0.334575,Medium
4213,0,0,0.038615,Low
4214,0,0,0.012718,Low
4215,0,0,0.060608,Low
4216,0,0,0.471892,Medium
4217,0,0,0.078892,Low
4218,0,0,0.270166,Low
4219,0,0,0.084655,Low
4220,0,0,0.003994,Low
4221,0,0,0.352342,Medium
4222,0,0,0.08696,Low
4223,0,0,0.017463,Low
4224,0,1,0.759413,High
4225,0,0,0.01937,Low
4226,0,0,0.027182,Low
4227,0,1,0.768721,High
4228,0,0,0.182115,Low
4229,0,1,0.627305,High
4230,0,0,0.014449,Low
4231,0,0,0.124956,Low
4232,0,1,0.802079,High
4233,0,0,0.059843,Low
4234,0,0,0.0166,Low
4235,0,0,0.047946,Low
4236,0,0,0.448686,Medium
4237,0,0,0.481207,Medium
4238,0,0,0.275247,Low
4239,0,0,0.024226,Low
4240,0,0,0.103714,Low
4241,0,1,0.618188,High
4242,0,0,0.039812,Low
4243,0,0,0.392159,Medium
4244,0,1,0.696162,High
4245,0,1,0.556512,Medium
4246,0,0,0.165691,Low
4247,0,0,0.019236,Low
4248,0,0,0.044694,Low
4249,0,1,0.767264,High
4250,0,1,0.639778,High
4251,0,1,0.774223,High
4252,0,1,0.565166,Medium
4253,0,0,0.436588,Medium
4254,0,0,0.455905,Medium
4255,0,0,0.264134,Low
4256,0,0,0.004395,Low
4257,0,0,0.427103,Medium
4258,0,0,0.036577,Low
4259,0,1,0.874755,High
4260,0,0,0.014239,Low
4261,0,0,0.069265,Low
4262,0,0,0.494321,Medium
4263,0,0,0.004479,Low
4264,0,0,0.010692,Low
4265,0,0,0.428228,Medium
4266,0,0,0.01878,Low
4267,0,1,0.666643,High
4268,0,1,0.632527,High
4269,0,0,0.162998,Low
4270,0,0,0.366667,Medium
4271,0,0,0.239412,Low
4272,0,0,0.100124,Low
4273,0,0,0.355344,Medium
4274,0,1,0.79844,High
4275,0,0,0.13723,Low
4276,0,0,0.026998,Low
4277,0,1,0.784401,High
4278,0,1,0.84484,High
4279,0,1,0.773803,High
4280,0,0,0.013388,Low
4281,0,0,0.090614,Low
4282,0,0,0.480153,Medium
4283,0,0,0.002629,Low
4284,0,0,0.01632,Low
4285,0,0,0.120412,Low
4286,0,0,0.036019,Low
4287,0,1,0.900755,High
4288,0,1,0.629961,High
4289,0,0,0.082854,Low
4290,0,0,0.04454,Low
4291,0,0,0.022004,Low
4292,0,0,0.03922,Low
4293,0,0,0.042205,Low
4294,0,0,0.371852,Medium
4295,0,0,0.470028,Medium
4296,0,0,0.009177,Low
4297,0,1,0.72383,High
4298,0,0,0.046639,Low
4299,0,0,0.019319,Low
4300,0,0,0.289984,Low
4301,0,1,0.682053,High
4302,0,0,0.100567,Low
4303,0,1,0.84621,High
4304,0,1,0.81834,High
4305,0,0,0.008918,Low
4306,0,0,0.412822,Medium
4307,0,0,0.114907,Low
4308,0,0,0.463947,Medium
4309,0,0,0.315155,Medium
4310,0,0,0.024502,Low
4311,0,0,0.289453,Low
4312,0,1,0.756421,High
4313,0,1,0.512947,Medium
4314,0,0,0.029876,Low
4315,0,0,0.106312,Low
4316,0,0,0.083689,Low
4317,0,0,0.368553,Medium
4318,0,0,0.485036,Medium
4319,0,0,0.492326,Medium
4320,0,0,0.33635,Medium
4321,0,0,0.453188,Medium
4322,0,0,0.274258,Low
4323,0,0,0.080923,Low
4324,0,1,0.526657,Medium
4325,0,0,0.026822,Low
4326,0,0,0.045511,Low
4327,0,1,0.820352,High
4328,0,0,0.39986,Medium
4329,0,1,0.869402,High
4330,0,0,0.47978,Medium
4331,0,0,0.02917,Low
4332,0,0,0.012427,Low
4333,0,0,0.478171,Medium
4334,0,0,0.005489,Low
4335,0,1,0.887086,High
4336,0,0,0.014668,Low
4337,0,0,0.277758,Low
4338,0,0,0.196424,Low
4339,0,0,0.106469,Low
4340,0,1,0.552794,Medium
4341,0,1,0.930784,High
4342,0,0,0.014256,Low
4343,0,0,0.498543,Medium
4344,0,1,0.864231,High
4345,0,0,0.121956,Low
4346,0,0,0.096707,Low
4347,0,0,0.275145,Low
4348,0,0,0.277655,Low
4349,0,0,0.192483,Low
4350,0,0,0.120862,Low
4351,0,0,0.056022,Low
4352,0,1,0.687147,High
4353,0,0,0.109975,Low
4354,0,1,0.522417,Medium
4355,0,1,0.698788,High
4356,0,0,0.101723,Low
4357,0,1,0.577891,Medium
4358,0,0,0.002707,Low
4359,0,0,0.274245,Low
4360,0,0,0.018862,Low
4361,0,0,0.051508,Low
4362,0,0,0.484192,Medium
4363,0,0,0.188346,Low
4364,0,0,0.003652,Low
4365,0,0,0.215224,Low
4366,0,0,0.437701,Medium
4367,0,0,0.20468,Low
4368,0,1,0.869896,High
4369,0,0,0.044752,Low
4370,0,0,0.470605,Medium
4371,0,0,0.044925,Low
4372,0,0,0.257064,Low
4373,0,0,0.180441,Low
4374,0,0,0.278545,Low
4375,0,0,0.086514,Low
4376,0,0,0.101591,Low
4377,0,0,0.101434,Low
4378,0,0,0.130129,Low
4379,0,1,0.716102,High
4380,0,0,0.020565,Low
4381,0,0,0.40473,Medium
4382,0,0,0.022009,Low
4383,0,0,0.127646,Low
4384,0,0,0.085537,Low
4385,0,0,0.021762,Low
4386,0,0,0.270721,Low
4387,0,0,0.03438,Low
4388,0,0,0.441731,Medium
4389,0,0,0.056643,Low
4390,0,0,0.357611,Medium
4391,0,0,0.190877,Low
4392,0,1,0.607919,High
4393,0,0,0.037085,Low
4394,0,0,0.422094,Medium
4395,0,0,0.109406,Low
4396,0,0,0.070459,Low
4397,0,0,0.182394,Low
4398,0,1,0.877493,High
4399,0,0,0.010907,Low
4400,0,0,0.062303,Low
4401,0,0,0.075542,Low
4402,0,0,0.427401,Medium
4403,0,0,0.264333,Low
4404,0,1,0.835984,High
4405,0,0,0.112762,Low
4406,0,0,0.203138,Low
4407,0,0,0.017233,Low
4408,0,0,0.047866,Low
4409,0,1,0.627917,High
4410,0,0,0.408561,Medium
4411,0,0,0.221642,Low
4412,0,1,0.576344,Medium
4413,0,0,0.445954,Medium
4414,0,0,0.346414,Medium
4415,0,0,0.172808,Low
4416,0,1,0.577611,Medium
4417,0,0,0.321659,Medium
4418,0,1,0.759439,High
4419,0,1,0.580899,Medium
4420,0,0,0.255116,Low
4421,0,0,0.086711,Low
4422,0,1,0.570161,Medium
4423,0,0,0.022052,Low
4424,0,1,0.598538,Medium
4425,0,0,0.04584,Low
4426,0,1,0.641613,High
4427,0,1,0.69759,High
4428,0,1,0.739727,High
4429,0,0,0.005041,Low
4430,0,0,0.213777,Low
4431,0,1,0.831229,High
4432,0,0,0.267423,Low
4433,0,0,0.075974,Low
4434,0,1,0.65132,High
4435,0,0,0.174332,Low
4436,0,0,0.061017,Low
4437,0,1,0.528515,Medium
4438,0,1,0.768285,High
4439,0,0,0.400829,Medium
4440,0,0,0.013025,Low
4441,0,1,0.73527,High
4442,0,0,0.452716,Medium
4443,0,1,0.607369,High
4444,0,1,0.670943,High
4445,0,0,0.293262,Low
4446,0,0,0.004842,Low
4447,0,1,0.764075,High
4448,0,0,0.343033,Medium
4449,0,0,0.20393,Low
4450,0,1,0.767862,High
4451,0,1,0.700012,High
4452,0,0,0.437726,Medium
4453,0,1,0.909719,High
4454,0,1,0.530708,Medium
4455,0,0,0.022169,Low
4456,0,0,0.31193,Medium
4457,0,0,0.405764,Medium
4458,0,0,0.00298,Low
4459,0,1,0.807901,High
4460,0,1,0.66349,High
4461,0,0,0.46578,Medium
4462,0,0,0.167257,Low
4463,0,1,0.759681,High
4464,0,1,0.884161,High
4465,0,0,0.028187,Low
4466,0,0,0.060444,Low
4467,0,0,0.134042,Low
4468,0,0,0.083307,Low
4469,0,0,0.331555,Medium
4470,0,0,0.490669,Medium
4471,0,1,0.736729,High
4472,0,0,0.30315,Medium
4473,0,0,0.021455,Low
4474,0,0,0.017519,Low
4475,0,0,0.159139,Low
4476,0,1,0.905741,High
4477,0,1,0.553718,Medium
4478,0,0,0.108106,Low
4479,0,0,0.200312,Low
4480,0,0,0.061482,Low
4481,0,1,0.891382,High
4482,0,0,0.06941,Low
4483,0,0,0.019878,Low
4484,0,0,0.037424,Low
4485,0,0,0.322735,Medium
4486,0,0,0.083323,Low
4487,0,0,0.112608,Low
4488,0,1,0.73862,High
4489,0,0,0.081781,Low
4490,0,0,0.066833,Low
4491,0,0,0.190328,Low
4492,0,0,0.007796,Low
4493,0,0,0.130637,Low
4494,0,0,0.01768,Low
4495,0,1,0.549504,Medium
4496,0,0,0.055569,Low
4497,0,1,0.507858,Medium
4498,0,0,0.297708,Low
4499,0,0,0.035207,Low
4500,0,1,0.665388,High
4501,0,1,0.652551,High
4502,0,0,0.306031,Medium
4503,0,0,0.060073,Low
4504,0,1,0.647485,High
4505,0,0,0.127109,Low
4506,0,0,0.017729,Low
4507,0,0,0.451349,Medium
4508,0,1,0.728335,High
4509,0,0,0.066001,Low
4510,0,1,0.564627,Medium
4511,0,0,0.390367,Medium
4512,0,0,0.011976,Low
4513,0,0,0.2543,Low
4514,0,0,0.340874,Medium
4515,0,0,0.008034,Low
4516,0,1,0.892364,High
4517,0,0,0.084232,Low
4518,0,1,0.831245,High
4519,0,0,0.437451,Medium
4520,0,1,0.801808,High
4521,0,0,0.18391,Low
4522,0,0,0.071642,Low
4523,0,1,0.776577,High
4524,0,1,0.709161,High
4525,0,1,0.7153,High
4526,0,0,0.093153,Low
4527,0,0,0.021729,Low
4528,0,0,0.272002,Low
4529,0,0,0.045199,Low
4530,0,0,0.385475,Medium
4531,0,1,0.556776,Medium
4532,0,0,0.196264,Low
4533,0,1,0.527519,Medium
4534,0,0,0.220278,Low
4535,0,1,0.757349,High
4536,0,0,0.310118,Medium
4537,0,0,0.065671,Low
4538,0,0,0.226103,Low
4539,0,0,0.112137,Low
4540,0,0,0.00905,Low
4541,0,1,0.566832,Medium
4542,0,0,0.01266,Low
4543,0,1,0.63007,High
4544,0,0,0.266365,Low
4545,0,0,0.012522,Low
4546,0,0,0.084702,Low
4547,0,0,0.130162,Low
4548,0,1,0.652399,High
4549,0,0,0.031954,Low
4550,0,1,0.782653,High
4551,0,1,0.881992,High
4552,0,0,0.132441,Low
4553,0,0,0.021361,Low
4554,0,0,0.106983,Low
4555,0,1,0.588907,Medium
4556,0,0,0.082787,Low
4557,0,1,0.814796,High
4558,0,0,0.04951,Low
4559,0,0,0.009339,Low
4560,0,0,0.431989,Medium
4561,0,0,0.253601,Low
4562,0,1,0.866534,High
4563,0,0,0.228571,Low
4564,0,0,0.003785,Low
4565,0,0,0.025943,Low
4566,0,0,0.020503,Low
4567,0,0,0.167979,Low
4568,0,1,0.62095,High
4569,0,0,0.175743,Low
4570,0,0,0.083015,Low
4571,0,0,0.01451,Low
4572,0,1,0.529868,Medium
4573,0,0,0.328486,Medium
4574,0,0,0.350545,Medium
4575,0,0,0.396262,Medium
4576,0,1,0.908793,High
4577,0,1,0.648423,High
4578,0,0,0.195332,Low
4579,0,0,0.198092,Low
4580,0,0,0.290597,Low
4581,0,1,0.646605,High
4582,0,0,0.057308,Low
4583,0,0,0.483711,Medium
4584,0,0,0.156753,Low
4585,0,1,0.712637,High
4586,0,0,0.226149,Low
4587,0,0,0.023623,Low
4588,0,1,0.583585,Medium
4589,0,0,0.219636,Low
4590,0,1,0.668257,High
4591,0,0,0.26589,Low
4592,0,1,0.500256,Medium
4593,0,0,0.171243,Low
4594,0,1,0.523283,Medium
4595,0,0,0.299599,Low
4596,0,1,0.53286,Medium
4597,0,0,0.172787,Low
4598,0,0,0.017959,Low
4599,0,0,0.038311,Low
4600,0,0,0.034576,Low
4601,0,0,0.007236,Low
4602,0,1,0.634161,High
4603,0,0,0.002879,Low
4604,0,0,0.069407,Low
4605,0,1,0.750035,High
4606,0,0,0.048538,Low
4607,0,0,0.042352,Low
4608,0,0,0.126972,Low
4609,0,0,0.007098,Low
4610,0,1,0.892002,High
4611,0,0,0.306177,Medium
4612,0,1,0.683041,High
4613,0,0,0.07962,Low
4614,0,0,0.172381,Low
4615,0,0,0.043403,Low
4616,0,0,0.078909,Low
4617,0,0,0.011409,Low
4618,0,0,0.141479,Low
4619,0,0,0.016959,Low
4620,0,1,0.868093,High
4621,0,0,0.039457,Low
4622,0,0,0.020321,Low
4623,0,0,0.190908,Low
4624,0,1,0.939833,High
4625,0,0,0.172686,Low
4626,0,1,0.575094,Medium
4627,0,0,0.139138,Low
4628,0,1,0.643096,High
4629,0,0,0.037431,Low
4630,0,1,0.568201,Medium
4631,0,0,0.349303,Medium
4632,0,0,0.397253,Medium
4633,0,0,0.057429,Low
4634,0,0,0.468274,Medium
4635,0,1,0.604246,High
4636,0,0,0.045052,Low
4637,0,1,0.720182,High
4638,0,0,0.486692,Medium
4639,0,0,0.050785,Low
4640,0,1,0.540419,Medium
4641,0,1,0.834082,High
4642,0,0,0.082797,Low
4643,0,1,0.616824,High
4644,0,0,0.189635,Low
4645,0,1,0.527281,Medium
4646,0,0,0.216782,Low
4647,0,1,0.575948,Medium
4648,0,0,0.075727,Low
4649,0,0,0.019088,Low
4650,0,0,0.124583,Low
4651,0,0,0.304913,Medium
4652,0,0,0.005694,Low
4653,0,1,0.694716,High
4654,0,0,0.011282,Low
4655,0,0,0.093361,Low
4656,0,1,0.66771,High
4657,0,1,0.710008,High
4658,0,0,0.364182,Medium
4659,0,1,0.54863,Medium
4660,0,0,0.427415,Medium
4661,0,1,0.858977,High
4662,0,0,0.425033,Medium
4663,0,1,0.744436,High
4664,0,1,0.867334,High
4665,0,0,0.353018,Medium
4666,0,1,0.69315,High
4667,0,0,0.023738,Low
4668,0,0,0.487023,Medium
4669,0,1,0.826027,High
4670,0,1,0.716724,High
4671,0,0,0.205322,Low
4672,0,0,0.040377,Low
4673,0,0,0.396685,Medium
4674,0,1,0.64455,High
4675,0,0,0.139064,Low
4676,0,0,0.1019,Low
4677,0,0,0.077418,Low
4678,0,0,0.024638,Low
4679,0,0,0.020283,Low
4680,0,0,0.255558,Low
4681,0,0,0.153644,Low
4682,0,1,0.564011,Medium
4683,0,1,0.718145,High
4684,0,0,0.041931,Low
4685,0,1,0.789487,High
4686,0,0,0.006176,Low
4687,0,0,0.038149,Low
4688,0,0,0.185589,Low
4689,0,0,0.015315,Low
4690,0,0,0.256306,Low
4691,0,1,0.749297,High
4692,0,0,0.032698,Low
4693,0,0,0.092502,Low
4694,0,1,0.782029,High
4695,0,0,0.086545,Low
4696,0,0,0.024298,Low
4697,0,1,0.779826,High
4698,0,0,0.423745,Medium
4699,0,0,0.441168,Medium
4700,0,1,0.667518,High
4701,0,0,0.087839,Low
4702,0,0,0.010153,Low
4703,0,1,0.511976,Medium
4704,0,0,0.499047,Medium
4705,0,1,0.631422,High
4706,0,0,0.053021,Low
4707,0,1,0.633163,High
4708,0,0,0.395839,Medium
4709,0,0,0.149539,Low
4710,0,0,0.418234,Medium
4711,0,0,0.223546,Low
4712,0,0,0.086959,Low
4713,0,0,0.004875,Low
4714,0,1,0.873698,High
4715,0,0,0.218349,Low
4716,0,0,0.021859,Low
4717,0,0,0.221911,Low
4718,0,1,0.655081,High
4719,0,0,0.24033,Low
4720,0,1,0.529842,Medium
4721,0,0,0.013236,Low
4722,0,1,0.723607,High
4723,0,1,0.824855,High
4724,0,0,0.051387,Low
4725,0,0,0.115031,Low
4726,0,0,0.030459,Low
4727,0,1,0.698528,High
4728,0,1,0.820308,High
4729,0,1,0.79312,High
4730,0,1,0.896599,High
4731,0,0,0.406825,Medium
4732,0,0,0.117715,Low
4733,0,0,0.14793,Low
4734,0,0,0.201238,Low
4735,0,1,0.724151,High
4736,0,0,0.186633,Low
4737,0,0,0.006054,Low
4738,0,0,0.021176,Low
4739,0,0,0.063721,Low
4740,0,0,0.058103,Low
4741,0,1,0.712466,High
4742,0,0,0.023612,Low
4743,0,0,0.225208,Low
4744,0,1,0.713788,High
4745,0,0,0.38406,Medium
4746,0,0,0.049247,Low
4747,0,1,0.583001,Medium
4748,0,0,0.258465,Low
4749,0,0,0.057063,Low
4750,0,0,0.045437,Low
4751,0,0,0.017185,Low
4752,0,0,0.069637,Low
4753,0,0,0.234506,Low
4754,0,1,0.574528,Medium
4755,0,0,0.098193,Low
4756,0,0,0.388422,Medium
4757,0,1,0.701681,High
4758,0,0,0.230521,Low
4759,0,1,0.709346,High
4760,0,1,0.80455,High
4761,0,0,0.044595,Low
4762,0,0,0.159088,Low
4763,0,0,0.452719,Medium
4764,0,0,0.373136,Medium
4765,0,0,0.076622,Low
4766,0,0,0.012856,Low
4767,0,1,0.603707,High
4768,0,0,0.485394,Medium
4769,0,1,0.582125,Medium
4770,0,1,0.571861,Medium
4771,0,0,0.19698,Low
4772,0,1,0.727559,High
4773,0,0,0.049924,Low
4774,0,0,0.491473,Medium
4775,0,0,0.139563,Low
4776,0,0,0.119256,Low
4777,0,0,0.053819,Low
4778,0,0,0.172596,Low
4779,0,1,0.897356,High
4780,0,1,0.74569,High
4781,0,0,0.304341,Medium
4782,0,0,0.145151,Low
4783,0,1,0.738281,High
4784,0,1,0.79689,High
4785,0,0,0.01059,Low
4786,0,0,0.041922,Low
4787,0,1,0.657233,High
4788,0,0,0.054957,Low
4789,0,0,0.110405,Low
4790,0,0,0.012122,Low
4791,0,1,0.602208,High
4792,0,0,0.035272,Low
4793,0,0,0.207453,Low
4794,0,0,0.086891,Low
4795,0,0,0.312739,Medium
4796,0,0,0.171506,Low
4797,0,1,0.885515,High
4798,0,0,0.006017,Low
4799,0,1,0.892123,High
4800,0,0,0.003601,Low
4801,0,0,0.003692,Low
4802,0,0,0.439131,Medium
4803,0,0,0.112677,Low
4804,0,0,0.139893,Low
4805,0,0,0.448596,Medium
4806,0,1,0.81055,High
4807,0,0,0.059627,Low
4808,0,0,0.006576,Low
4809,0,0,0.047301,Low
4810,0,0,0.064684,Low
4811,0,0,0.064271,Low
4812,0,1,0.803326,High
4813,0,0,0.087617,Low
4814,0,0,0.012066,Low
4815,0,0,0.031634,Low
4816,0,0,0.04084,Low
4817,0,0,0.003628,Low
4818,0,0,0.027585,Low
4819,0,0,0.093726,Low
4820,0,0,0.049313,Low
4821,0,0,0.484373,Medium
4822,0,0,0.020193,Low
4823,0,1,0.730492,High
4824,0,1,0.53074,Medium
4825,0,0,0.164783,Low
4826,0,1,0.693776,High
4827,0,0,0.191741,Low
4828,0,0,0.089384,Low
4829,0,0,0.086213,Low
4830,0,0,0.425371,Medium
4831,0,0,0.051563,Low
4832,0,1,0.720723,High
4833,0,0,0.050594,Low
4834,0,0,0.107919,Low
4835,0,0,0.034512,Low
4836,0,0,0.277446,Low
4837,0,0,0.209807,Low
4838,0,0,0.224308,Low
4839,0,0,0.015244,Low
4840,0,0,0.300857,Medium
4841,0,0,0.217095,Low
4842,0,0,0.106678,Low
4843,0,0,0.006776,Low
4844,0,0,0.016102,Low
4845,0,1,0.932544,High
4846,0,0,0.030471,Low
4847,0,0,0.117526,Low
4848,0,1,0.707151,High
4849,0,0,0.119487,Low
4850,0,0,0.084343,Low
4851,0,0,0.416124,Medium
4852,0,0,0.192106,Low
4853,0,0,0.0255,Low
4854,0,1,0.551075,Medium
4855,0,1,0.775598,High
4856,0,0,0.29011,Low
4857,0,1,0.545777,Medium
4858,0,1,0.648665,High
4859,0,0,0.052133,Low
4860,0,0,0.00467,Low
4861,0,0,0.024326,Low
4862,0,0,0.306843,Medium
4863,0,1,0.593084,Medium
4864,0,0,0.100167,Low
4865,0,0,0.063141,Low
4866,0,0,0.059656,Low
4867,0,0,0.054509,Low
4868,0,1,0.67503,High
4869,0,1,0.619709,High
4870,0,1,0.89378,High
4871,0,0,0.284837,Low
4872,0,0,0.163981,Low
4873,0,1,0.661928,High
4874,0,1,0.839086,High
4875,0,0,0.016001,Low
4876,0,0,0.281568,Low
4877,0,0,0.039859,Low
4878,0,0,0.494069,Medium
4879,0,0,0.239006,Low
4880,0,0,0.464072,Medium
4881,0,1,0.565279,Medium
4882,0,1,0.66021,High
4883,0,1,0.766118,High
4884,0,1,0.780167,High
4885,0,1,0.603321,High
4886,0,0,0.138708,Low
4887,0,1,0.633319,High
4888,0,0,0.029667,Low
4889,0,1,0.650458,High
4890,0,0,0.357399,Medium
4891,0,0,0.059614,Low
4892,0,1,0.710824,High
4893,0,0,0.04329,Low
4894,0,0,0.162434,Low
4895,0,0,0.027286,Low
4896,0,0,0.040122,Low
4897,0,0,0.224003,Low
4898,0,0,0.441037,Medium
4899,0,0,0.081173,Low
4900,0,0,0.006279,Low
4901,0,0,0.138942,Low
4902,0,0,0.029382,Low
4903,0,0,0.152671,Low
4904,0,0,0.423028,Medium
4905,0,0,0.105446,Low
4906,0,0,0.189246,Low
4907,0,0,0.012543,Low
4908,0,1,0.577028,Medium
4909,0,1,0.893091,High
4910,0,0,0.431379,Medium
4911,0,0,0.189906,Low
4912,0,0,0.007792,Low
4913,0,0,0.381196,Medium
4914,0,1,0.624672,High
4915,0,1,0.635598,High
4916,0,1,0.713332,High
4917,0,0,0.035294,Low
4918,0,0,0.058135,Low
4919,0,0,0.173748,Low
4920,0,1,0.742763,High
4921,0,1,0.609499,High
4922,0,0,0.040386,Low
4923,0,1,0.711133,High
4924,0,0,0.339338,Medium
4925,0,0,0.02018,Low
4926,0,0,0.150194,Low
4927,0,1,0.939227,High
4928,0,1,0.513221,Medium
4929,0,0,0.050325,Low
4930,0,0,0.097008,Low
4931,0,0,0.170946,Low
4932,0,1,0.568535,Medium
4933,0,1,0.578527,Medium
4934,0,0,0.012268,Low
4935,0,0,0.460571,Medium
4936,0,0,0.196985,Low
4937,0,1,0.704689,High
4938,0,0,0.012513,Low
4939,0,0,0.07705,Low
4940,0,0,0.038857,Low
4941,0,1,0.851121,High
4942,0,0,0.076863,Low
4943,0,0,0.28531,Low
4944,0,0,0.127381,Low
4945,0,0,0.154748,Low
4946,0,0,0.490337,Medium
4947,0,1,0.898759,High
4948,0,0,0.010598,Low
4949,0,0,0.031044,Low
4950,0,0,0.131219,Low
4951,0,0,0.017295,Low
4952,0,1,0.867812,High
4953,0,1,0.736121,High
4954,0,0,0.330331,Medium
4955,0,0,0.482386,Medium
4956,0,0,0.069066,Low
4957,0,0,0.007798,Low
4958,0,0,0.022578,Low
4959,0,1,0.643279,High
4960,0,0,0.087137,Low
4961,0,0,0.365931,Medium
4962,0,0,0.023387,Low
4963,0,0,0.399333,Medium
4964,0,0,0.005042,Low
4965,0,0,0.45623,Medium
4966,0,0,0.008773,Low
4967,0,0,0.05652,Low
4968,0,0,0.002668,Low
4969,0,0,0.161278,Low
4970,0,0,0.040417,Low
4971,0,1,0.888038,High
4972,0,0,0.043459,Low
4973,0,0,0.049798,Low
4974,0,1,0.570264,Medium
4975,0,0,0.182679,Low
4976,0,0,0.067753,Low
4977,0,0,0.085108,Low
4978,0,0,0.258591,Low
4979,0,0,0.041939,Low
4980,0,1,0.842325,High
4981,0,1,0.53659,Medium
4982,0,0,0.29127,Low
4983,0,0,0.012878,Low
4984,0,0,0.434389,Medium
4985,0,0,0.26799,Low
4986,0,1,0.863784,High
4987,0,0,0.015895,Low
4988,0,1,0.502642,Medium
4989,0,0,0.009781,Low
4990,0,0,0.222317,Low
4991,0,0,0.031294,Low
4992,0,0,0.154146,Low
4993,0,0,0.133806,Low
4994,0,0,0.298753,Low
4995,0,0,0.430158,Medium
4996,0,0,0.012149,Low
4997,0,0,0.048116,Low
4998,0,0,0.48868,Medium
4999,0,0,0.077052,Low
5000,0,0,0.00579,Low
5001,0,0,0.004394,Low
5002,0,0,0.07081,Low
5003,0,0,0.038558,Low
5004,0,0,0.429733,Medium
5005,0,0,0.158475,Low
5006,0,0,0.214541,Low
5007,0,0,0.055965,Low
5008,0,1,0.565013,Medium
5009,0,1,0.520626,Medium
5010,0,0,0.024736,Low
5011,0,1,0.651743,High
5012,0,0,0.061688,Low
5013,0,0,0.095287,Low
5014,0,0,0.199092,Low
5015,0,1,0.76168,High
5016,0,0,0.075782,Low
5017,0,0,0.162726,Low
5018,0,0,0.092356,Low
5019,0,0,0.028799,Low
5020,0,0,0.04817,Low
5021,0,1,0.632029,High
5022,0,1,0.52246,Medium
5023,0,1,0.59042,Medium
5024,0,0,0.092628,Low
5025,0,0,0.004652,Low
5026,0,0,0.287308,Low
5027,0,0,0.185621,Low
5028,0,1,0.903435,High
5029,0,1,0.713783,High
5030,0,0,0.017738,Low
5031,0,1,0.898324,High
5032,0,0,0.019789,Low
5033,0,0,0.043671,Low
5034,0,0,0.497846,Medium
5035,0,0,0.081975,Low
5036,0,0,0.073834,Low
5037,0,1,0.636241,High
5038,0,0,0.371033,Medium
5039,0,0,0.113901,Low
5040,0,0,0.00552,Low
5041,0,0,0.26476,Low
5042,0,0,0.045802,Low
5043,0,0,0.055711,Low
5044,0,0,0.073962,Low
5045,0,0,0.309567,Medium
5046,0,1,0.595633,Medium
5047,0,1,0.718568,High
5048,0,0,0.058014,Low
5049,0,0,0.022043,Low
5050,0,1,0.559104,Medium
5051,0,0,0.057221,Low
5052,0,0,0.049137,Low
5053,0,0,0.139588,Low
5054,0,0,0.353174,Medium
5055,0,0,0.035634,Low
5056,0,1,0.750021,High
5057,0,1,0.866691,High
5058,0,0,0.257621,Low
5059,0,0,0.424965,Medium
5060,0,1,0.853243,High
5061,0,1,0.667855,High
5062,0,0,0.01321,Low
5063,0,0,0.01113,Low
5064,0,1,0.578615,Medium
5065,0,1,0.706065,High
5066,0,1,0.772351,High
5067,0,0,0.176047,Low
5068,0,1,0.60434,High
5069,0,1,0.710391,High
5070,0,0,0.210592,Low
5071,0,0,0.243862,Low
5072,0,0,0.046516,Low
5073,0,0,0.115876,Low
5074,0,0,0.009084,Low
5075,0,0,0.300411,Medium
5076,0,0,0.223924,Low
5077,0,0,0.42986,Medium
5078,0,0,0.439506,Medium
5079,0,0,0.153584,Low
5080,0,0,0.018599,Low
5081,0,1,0.779103,High
5082,0,0,0.47963,Medium
5083,0,0,0.259127,Low
5084,0,0,0.220152,Low
5085,0,1,0.788678,High
5086,0,1,0.699761,High
5087,0,0,0.169898,Low
5088,0,0,0.054098,Low
5089,0,1,0.659479,High
5090,0,0,0.050769,Low
5091,0,0,0.07874,Low
5092,0,0,0.37032,Medium
5093,0,0,0.146598,Low
5094,0,0,0.30226,Medium
5095,0,0,0.048501,Low
5096,0,0,0.227287,Low
5097,0,0,0.031495,Low
5098,0,0,0.003757,Low
5099,0,0,0.328596,Medium
5100,0,0,0.421635,Medium
5101,0,1,0.751914,High
5102,0,0,0.043023,Low
5103,0,0,0.244592,Low
5104,0,0,0.029057,Low
5105,0,1,0.768128,High
5106,0,0,0.108388,Low
5107,0,0,0.150025,Low
5108,0,0,0.21774,Low
5109,0,0,0.059996,Low
5110,0,1,0.691092,High
5111,0,0,0.132753,Low
5112,0,1,0.634189,High
5113,0,0,0.216014,Low
5114,0,0,0.391775,Medium
5115,0,0,0.154396,Low
5116,0,0,0.010989,Low
5117,0,0,0.400471,Medium
5118,0,1,0.561112,Medium
5119,0,0,0.358753,Medium
5120,0,0,0.117833,Low
5121,0,1,0.705336,High
5122,0,0,0.33867,Medium
5123,0,0,0.140132,Low
5124,0,0,0.013514,Low
5125,0,0,0.033881,Low
5126,0,1,0.804771,High
5127,0,0,0.324732,Medium
5128,0,0,0.034721,Low
5129,0,0,0.05543,Low
5130,0,0,0.047416,Low
5131,0,1,0.708068,High
5132,0,0,0.143663,Low
5133,0,0,0.149679,Low
5134,0,1,0.726711,High
5135,0,1,0.541744,Medium
5136,0,0,0.390235,Medium
5137,0,0,0.203015,Low
5138,0,0,0.168186,Low
5139,0,0,0.151212,Low
5140,0,0,0.009683,Low
5141,0,0,0.058596,Low
5142,0,1,0.705746,High
5143,0,0,0.095396,Low
5144,0,1,0.892791,High
5145,0,1,0.635108,High
5146,0,1,0.754245,High
5147,0,0,0.10936,Low
5148,0,0,0.279228,Low
5149,0,0,0.0118,Low
5150,0,0,0.013511,Low
5151,0,0,0.11666,Low
5152,0,0,0.037059,Low
5153,0,1,0.697146,High
5154,0,0,0.113353,Low
5155,0,1,0.614479,High
5156,0,0,0.258353,Low
5157,0,1,0.747182,High
5158,0,0,0.041434,Low
5159,0,0,0.468573,Medium
5160,0,0,0.025843,Low
5161,0,0,0.186079,Low
5162,0,1,0.601787,High
5163,0,1,0.685748,High
5164,0,0,0.485656,Medium
5165,0,0,0.265289,Low
5166,0,0,0.202921,Low
5167,0,1,0.682112,High
5168,0,0,0.016752,Low
5169,0,1,0.850951,High
5170,0,0,0.07533,Low
5171,0,0,0.474802,Medium
5172,0,0,0.067593,Low
5173,0,1,0.797976,High
5174,0,0,0.023945,Low
5175,0,0,0.442465,Medium
5176,0,0,0.019576,Low
5177,0,1,0.870644,High
5178,0,0,0.062439,Low
5179,0,1,0.542502,Medium
5180,0,0,0.06284,Low
5181,0,0,0.03954,Low
5182,0,0,0.484934,Medium
5183,0,1,0.511314,Medium
5184,0,0,0.008727,Low
5185,0,0,0.013685,Low
5186,0,1,0.845367,High
5187,0,0,0.012975,Low
5188,0,1,0.555023,Medium
5189,0,0,0.064085,Low
5190,0,0,0.081533,Low
5191,0,0,0.024286,Low
5192,0,0,0.059294,Low
5193,0,0,0.028225,Low
5194,0,0,0.04595,Low
5195,0,1,0.529961,Medium
5196,0,0,0.071136,Low
5197,0,0,0.293434,Low
5198,0,0,0.070268,Low
5199,0,0,0.052017,Low
5200,0,1,0.712542,High
5201,0,1,0.712378,High
5202,0,0,0.01855,Low
5203,0,0,0.456648,Medium
5204,0,0,0.3692,Medium
5205,0,0,0.092022,Low
5206,0,1,0.791776,High
5207,0,1,0.515192,Medium
5208,0,1,0.588354,Medium
5209,0,1,0.560779,Medium
5210,0,1,0.581218,Medium
5211,0,0,0.017897,Low
5212,0,0,0.288386,Low
5213,0,1,0.54692,Medium
5214,0,1,0.788131,High
5215,0,0,0.423669,Medium
5216,0,1,0.713821,High
5217,0,0,0.015738,Low
5218,0,1,0.650002,High
5219,0,0,0.276237,Low
5220,0,0,0.225863,Low
5221,0,0,0.005011,Low
5222,0,0,0.19603,Low
5223,0,0,0.444784,Medium
5224,0,0,0.200282,Low
5225,0,1,0.629644,High
5226,0,0,0.016404,Low
5227,0,0,0.171253,Low
5228,0,0,0.392236,Medium
5229,0,0,0.42724,Medium
5230,0,0,0.385328,Medium
5231,0,0,0.038314,Low
5232,0,0,0.123097,Low
5233,0,0,0.378312,Medium
5234,0,1,0.704042,High
5235,0,0,0.368429,Medium
5236,0,1,0.528168,Medium
5237,0,1,0.711199,High
5238,0,1,0.731548,High
5239,0,0,0.003257,Low
5240,0,1,0.507796,Medium
5241,0,1,0.535812,Medium
5242,0,0,0.084868,Low
5243,0,1,0.532419,Medium
5244,0,1,0.672571,High
5245,0,1,0.679683,High
5246,0,0,0.01276,Low
5247,0,0,0.017347,Low
5248,0,0,0.017984,Low
5249,0,0,0.070988,Low
5250,0,0,0.040817,Low
5251,0,0,0.048633,Low
5252,0,1,0.563589,Medium
5253,0,1,0.668231,High
5254,0,0,0.021546,Low
5255,0,0,0.136813,Low
5256,0,0,0.491308,Medium
5257,0,0,0.039002,Low
5258,0,0,0.356028,Medium
5259,0,0,0.01421,Low
5260,0,1,0.634601,High
5261,0,0,0.395667,Medium
5262,0,0,0.04009,Low
5263,0,0,0.061687,Low
5264,0,1,0.630144,High
5265,0,0,0.025049,Low
5266,0,1,0.739142,High
5267,0,1,0.556368,Medium
5268,0,0,0.070224,Low
5269,0,0,0.028089,Low
5270,0,0,0.363921,Medium
5271,0,0,0.131148,Low
5272,0,0,0.094833,Low
5273,0,0,0.023657,Low
5274,0,0,0.011282,Low
5275,0,0,0.18248,Low
5276,0,0,0.030254,Low
5277,0,1,0.5019,Medium
5278,0,0,0.497354,Medium
5279,0,1,0.920479,High
5280,0,0,0.152215,Low
5281,0,1,0.642094,High
5282,0,1,0.532826,Medium
5283,0,1,0.589639,Medium
5284,0,1,0.833735,High
5285,0,1,0.578747,Medium
5286,0,0,0.349906,Medium
5287,0,1,0.519577,Medium
5288,0,0,0.333679,Medium
5289,0,0,0.342037,Medium
5290,0,0,0.00513,Low
5291,0,0,0.430917,Medium
5292,0,0,0.006908,Low
5293,0,0,0.014197,Low
5294,0,0,0.101638,Low
5295,0,1,0.848764,High
5296,0,1,0.797949,High
5297,0,1,0.770292,High
5298,0,0,0.439582,Medium
5299,0,1,0.869595,High
5300,0,0,0.372103,Medium
5301,0,1,0.866522,High
5302,0,0,0.207164,Low
5303,0,0,0.06001,Low
5304,0,0,0.118625,Low
5305,0,0,0.026349,Low
5306,0,0,0.281842,Low
5307,0,0,0.39348,Medium
5308,0,0,0.473185,Medium
5309,0,1,0.657257,High
5310,0,0,0.066044,Low
5311,0,0,0.018662,Low
5312,0,0,0.043699,Low
5313,0,0,0.00782,Low
5314,0,0,0.216796,Low
5315,0,0,0.235375,Low
5316,0,0,0.295398,Low
5317,0,0,0.021511,Low
5318,0,0,0.06862,Low
5319,0,0,0.164833,Low
5320,0,0,0.07195,Low
5321,0,0,0.080341,Low
5322,0,0,0.074587,Low
5323,0,0,0.436641,Medium
5324,0,1,0.837384,High
5325,0,0,0.306232,Medium
5326,0,0,0.127336,Low
5327,0,1,0.574097,Medium
5328,0,0,0.480606,Medium
5329,0,0,0.3925,Medium
5330,0,0,0.299454,Low
5331,0,0,0.004972,Low
5332,0,0,0.122601,Low
5333,0,0,0.076273,Low
5334,0,0,0.213985,Low
5335,0,1,0.627808,High
5336,0,0,0.163271,Low
5337,0,1,0.750293,High
5338,0,1,0.84101,High
5339,0,0,0.344275,Medium
5340,0,1,0.626363,High
5341,0,1,0.778885,High
5342,0,0,0.13458,Low
5343,0,0,0.009535,Low
5344,0,1,0.542125,Medium
5345,0,0,0.051708,Low
5346,0,0,0.084613,Low
5347,0,0,0.207947,Low
5348,0,0,0.158286,Low
5349,0,0,0.025401,Low
5350,0,0,0.072883,Low
5351,0,0,0.033895,Low
5352,0,1,0.608848,High
5353,0,0,0.196287,Low
5354,0,0,0.399248,Medium
5355,0,0,0.094407,Low
5356,0,0,0.046332,Low
5357,0,0,0.074119,Low
5358,0,0,0.023593,Low
5359,0,0,0.063128,Low
5360,0,0,0.029634,Low
5361,0,1,0.635203,High
5362,0,0,0.037544,Low
5363,0,0,0.00271,Low
5364,0,1,0.789668,High
5365,0,0,0.222228,Low
5366,0,0,0.012779,Low
5367,0,0,0.199311,Low
5368,0,1,0.791365,High
5369,0,1,0.856509,High
5370,0,0,0.015679,Low
5371,0,0,0.067136,Low
5372,0,0,0.018026,Low
5373,0,1,0.836224,High
5374,0,0,0.062152,Low
5375,0,0,0.090107,Low
5376,0,0,0.295281,Low
5377,0,0,0.107454,Low
5378,0,0,0.018993,Low
5379,0,1,0.737999,High
5380,0,0,0.304457,Medium
5381,0,0,0.014889,Low
5382,0,0,0.029557,Low
5383,0,0,0.003647,Low
5384,0,1,0.518068,Medium
5385,0,0,0.241627,Low
5386,0,0,0.130886,Low
5387,0,0,0.165461,Low
5388,0,0,0.051138,Low
5389,0,0,0.003085,Low
5390,0,0,0.023337,Low
5391,0,0,0.055096,Low
5392,0,0,0.012377,Low
5393,0,0,0.474424,Medium
5394,0,1,0.892501,High
5395,0,0,0.287649,Low
5396,0,0,0.006458,Low
5397,0,1,0.830557,High
5398,0,1,0.800448,High
5399,0,0,0.016498,Low
5400,0,1,0.857787,High
5401,0,0,0.032831,Low
5402,0,1,0.569836,Medium
5403,0,0,0.281135,Low
5404,0,1,0.615418,High
5405,0,0,0.051515,Low
5406,0,1,0.829212,High
5407,0,0,0.484564,Medium
5408,0,0,0.44086,Medium
5409,0,0,0.48392,Medium
5410,0,0,0.469128,Medium
5411,0,0,0.052331,Low
5412,0,1,0.656229,High
5413,0,0,0.183971,Low
5414,0,0,0.008872,Low
5415,0,0,0.217814,Low
5416,0,1,0.569499,Medium
5417,0,0,0.392806,Medium
5418,0,0,0.008512,Low
5419,0,0,0.041736,Low
5420,0,0,0.074179,Low
5421,0,0,0.061594,Low
5422,0,1,0.577818,Medium
5423,0,0,0.295719,Low
5424,0,0,0.042984,Low
5425,0,0,0.487686,Medium
5426,0,0,0.187236,Low
5427,0,0,0.136037,Low
5428,0,0,0.25736,Low
5429,0,0,0.040088,Low
5430,0,1,0.531024,Medium
5431,0,1,0.74799,High
5432,0,0,0.231518,Low
5433,0,1,0.648905,High
5434,0,0,0.090608,Low
5435,0,0,0.29904,Low
5436,0,0,0.189954,Low
5437,0,0,0.088569,Low
5438,0,0,0.004276,Low
5439,0,1,0.649532,High
5440,0,0,0.401115,Medium
5441,0,0,0.407232,Medium
5442,0,0,0.315787,Medium
5443,0,1,0.707362,High
5444,0,0,0.002864,Low
5445,0,0,0.013211,Low
5446,0,0,0.040967,Low
5447,0,1,0.773362,High
5448,0,0,0.41257,Medium
5449,0,0,0.324062,Medium
5450,0,0,0.011307,Low
5451,0,0,0.263655,Low
5452,0,0,0.125076,Low
5453,0,0,0.177916,Low
5454,0,0,0.486657,Medium
5455,0,0,0.020104,Low
5456,0,0,0.213317,Low
5457,0,0,0.04164,Low
5458,0,0,0.24883,Low
5459,0,0,0.005107,Low
5460,0,0,0.372101,Medium
5461,0,0,0.433306,Medium
5462,0,1,0.598877,Medium
5463,0,1,0.787965,High
5464,0,1,0.748293,High
5465,0,0,0.028918,Low
5466,0,0,0.042028,Low
5467,0,0,0.082125,Low
5468,0,0,0.446235,Medium
5469,0,0,0.127615,Low
5470,0,1,0.59842,Medium
5471,0,0,0.206148,Low
5472,0,0,0.02929,Low
5473,0,0,0.474882,Medium
5474,0,0,0.071735,Low
5475,0,0,0.355486,Medium
5476,0,0,0.227167,Low
5477,0,0,0.166287,Low
5478,0,0,0.044572,Low
5479,0,0,0.410542,Medium
5480,0,0,0.1706,Low
5481,0,0,0.186891,Low
5482,0,1,0.818756,High
5483,0,1,0.826952,High
5484,0,0,0.257386,Low
5485,0,1,0.514818,Medium
5486,0,0,0.464916,Medium
5487,0,0,0.216717,Low
5488,0,0,0.233709,Low
5489,0,1,0.712254,High
5490,0,0,0.006996,Low
5491,0,0,0.038623,Low
5492,0,0,0.022253,Low
5493,0,0,0.088749,Low
5494,0,0,0.094564,Low
5495,0,0,0.018378,Low
5496,0,0,0.011702,Low
5497,0,0,0.278289,Low
5498,0,1,0.851848,High
5499,0,0,0.252688,Low
5500,0,0,0.005082,Low
5501,0,0,0.046383,Low
5502,0,0,0.002693,Low
5503,0,0,0.349161,Medium
5504,0,0,0.054417,Low
5505,0,0,0.180742,Low
5506,0,0,0.487338,Medium
5507,0,0,0.038913,Low
5508,0,0,0.054489,Low
5509,0,0,0.164201,Low
5510,0,1,0.716994,High
5511,0,1,0.837685,High
5512,0,0,0.117188,Low
5513,0,1,0.504362,Medium
5514,0,0,0.241582,Low
5515,0,0,0.094058,Low
5516,0,1,0.614082,High
5517,0,0,0.171263,Low
5518,0,0,0.494315,Medium
5519,0,1,0.758448,High
5520,0,0,0.05753,Low
5521,0,0,0.278829,Low
5522,0,0,0.015966,Low
5523,0,1,0.682466,High
5524,0,1,0.835654,High
5525,0,1,0.819712,High
5526,0,0,0.042144,Low
5527,0,0,0.32643,Medium
5528,0,1,0.581621,Medium
5529,0,1,0.532841,Medium
5530,0,0,0.186222,Low
5531,0,0,0.137164,Low
5532,0,0,0.186133,Low
5533,0,0,0.044828,Low
5534,0,0,0.493895,Medium
5535,0,0,0.474806,Medium
5536,0,0,0.299492,Low
5537,0,0,0.017635,Low
5538,0,1,0.712231,High
5539,0,0,0.283907,Low
5540,0,0,0.0309,Low
5541,0,0,0.034602,Low
5542,0,0,0.010362,Low
5543,0,0,0.166957,Low
5544,0,0,0.156164,Low
5545,0,0,0.019541,Low
5546,0,1,0.785955,High
5547,0,0,0.017601,Low
5548,0,0,0.129837,Low
5549,0,0,0.309662,Medium
5550,0,0,0.359005,Medium
5551,0,0,0.383426,Medium
5552,0,0,0.017383,Low
5553,0,0,0.07026,Low
5554,0,0,0.394322,Medium
5555,0,0,0.018128,Low
5556,0,1,0.589982,Medium
5557,0,0,0.01562,Low
5558,0,1,0.623131,High
5559,0,0,0.196058,Low
5560,0,0,0.065646,Low
5561,0,0,0.326844,Medium
5562,0,0,0.053708,Low
5563,0,1,0.692711,High
5564,0,0,0.403091,Medium
5565,0,1,0.644117,High
5566,0,0,0.449878,Medium
5567,0,0,0.377482,Medium
5568,0,0,0.187421,Low
5569,0,0,0.00263,Low
5570,0,1,0.872853,High
5571,0,0,0.039967,Low
5572,0,0,0.133127,Low
5573,0,0,0.028041,Low
5574,0,0,0.021012,Low
5575,0,1,0.627767,High
5576,0,0,0.036358,Low
5577,0,0,0.141309,Low
5578,0,1,0.642533,High
5579,0,1,0.601487,High
5580,0,1,0.892883,High
5581,0,1,0.570811,Medium
5582,0,0,0.052552,Low
5583,0,1,0.695309,High
5584,0,0,0.202191,Low
5585,0,0,0.318598,Medium
5586,0,0,0.148297,Low
5587,0,0,0.03758,Low
5588,0,1,0.731104,High
5589,0,0,0.453262,Medium
5590,0,1,0.694902,High
5591,0,1,0.616411,High
5592,0,1,0.506267,Medium
5593,0,1,0.609054,High
5594,0,0,0.150542,Low
5595,0,0,0.405872,Medium
5596,0,0,0.061818,Low
5597,0,0,0.033154,Low
5598,0,0,0.013484,Low
5599,0,1,0.881002,High
5600,0,0,0.342189,Medium
5601,0,1,0.517916,Medium
5602,0,0,0.045565,Low
5603,0,0,0.132764,Low
5604,0,0,0.168239,Low
5605,0,0,0.089614,Low
5606,0,0,0.016953,Low
5607,0,1,0.828719,High
5608,0,1,0.866369,High
5609,0,0,0.171112,Low
5610,0,0,0.009317,Low
5611,0,0,0.420499,Medium
5612,0,0,0.023701,Low
5613,0,0,0.095276,Low
5614,0,1,0.655611,High
5615,0,0,0.290245,Low
5616,0,0,0.018067,Low
5617,0,0,0.035285,Low
5618,0,0,0.108289,Low
5619,0,0,0.027001,Low
5620,0,0,0.449369,Medium
5621,0,1,0.547752,Medium
5622,0,0,0.004247,Low
5623,0,0,0.496685,Medium
5624,0,0,0.181805,Low
5625,0,0,0.081709,Low
5626,0,0,0.247659,Low
5627,0,0,0.093624,Low
5628,0,0,0.013884,Low
5629,0,1,0.524401,Medium
5630,0,1,0.623807,High
5631,0,0,0.212548,Low
5632,0,0,0.170564,Low
5633,0,0,0.074564,Low
5634,0,0,0.361789,Medium
5635,0,0,0.394312,Medium
5636,0,0,0.338464,Medium
5637,0,0,0.006361,Low
5638,0,1,0.889539,High
5639,0,0,0.039573,Low
5640,0,1,0.515995,Medium
5641,0,0,0.04857,Low
5642,0,0,0.07378,Low
5643,0,1,0.553005,Medium
5644,0,1,0.797756,High
5645,0,0,0.242975,Low
5646,0,0,0.13403,Low
5647,0,0,0.013695,Low
5648,0,1,0.581006,Medium
5649,0,1,0.767692,High
5650,0,1,0.771739,High
5651,0,0,0.040919,Low
5652,0,0,0.48868,Medium
5653,0,1,0.915058,High
5654,0,1,0.613078,High
5655,0,0,0.225152,Low
5656,0,0,0.008915,Low
5657,0,1,0.920782,High
5658,0,1,0.541235,Medium
5659,0,0,0.258558,Low
5660,0,0,0.056633,Low
5661,0,1,0.868293,High
5662,0,0,0.01383,Low
5663,0,1,0.58454,Medium
5664,0,0,0.40152,Medium
5665,0,0,0.212838,Low
5666,0,0,0.017175,Low
5667,0,0,0.491952,Medium
5668,0,0,0.419941,Medium
5669,0,0,0.008256,Low
5670,0,1,0.777614,High
5671,0,0,0.469773,Medium
5672,0,0,0.171574,Low
5673,0,0,0.026201,Low
5674,0,0,0.012865,Low
5675,0,1,0.879351,High
5676,0,1,0.815611,High
5677,0,0,0.080433,Low
5678,0,0,0.116782,Low
5679,0,0,0.216198,Low
5680,0,1,0.705773,High
5681,0,0,0.367945,Medium
5682,0,0,0.058167,Low
5683,0,0,0.063209,Low
5684,0,0,0.489343,Medium
5685,0,1,0.634118,High
5686,0,0,0.020013,Low
5687,0,0,0.375329,Medium
5688,0,0,0.148922,Low
5689,0,0,0.143104,Low
5690,0,0,0.475847,Medium
5691,0,0,0.04991,Low
5692,0,0,0.0169,Low
5693,0,0,0.153818,Low
5694,0,0,0.127532,Low
5695,0,0,0.027605,Low
5696,0,1,0.775034,High
5697,0,1,0.806525,High
5698,0,1,0.733435,High
5699,0,1,0.55801,Medium
5700,0,0,0.048403,Low
5701,0,0,0.003595,Low
5702,0,0,0.01654,Low
5703,0,0,0.030269,Low
5704,0,0,0.380714,Medium
5705,0,0,0.252479,Low
5706,0,0,0.461836,Medium
5707,0,0,0.199182,Low
5708,0,0,0.204536,Low
5709,0,0,0.07972,Low
5710,0,0,0.33546,Medium
5711,0,1,0.592187,Medium
5712,0,0,0.397668,Medium
5713,0,0,0.036197,Low
5714,0,0,0.093999,Low
5715,0,0,0.202363,Low
5716,0,0,0.006973,Low
5717,0,1,0.903307,High
5718,0,1,0.576261,Medium
5719,0,0,0.088314,Low
5720,0,0,0.483048,Medium
5721,0,0,0.114087,Low
5722,0,0,0.237455,Low
5723,0,1,0.597555,Medium
5724,0,0,0.023152,Low
5725,0,1,0.594978,Medium
5726,0,0,0.164417,Low
5727,0,0,0.206291,Low
5728,0,1,0.903922,High
5729,0,1,0.718672,High
5730,0,0,0.041784,Low
5731,0,0,0.206071,Low
5732,0,0,0.472818,Medium
5733,0,1,0.825552,High
5734,0,0,0.376768,Medium
5735,0,0,0.369493,Medium
5736,0,0,0.17636,Low
5737,0,0,0.069602,Low
5738,0,0,0.193822,Low
5739,0,0,0.135355,Low
5740,0,0,0.445696,Medium
5741,0,1,0.650903,High
5742,0,0,0.003838,Low
5743,0,0,0.118043,Low
5744,0,0,0.009199,Low
5745,0,1,0.899099,High
5746,0,1,0.641328,High
5747,0,0,0.298201,Low
5748,0,0,0.038192,Low
5749,0,1,0.69614,High
5750,0,1,0.714809,High
5751,0,1,0.663401,High
5752,0,0,0.351872,Medium
5753,0,0,0.10365,Low
5754,0,0,0.35537,Medium
5755,0,0,0.173141,Low
5756,0,0,0.370114,Medium
5757,0,0,0.048253,Low
5758,0,0,0.183244,Low
5759,0,0,0.014565,Low
5760,0,1,0.744047,High
5761,0,0,0.200852,Low
5762,0,0,0.002854,Low
5763,0,0,0.452276,Medium
5764,0,0,0.029131,Low
5765,0,0,0.302118,Medium
5766,0,0,0.003905,Low
5767,0,0,0.129103,Low
5768,0,0,0.006257,Low
5769,0,0,0.098484,Low
5770,0,0,0.059559,Low
5771,0,0,0.426262,Medium
5772,0,0,0.403978,Medium
5773,0,0,0.013343,Low
5774,0,0,0.258484,Low
5775,0,0,0.117406,Low
5776,0,0,0.310085,Medium
5777,0,0,0.05375,Low
5778,0,1,0.599636,Medium
5779,0,0,0.105474,Low
5780,0,0,0.006209,Low
5781,0,1,0.757042,High
5782,0,0,0.342118,Medium
5783,0,0,0.093099,Low
5784,0,1,0.697627,High
5785,0,0,0.140265,Low
5786,0,1,0.76353,High
5787,0,0,0.0465,Low
5788,0,0,0.016949,Low
5789,0,0,0.236306,Low
5790,0,1,0.637882,High
5791,0,0,0.060713,Low
5792,0,0,0.224672,Low
5793,0,0,0.02116,Low
5794,0,0,0.2859,Low
5795,0,0,0.008282,Low
5796,0,0,0.303243,Medium
5797,0,0,0.385511,Medium
5798,0,0,0.207886,Low
5799,0,0,0.177828,Low
5800,0,0,0.055673,Low
5801,0,0,0.011922,Low
5802,0,0,0.125429,Low
5803,0,0,0.026288,Low
5804,0,0,0.11454,Low
5805,0,0,0.423621,Medium
5806,0,0,0.492989,Medium
5807,0,0,0.324862,Medium
5808,0,0,0.133067,Low
5809,0,0,0.399423,Medium
5810,0,0,0.194453,Low
5811,0,0,0.088128,Low
5812,0,0,0.006693,Low
5813,0,0,0.050184,Low
5814,0,0,0.198782,Low
5815,0,0,0.086439,Low
5816,0,0,0.052978,Low
5817,0,0,0.01521,Low
5818,0,1,0.694911,High
5819,0,0,0.467598,Medium
5820,0,1,0.71277,High
5821,0,1,0.569294,Medium
5822,0,0,0.231453,Low
5823,0,0,0.022066,Low
5824,0,0,0.236829,Low
5825,0,0,0.059649,Low
5826,0,0,0.004609,Low
5827,0,0,0.004841,Low
5828,0,0,0.002691,Low
5829,0,0,0.015155,Low
5830,0,0,0.021242,Low
5831,0,0,0.156383,Low
5832,0,0,0.485018,Medium
5833,0,1,0.679548,High
5834,0,0,0.192371,Low
5835,0,0,0.164846,Low
5836,0,1,0.703272,High
5837,0,0,0.016783,Low
5838,0,1,0.544929,Medium
5839,0,0,0.052983,Low
5840,0,1,0.769407,High
5841,0,1,0.656549,High
5842,0,1,0.694539,High
5843,0,1,0.516984,Medium
5844,0,1,0.564109,Medium
5845,0,0,0.00885,Low
5846,0,1,0.6585,High
5847,0,0,0.019176,Low
5848,0,0,0.481038,Medium
5849,0,0,0.040792,Low
5850,0,1,0.569792,Medium
5851,0,0,0.038899,Low
5852,0,0,0.022057,Low
5853,0,0,0.14616,Low
5854,0,0,0.292147,Low
5855,0,0,0.215828,Low
5856,0,0,0.077591,Low
5857,0,0,0.007384,Low
5858,0,0,0.023823,Low
5859,0,0,0.197603,Low
5860,0,0,0.312991,Medium
5861,0,1,0.777791,High
5862,0,1,0.589735,Medium
5863,0,0,0.200356,Low
5864,0,0,0.042153,Low
5865,0,1,0.719474,High
5866,0,0,0.108748,Low
5867,0,0,0.164892,Low
5868,0,0,0.031833,Low
5869,0,0,0.005338,Low
5870,0,0,0.205646,Low
5871,0,1,0.753699,High
5872,0,0,0.137945,Low
5873,0,1,0.542957,Medium
5874,0,0,0.012379,Low
5875,0,0,0.098465,Low
5876,0,0,0.370843,Medium
5877,0,0,0.247764,Low
5878,0,0,0.083898,Low
5879,0,0,0.224455,Low
5880,0,0,0.184326,Low
5881,0,0,0.005279,Low
5882,0,0,0.382835,Medium
5883,0,1,0.737555,High
5884,0,0,0.074552,Low
5885,0,1,0.68581,High
5886,0,0,0.141092,Low
5887,0,0,0.032626,Low
5888,0,0,0.290988,Low
5889,0,0,0.048871,Low
5890,0,0,0.048205,Low
5891,0,0,0.39507,Medium
5892,0,0,0.198019,Low
5893,0,1,0.733657,High
5894,0,0,0.037761,Low
5895,0,0,0.051832,Low
5896,0,0,0.183015,Low
5897,0,0,0.062205,Low
5898,0,0,0.251902,Low
5899,0,0,0.040785,Low
5900,0,0,0.314305,Medium
5901,0,1,0.537893,Medium
5902,0,0,0.14595,Low
5903,0,1,0.714016,High
5904,0,0,0.173241,Low
5905,0,0,0.215406,Low
5906,0,1,0.922559,High
5907,0,0,0.018955,Low
5908,0,0,0.262619,Low
5909,0,1,0.804552,High
5910,0,1,0.757251,High
5911,0,0,0.078575,Low
5912,0,1,0.66418,High
5913,0,0,0.066071,Low
5914,0,0,0.025715,Low
5915,0,0,0.47428,Medium
5916,0,0,0.38164,Medium
5917,0,1,0.549193,Medium
5918,0,0,0.317099,Medium
5919,0,0,0.006278,Low
5920,0,0,0.011162,Low
5921,0,0,0.006486,Low
5922,0,1,0.506247,Medium
5923,0,0,0.018732,Low
5924,0,0,0.092988,Low
5925,0,0,0.485698,Medium
5926,0,0,0.169504,Low
5927,0,0,0.01832,Low
5928,0,1,0.664126,High
5929,0,0,0.09077,Low
5930,0,0,0.460068,Medium
5931,0,0,0.11342,Low
5932,0,1,0.625362,High
5933,0,0,0.017161,Low
5934,0,0,0.050348,Low
5935,0,1,0.641948,High
5936,0,0,0.269737,Low
5937,0,0,0.240277,Low
5938,0,1,0.86164,High
5939,0,0,0.010339,Low
5940,0,0,0.020001,Low
5941,0,0,0.027748,Low
5942,0,0,0.431316,Medium
5943,0,0,0.125096,Low
5944,0,0,0.479149,Medium
5945,0,0,0.366435,Medium
5946,0,0,0.031156,Low
5947,0,0,0.030968,Low
5948,0,1,0.826937,High
5949,0,0,0.232932,Low
5950,0,0,0.027244,Low
5951,0,0,0.221996,Low
5952,0,0,0.034391,Low
5953,0,0,0.066176,Low
5954,0,1,0.56087,Medium
5955,0,1,0.703679,High
5956,0,1,0.632727,High
5957,0,0,0.018263,Low
5958,0,0,0.103336,Low
5959,0,0,0.24014,Low
5960,0,0,0.027473,Low
5961,0,0,0.020537,Low
5962,0,0,0.002801,Low
5963,0,1,0.85257,High
5964,0,0,0.050826,Low
5965,0,1,0.632461,High
5966,0,0,0.354607,Medium
5967,0,0,0.482717,Medium
5968,0,1,0.529278,Medium
5969,0,0,0.463322,Medium
5970,0,0,0.079224,Low
5971,0,0,0.081966,Low
5972,0,0,0.300081,Medium
5973,0,0,0.494789,Medium
5974,0,0,0.408196,Medium
5975,0,0,0.331463,Medium
5976,0,0,0.063134,Low
5977,0,0,0.129367,Low
5978,0,0,0.022198,Low
5979,0,0,0.050193,Low
5980,0,0,0.008223,Low
5981,0,0,0.043318,Low
5982,0,0,0.026553,Low
5983,0,0,0.098676,Low
5984,0,0,0.402733,Medium
5985,0,0,0.08967,Low
5986,0,0,0.066589,Low
5987,0,0,0.204099,Low
5988,0,1,0.526768,Medium
5989,0,0,0.484048,Medium
5990,0,0,0.015284,Low
5991,0,0,0.010312,Low
5992,0,0,0.080242,Low
5993,0,0,0.219176,Low
5994,0,1,0.706693,High
5995,0,0,0.383942,Medium
5996,0,0,0.039484,Low
5997,0,0,0.053284,Low
5998,0,1,0.658378,High
5999,0,0,0.090376,Low
6000,0,0,0.008808,Low
6001,0,0,0.066475,Low
6002,0,0,0.070814,Low
6003,0,0,0.474542,Medium
6004,0,0,0.409203,Medium
6005,0,1,0.7143,High
6006,0,0,0.281384,Low
6007,0,0,0.27608,Low
6008,0,1,0.640194,High
6009,0,0,0.073104,Low
6010,0,1,0.531218,Medium
6011,0,1,0.922475,High
6012,0,1,0.829394,High
6013,0,0,0.013867,Low
6014,0,0,0.184957,Low
6015,0,1,0.52106,Medium
6016,0,0,0.11247,Low
6017,0,0,0.444408,Medium
6018,0,0,0.016838,Low
6019,0,0,0.11896,Low
6020,0,0,0.161321,Low
6021,0,0,0.475695,Medium
6022,0,0,0.191843,Low
6023,0,0,0.203969,Low
6024,0,0,0.031916,Low
6025,0,1,0.742743,High
6026,0,0,0.140464,Low
6027,0,0,0.021801,Low
6028,0,1,0.595642,Medium
6029,0,1,0.883283,High
6030,0,1,0.874569,High
6031,0,0,0.058595,Low
6032,0,0,0.103714,Low
6033,0,1,0.544751,Medium
6034,0,1,0.51114,Medium
6035,0,0,0.461219,Medium
6036,0,0,0.309275,Medium
6037,0,1,0.534206,Medium
6038,0,1,0.780085,High
6039,0,1,0.57124,Medium
6040,0,0,0.023289,Low
6041,0,0,0.192727,Low
6042,0,0,0.180253,Low
6043,0,0,0.015134,Low
6044,0,1,0.865774,High
6045,0,0,0.213554,Low
6046,0,0,0.377226,Medium
6047,0,0,0.193778,Low
6048,0,1,0.869716,High
6049,0,0,0.007679,Low
6050,0,0,0.225288,Low
6051,0,0,0.011745,Low
6052,0,1,0.846401,High
6053,0,0,0.062995,Low
6054,0,0,0.178357,Low
6055,0,0,0.231413,Low
6056,0,0,0.141989,Low
6057,0,0,0.219408,Low
6058,0,0,0.093875,Low
6059,0,1,0.697493,High
6060,0,1,0.719403,High
6061,0,0,0.165756,Low
6062,0,0,0.014414,Low
6063,0,1,0.840566,High
6064,0,0,0.489343,Medium
6065,0,1,0.686617,High
6066,0,1,0.64664,High
6067,0,0,0.147485,Low
6068,0,0,0.257385,Low
6069,0,0,0.221773,Low
6070,0,0,0.057142,Low
6071,0,0,0.457641,Medium
6072,0,0,0.072779,Low
6073,0,0,0.019626,Low
6074,0,1,0.612623,High
6075,0,0,0.055974,Low
6076,0,0,0.328187,Medium
6077,0,0,0.025235,Low
6078,0,0,0.007571,Low
6079,0,0,0.069079,Low
6080,0,0,0.063742,Low
6081,0,0,0.01845,Low
6082,0,0,0.499241,Medium
6083,0,1,0.682503,High
6084,0,0,0.002689,Low
6085,0,0,0.021922,Low
6086,0,0,0.00684,Low
6087,0,0,0.486692,Medium
6088,0,0,0.169928,Low
6089,0,0,0.206225,Low
6090,0,0,0.009853,Low
6091,0,0,0.268489,Low
6092,0,0,0.035883,Low
6093,0,0,0.285354,Low
6094,0,0,0.008921,Low
6095,0,0,0.271688,Low
6096,0,1,0.789224,High
6097,0,1,0.586419,Medium
6098,0,0,0.019606,Low
6099,0,0,0.005436,Low
6100,0,1,0.502491,Medium
6101,0,0,0.058934,Low
6102,0,1,0.802484,High
6103,0,0,0.016346,Low
6104,0,0,0.313032,Medium
6105,0,0,0.110985,Low
6106,0,1,0.75118,High
6107,0,0,0.016494,Low
6108,0,1,0.668747,High
6109,0,1,0.864077,High
6110,0,0,0.182326,Low
6111,0,0,0.223539,Low
6112,0,0,0.055015,Low
6113,0,1,0.566861,Medium
6114,0,0,0.054799,Low
6115,0,0,0.143998,Low
6116,0,0,0.402465,Medium
6117,0,0,0.020696,Low
6118,0,0,0.21106,Low
6119,0,1,0.622861,High
6120,0,0,0.064392,Low
6121,0,0,0.053535,Low
6122,0,0,0.03712,Low
6123,0,0,0.427884,Medium
6124,0,0,0.010802,Low
6125,0,1,0.62199,High
6126,0,1,0.602742,High
6127,0,0,0.009967,Low
6128,0,0,0.083433,Low
6129,0,1,0.866247,High
6130,0,0,0.037594,Low
6131,0,0,0.296209,Low
6132,0,1,0.732509,High
6133,0,1,0.528739,Medium
6134,0,0,0.234142,Low
6135,0,1,0.673593,High
6136,0,0,0.03436,Low
6137,0,1,0.646259,High
6138,0,1,0.644245,High
6139,0,1,0.764898,High
6140,0,0,0.336037,Medium
6141,0,0,0.003844,Low
6142,0,0,0.417125,Medium
6143,0,0,0.014834,Low
6144,0,0,0.254677,Low
6145,0,1,0.871223,High
6146,0,0,0.106606,Low
6147,0,0,0.061729,Low
6148,0,0,0.2593,Low
6149,0,1,0.685986,High
6150,0,0,0.194084,Low
6151,0,0,0.053934,Low
6152,0,0,0.161805,Low
6153,0,0,0.06889,Low
6154,0,1,0.562325,Medium
6155,0,0,0.271883,Low
6156,0,0,0.022605,Low
6157,0,0,0.394336,Medium
6158,0,0,0.003687,Low
6159,0,0,0.105887,Low
6160,0,0,0.021957,Low
6161,0,1,0.634059,High
6162,0,1,0.647589,High
6163,0,0,0.012054,Low
6164,0,0,0.172895,Low
6165,0,1,0.843586,High
6166,0,0,0.088446,Low
6167,0,1,0.921853,High
6168,0,0,0.022296,Low
6169,0,1,0.642278,High
6170,0,1,0.559386,Medium
6171,0,1,0.873847,High
6172,0,1,0.859827,High
6173,0,0,0.48739,Medium
6174,0,0,0.027387,Low
6175,0,0,0.021819,Low
6176,0,1,0.521743,Medium
6177,0,0,0.328668,Medium
6178,0,1,0.61722,High
6179,0,0,0.168748,Low
6180,0,1,0.706964,High
6181,0,0,0.030189,Low
6182,0,0,0.058903,Low
6183,0,0,0.035489,Low
6184,0,1,0.581857,Medium
6185,0,0,0.025918,Low
6186,0,1,0.537181,Medium
6187,0,1,0.554418,Medium
6188,0,0,0.043984,Low
6189,0,1,0.764012,High
6190,0,0,0.190845,Low
6191,0,1,0.606279,High
6192,0,0,0.034707,Low
6193,0,0,0.178022,Low
6194,0,0,0.09098,Low
6195,0,0,0.213068,Low
6196,0,0,0.026353,Low
6197,0,0,0.327672,Medium
6198,0,0,0.045308,Low
6199,0,0,0.007127,Low
6200,0,0,0.131027,Low
6201,0,1,0.577681,Medium
6202,0,0,0.067178,Low
6203,0,1,0.603473,High
6204,0,0,0.030365,Low
6205,0,0,0.183436,Low
6206,0,0,0.019596,Low
6207,0,0,0.003827,Low
6208,0,0,0.027362,Low
6209,0,1,0.533061,Medium
6210,0,1,0.679248,High
6211,0,0,0.166594,Low
6212,0,0,0.403024,Medium
6213,0,1,0.885797,High
6214,0,1,0.762574,High
6215,0,0,0.414642,Medium
6216,0,1,0.706886,High
6217,0,1,0.715047,High
6218,0,0,0.312349,Medium
6219,0,0,0.099372,Low
6220,0,0,0.017518,Low
6221,0,0,0.165821,Low
6222,0,1,0.543973,Medium
6223,0,0,0.004959,Low
6224,0,0,0.028193,Low
6225,0,1,0.754083,High
6226,0,0,0.227661,Low
6227,0,0,0.042452,Low
6228,0,1,0.829476,High
6229,0,0,0.003494,Low
6230,0,0,0.338745,Medium
6231,0,1,0.610257,High
6232,0,0,0.029778,Low
6233,0,0,0.003742,Low
6234,0,1,0.514621,Medium
6235,0,0,0.095688,Low
6236,0,1,0.620873,High
6237,0,0,0.012773,Low
6238,0,0,0.431449,Medium
6239,0,0,0.443843,Medium
6240,0,0,0.07735,Low
6241,0,0,0.326203,Medium
6242,0,0,0.166891,Low
6243,0,0,0.06344,Low
6244,0,0,0.199125,Low
6245,0,1,0.536244,Medium
6246,0,1,0.584892,Medium
6247,0,0,0.252676,Low
6248,0,1,0.664476,High
6249,0,0,0.469584,Medium
6250,0,0,0.006697,Low
6251,0,1,0.76814,High
6252,0,0,0.008624,Low
6253,0,0,0.405913,Medium
6254,0,1,0.697934,High
6255,0,1,0.521653,Medium
6256,0,0,0.16235,Low
6257,0,0,0.041535,Low
6258,0,0,0.055699,Low
6259,0,0,0.409921,Medium
6260,0,1,0.903171,High
6261,0,0,0.003177,Low
6262,0,0,0.260534,Low
6263,0,0,0.183381,Low
6264,0,0,0.353689,Medium
6265,0,0,0.014185,Low
6266,0,0,0.423209,Medium
6267,0,0,0.016287,Low
6268,0,0,0.215024,Low
6269,0,0,0.012673,Low
6270,0,0,0.135004,Low
6271,0,1,0.707559,High
6272,0,0,0.132833,Low
6273,0,1,0.865015,High
6274,0,0,0.027955,Low
6275,0,0,0.015808,Low
6276,0,0,0.358308,Medium
6277,0,1,0.809622,High
6278,0,0,0.026137,Low
6279,0,0,0.012504,Low
6280,0,1,0.903899,High
6281,0,0,0.042936,Low
6282,0,0,0.35643,Medium
6283,0,0,0.008408,Low
6284,0,1,0.843093,High
6285,0,0,0.054148,Low
6286,0,0,0.03637,Low
6287,0,0,0.169956,Low
6288,0,0,0.180131,Low
6289,0,0,0.059449,Low
6290,0,0,0.057609,Low
6291,0,0,0.019579,Low
6292,0,0,0.046756,Low
6293,0,1,0.607779,High
6294,0,0,0.442978,Medium
6295,0,1,0.807731,High
6296,0,1,0.549256,Medium
6297,0,0,0.036823,Low
6298,0,0,0.36569,Medium
6299,0,0,0.095424,Low
6300,0,0,0.120925,Low
6301,0,0,0.243364,Low
6302,0,0,0.019721,Low
6303,0,0,0.06523,Low
6304,0,0,0.222132,Low
6305,0,0,0.010815,Low
6306,0,1,0.809467,High
6307,0,0,0.452701,Medium
6308,0,0,0.164239,Low
6309,0,0,0.352199,Medium
6310,0,1,0.548743,Medium
6311,0,0,0.457217,Medium
6312,0,0,0.107711,Low
6313,0,1,0.589629,Medium
6314,0,0,0.01723,Low
6315,0,1,0.845078,High
6316,0,1,0.646715,High
6317,0,0,0.00567,Low
6318,0,0,0.434125,Medium
6319,0,0,0.243974,Low
6320,0,0,0.023989,Low
6321,0,0,0.011322,Low
6322,0,1,0.781856,High
6323,0,0,0.092563,Low
6324,0,0,0.406203,Medium
6325,0,1,0.712209,High
6326,0,0,0.159223,Low
6327,0,1,0.877659,High
6328,0,0,0.201407,Low
6329,0,0,0.466521,Medium
6330,0,0,0.004946,Low
6331,0,0,0.023656,Low
6332,0,0,0.329254,Medium
6333,0,0,0.031658,Low
6334,0,0,0.025257,Low
6335,0,0,0.056716,Low
6336,0,0,0.094379,Low
6337,0,0,0.013586,Low
6338,0,0,0.254281,Low
6339,0,0,0.012723,Low
6340,0,0,0.216259,Low
6341,0,0,0.258773,Low
6342,0,1,0.514339,Medium
6343,0,1,0.616936,High
6344,0,0,0.007363,Low
6345,0,1,0.80392,High
6346,0,0,0.098369,Low
6347,0,0,0.114623,Low
6348,0,0,0.043388,Low
6349,0,0,0.113504,Low
6350,0,0,0.077959,Low
6351,0,0,0.014448,Low
6352,0,1,0.546214,Medium
6353,0,1,0.883463,High
6354,0,0,0.008755,Low
6355,0,0,0.134448,Low
6356,0,0,0.003833,Low
6357,0,0,0.149223,Low
6358,0,0,0.097533,Low
6359,0,0,0.205453,Low
6360,0,0,0.230603,Low
6361,0,0,0.487355,Medium
6362,0,1,0.55799,Medium
6363,0,1,0.728892,High
6364,0,1,0.620883,High
6365,0,1,0.612639,High
6366,0,0,0.240243,Low
6367,0,1,0.684796,High
6368,0,1,0.652419,High
6369,0,0,0.03719,Low
6370,0,0,0.16528,Low
6371,0,0,0.014198,Low
6372,0,0,0.184568,Low
6373,0,0,0.214882,Low
6374,0,1,0.700188,High
6375,0,0,0.018511,Low
6376,0,0,0.127879,Low
6377,0,0,0.27145,Low
6378,0,0,0.02866,Low
6379,0,0,0.37703,Medium
6380,0,1,0.829128,High
6381,0,0,0.431272,Medium
6382,0,0,0.030759,Low
6383,0,0,0.300898,Medium
6384,0,1,0.805475,High
6385,0,1,0.644949,High
6386,0,0,0.053341,Low
6387,0,0,0.005738,Low
6388,0,0,0.355839,Medium
6389,0,0,0.13106,Low
6390,0,0,0.472049,Medium
6391,0,0,0.020105,Low
6392,0,1,0.711009,High
6393,0,0,0.010572,Low
6394,0,0,0.482216,Medium
6395,0,0,0.039719,Low
6396,0,0,0.487812,Medium
6397,0,1,0.685511,High
6398,0,0,0.00513,Low
6399,0,0,0.053745,Low
6400,0,1,0.602257,High
6401,0,1,0.56142,Medium
6402,0,0,0.037257,Low
6403,0,0,0.244331,Low
6404,0,1,0.73593,High
6405,0,0,0.174477,Low
6406,0,1,0.834139,High
6407,0,0,0.090868,Low
6408,0,1,0.876119,High
6409,0,0,0.174098,Low
6410,0,0,0.433738,Medium
6411,0,0,0.307952,Medium
6412,0,1,0.550788,Medium
6413,0,0,0.168061,Low
6414,0,0,0.041284,Low
6415,0,0,0.206282,Low
6416,0,0,0.255309,Low
6417,0,0,0.013183,Low
6418,0,0,0.112917,Low
6419,0,0,0.369452,Medium
6420,0,1,0.571058,Medium
6421,0,0,0.022829,Low
6422,0,0,0.233606,Low
6423,0,0,0.016844,Low
6424,0,0,0.376342,Medium
6425,0,1,0.708785,High
6426,0,0,0.326633,Medium
6427,0,0,0.070659,Low
6428,0,0,0.170762,Low
6429,0,0,0.014641,Low
6430,0,0,0.003978,Low
6431,0,1,0.738462,High
6432,0,0,0.085608,Low
6433,0,1,0.615533,High
6434,0,1,0.562702,Medium
6435,0,0,0.068542,Low
6436,0,0,0.370339,Medium
6437,0,0,0.039083,Low
6438,0,1,0.506711,Medium
6439,0,0,0.016426,Low
6440,0,0,0.026592,Low
6441,0,0,0.008752,Low
6442,0,0,0.054702,Low
6443,0,0,0.046188,Low
6444,0,0,0.045972,Low
6445,0,0,0.108697,Low
6446,0,0,0.441589,Medium
6447,0,0,0.073756,Low
6448,0,0,0.035559,Low
6449,0,0,0.019447,Low
6450,0,0,0.011919,Low
6451,0,0,0.080966,Low
6452,0,0,0.21222,Low
6453,0,0,0.467055,Medium
6454,0,0,0.026361,Low
6455,0,1,0.81392,High
6456,0,1,0.548741,Medium
6457,0,0,0.341331,Medium
6458,0,0,0.025443,Low
6459,0,0,0.018583,Low
6460,0,1,0.757796,High
6461,0,0,0.260265,Low
6462,0,0,0.049694,Low
6463,0,0,0.269268,Low
6464,0,0,0.079422,Low
6465,0,1,0.864298,High
6466,0,0,0.186023,Low
6467,0,0,0.21579,Low
6468,0,0,0.122514,Low
6469,0,0,0.463117,Medium
6470,0,0,0.246516,Low
6471,0,0,0.48739,Medium
6472,0,1,0.620622,High
6473,0,0,0.012428,Low
6474,0,0,0.151474,Low
6475,0,0,0.003547,Low
6476,0,0,0.293399,Low
6477,0,0,0.353065,Medium
6478,0,0,0.166192,Low
6479,0,1,0.752544,High
6480,0,0,0.088745,Low
6481,0,0,0.408006,Medium
6482,0,0,0.012096,Low
6483,0,1,0.557413,Medium
6484,0,0,0.022477,Low
6485,0,0,0.477292,Medium
6486,0,0,0.028087,Low
6487,0,0,0.033663,Low
6488,0,0,0.230915,Low
6489,0,0,0.218466,Low
6490,0,0,0.057857,Low
6491,0,0,0.167302,Low
6492,0,0,0.020812,Low
6493,0,1,0.844261,High
6494,0,0,0.283196,Low
6495,0,0,0.140869,Low
6496,0,1,0.888169,High
6497,0,0,0.092278,Low
6498,0,0,0.275092,Low
6499,0,0,0.011824,Low
6500,0,0,0.005473,Low
6501,0,0,0.329715,Medium
6502,0,0,0.120023,Low
6503,0,0,0.257283,Low
6504,0,0,0.100741,Low
6505,0,0,0.007407,Low
6506,0,0,0.229429,Low
6507,0,0,0.200036,Low
6508,0,0,0.306405,Medium
6509,0,0,0.136237,Low
6510,0,1,0.826511,High
6511,0,0,0.017414,Low
6512,0,0,0.175333,Low
6513,0,1,0.599608,Medium
6514,0,1,0.892242,High
6515,0,0,0.016239,Low
6516,0,0,0.006002,Low
6517,0,0,0.100788,Low
6518,0,0,0.41635,Medium
6519,0,0,0.080544,Low
6520,0,0,0.487212,Medium
6521,0,1,0.501889,Medium
6522,0,0,0.08709,Low
6523,0,0,0.376171,Medium
6524,0,0,0.045828,Low
6525,0,0,0.197981,Low
6526,0,1,0.777434,High
6527,0,0,0.039429,Low
6528,0,0,0.041721,Low
6529,0,0,0.058831,Low
6530,0,1,0.57486,Medium
6531,0,0,0.26552,Low
6532,0,0,0.153895,Low
6533,0,1,0.565279,Medium
6534,0,1,0.641755,High
6535,0,1,0.7903,High
6536,0,0,0.070948,Low
6537,0,1,0.758836,High
6538,0,1,0.739679,High
6539,0,1,0.616396,High
6540,0,0,0.008189,Low
6541,0,0,0.208708,Low
6542,0,1,0.682212,High
6543,0,1,0.605962,High
6544,0,0,0.222801,Low
6545,0,0,0.127464,Low
6546,0,1,0.628673,High
6547,0,0,0.013609,Low
6548,0,0,0.109123,Low
6549,0,1,0.565269,Medium
6550,0,1,0.898877,High
6551,0,1,0.783902,High
6552,0,0,0.01439,Low
6553,0,0,0.065496,Low
6554,0,0,0.037071,Low
6555,0,0,0.181053,Low
6556,0,0,0.051263,Low
6557,0,0,0.020911,Low
6558,0,0,0.35258,Medium
6559,0,0,0.004495,Low
6560,0,0,0.0111,Low
6561,0,1,0.737849,High
6562,0,0,0.170586,Low
6563,0,0,0.041629,Low
6564,0,0,0.025566,Low
6565,0,0,0.192773,Low
6566,0,0,0.019535,Low
6567,0,0,0.266671,Low
6568,0,0,0.004033,Low
6569,0,0,0.109226,Low
6570,0,0,0.093687,Low
6571,0,0,0.203013,Low
6572,0,1,0.636829,High
6573,0,0,0.17033,Low
6574,0,1,0.748001,High
6575,0,0,0.097878,Low
6576,0,1,0.587788,Medium
6577,0,0,0.023539,Low
6578,0,0,0.021633,Low
6579,0,0,0.049345,Low
6580,0,0,0.279261,Low
6581,0,0,0.422111,Medium
6582,0,1,0.561666,Medium
6583,0,0,0.336128,Medium
6584,0,0,0.02546,Low
6585,0,0,0.089925,Low
6586,0,1,0.877202,High
6587,0,0,0.037549,Low
6588,0,0,0.009461,Low
6589,0,0,0.21178,Low
6590,0,0,0.051166,Low
6591,0,0,0.422809,Medium
6592,0,0,0.415395,Medium
6593,0,1,0.526104,Medium
6594,0,0,0.072849,Low
6595,0,0,0.085197,Low
6596,0,0,0.003742,Low
6597,0,0,0.041047,Low
6598,0,0,0.09135,Low
6599,0,0,0.029055,Low
6600,0,0,0.023034,Low
6601,0,0,0.085332,Low
6602,0,0,0.060269,Low
6603,0,0,0.263308,Low
6604,0,0,0.003988,Low
6605,0,0,0.020457,Low
6606,0,0,0.035755,Low
6607,0,0,0.024266,Low
6608,0,0,0.316284,Medium
6609,0,1,0.798889,High
6610,0,0,0.127366,Low
6611,0,0,0.019027,Low
6612,0,0,0.373493,Medium
6613,0,1,0.834496,High
6614,0,0,0.088646,Low
6615,0,0,0.122283,Low
6616,0,0,0.490006,Medium
6617,0,0,0.013,Low
6618,0,0,0.167201,Low
6619,0,1,0.711506,High
6620,0,0,0.483738,Medium
6621,0,1,0.573033,Medium
6622,0,0,0.029816,Low
6623,0,0,0.101196,Low
6624,0,0,0.338885,Medium
6625,0,0,0.416003,Medium
6626,0,1,0.600546,High
6627,0,0,0.209193,Low
6628,0,0,0.311331,Medium
6629,0,0,0.0049,Low
6630,0,1,0.707373,High
6631,0,1,0.842479,High
6632,0,0,0.350288,Medium
6633,0,0,0.026905,Low
6634,0,0,0.161616,Low
6635,0,0,0.030858,Low
6636,0,0,0.083919,Low
6637,0,0,0.081559,Low
6638,0,0,0.171185,Low
6639,0,0,0.024501,Low
6640,0,0,0.232752,Low
6641,0,0,0.248413,Low
6642,0,0,0.109274,Low
6643,0,0,0.49818,Medium
6644,0,0,0.467209,Medium
6645,0,0,0.235297,Low
6646,0,0,0.417801,Medium
6647,0,0,0.195409,Low
6648,0,0,0.101323,Low
6649,0,0,0.063361,Low
6650,0,0,0.467558,Medium
6651,0,0,0.220003,Low
6652,0,1,0.718112,High
6653,0,0,0.485036,Medium
6654,0,0,0.121119,Low
6655,0,0,0.491799,Medium
6656,0,0,0.048617,Low
6657,0,0,0.040425,Low
6658,0,0,0.010058,Low
6659,0,0,0.060939,Low
6660,0,0,0.009148,Low
6661,0,1,0.562476,Medium
6662,0,0,0.180506,Low
6663,0,0,0.097348,Low
6664,0,0,0.426691,Medium
6665,0,0,0.174089,Low
6666,0,0,0.022712,Low
6667,0,0,0.284736,Low
6668,0,0,0.239221,Low
6669,0,0,0.005528,Low
6670,0,0,0.002788,Low
6671,0,0,0.101714,Low
6672,0,0,0.351601,Medium
6673,0,0,0.112539,Low
6674,0,1,0.801653,High
6675,0,0,0.320587,Medium
6676,0,1,0.797949,High
6677,0,1,0.55856,Medium
6678,0,0,0.155176,Low
6679,0,0,0.012328,Low
6680,0,0,0.015669,Low
6681,0,0,0.365721,Medium
6682,0,0,0.064699,Low
6683,0,0,0.08969,Low
6684,0,1,0.501114,Medium
6685,0,0,0.02407,Low
6686,0,0,0.125736,Low
6687,0,0,0.045106,Low
6688,0,1,0.788653,High
6689,0,1,0.62395,High
6690,0,0,0.025502,Low
6691,0,1,0.845664,High
6692,0,0,0.39973,Medium
6693,0,1,0.640755,High
6694,0,0,0.051461,Low
6695,0,1,0.798749,High
6696,0,0,0.022998,Low
6697,0,0,0.023209,Low
6698,0,1,0.762404,High
6699,0,0,0.120322,Low
6700,0,0,0.083052,Low
6701,0,0,0.043855,Low
6702,0,1,0.913589,High
6703,0,0,0.441919,Medium
6704,0,0,0.477439,Medium
6705,0,0,0.047661,Low
6706,0,0,0.072601,Low
6707,0,0,0.046945,Low
6708,0,0,0.0516,Low
6709,0,0,0.146042,Low
6710,0,0,0.171236,Low
6711,0,0,0.149387,Low
6712,0,0,0.005104,Low
6713,0,0,0.018305,Low
6714,0,0,0.011447,Low
6715,0,1,0.546879,Medium
6716,0,0,0.02045,Low
6717,0,0,0.019149,Low
6718,0,0,0.168997,Low
6719,0,0,0.32254,Medium
6720,0,0,0.07304,Low
6721,0,0,0.10356,Low
6722,0,0,0.04325,Low
6723,0,0,0.181062,Low
6724,0,0,0.335502,Medium
6725,0,1,0.58518,Medium
6726,0,0,0.469003,Medium
6727,0,1,0.888996,High
6728,0,0,0.063173,Low
6729,0,0,0.469222,Medium
6730,0,0,0.002691,Low
6731,0,0,0.324977,Medium
6732,0,0,0.209899,Low
6733,0,1,0.543004,Medium
6734,0,0,0.372017,Medium
6735,0,0,0.005918,Low
6736,0,0,0.023402,Low
6737,0,0,0.051055,Low
6738,0,1,0.721301,High
6739,0,0,0.092074,Low
6740,0,1,0.794707,High
6741,0,0,0.464023,Medium
6742,0,0,0.13576,Low
6743,0,0,0.112549,Low
6744,0,0,0.076156,Low
6745,0,0,0.017737,Low
6746,0,0,0.132877,Low
6747,0,0,0.085385,Low
6748,0,0,0.462095,Medium
6749,0,1,0.874035,High
6750,0,1,0.547023,Medium
6751,0,0,0.478725,Medium
6752,0,0,0.014658,Low
6753,0,0,0.010215,Low
6754,0,0,0.0754,Low
6755,0,0,0.156141,Low
6756,0,0,0.447816,Medium
6757,0,0,0.282197,Low
6758,0,0,0.038241,Low
6759,0,1,0.552705,Medium
6760,0,0,0.021508,Low
6761,0,0,0.00977,Low
6762,0,0,0.053599,Low
6763,0,0,0.055064,Low
6764,0,0,0.014115,Low
6765,0,0,0.098753,Low
6766,0,1,0.804875,High
6767,0,1,0.590264,Medium
6768,0,0,0.109915,Low
6769,0,1,0.564946,Medium
6770,0,1,0.710861,High
6771,0,1,0.752642,High
6772,0,0,0.066015,Low
6773,0,0,0.244478,Low
6774,0,0,0.035017,Low
6775,0,1,0.722262,High
6776,0,1,0.524953,Medium
6777,0,0,0.246872,Low
6778,0,0,0.259322,Low
6779,0,1,0.570561,Medium
6780,0,0,0.009808,Low
6781,0,0,0.043535,Low
6782,0,0,0.213897,Low
6783,0,0,0.198823,Low
6784,0,0,0.10932,Low
6785,0,0,0.33971,Medium
6786,0,0,0.208255,Low
6787,0,0,0.016047,Low
6788,0,0,0.121103,Low
6789,0,0,0.28354,Low
6790,0,0,0.119308,Low
6791,0,0,0.335551,Medium
6792,0,1,0.716771,High
6793,0,0,0.054097,Low
6794,0,0,0.008239,Low
6795,0,1,0.862327,High
6796,0,0,0.307738,Medium
6797,0,0,0.324257,Medium
6798,0,0,0.026658,Low
6799,0,0,0.275751,Low
6800,0,0,0.199082,Low
6801,0,0,0.369072,Medium
6802,0,0,0.238375,Low
6803,0,0,0.149912,Low
6804,0,0,0.487686,Medium
6805,0,0,0.026271,Low
6806,0,1,0.5013,Medium
6807,0,0,0.027616,Low
6808,0,0,0.442843,Medium
6809,0,0,0.326862,Medium
6810,0,1,0.585048,Medium
6811,0,1,0.745598,High
6812,0,1,0.90108,High
6813,0,0,0.016742,Low
6814,0,0,0.024863,Low
6815,0,0,0.023416,Low
6816,0,0,0.445074,Medium
6817,0,0,0.02004,Low
6818,0,0,0.155408,Low
6819,0,1,0.790376,High
6820,0,0,0.18737,Low
6821,0,0,0.016351,Low
6822,0,0,0.042768,Low
6823,0,0,0.053033,Low
6824,0,1,0.716118,High
6825,0,0,0.282397,Low
6826,0,0,0.009105,Low
6827,0,0,0.005239,Low
6828,0,0,0.242364,Low
6829,0,0,0.484704,Medium
6830,0,1,0.786818,High
6831,0,0,0.018948,Low
6832,0,1,0.578178,Medium
6833,0,0,0.205198,Low
6834,0,0,0.153527,Low
6835,0,0,0.094526,Low
6836,0,0,0.160058,Low
6837,0,0,0.02122,Low
6838,0,0,0.180822,Low
6839,0,0,0.032842,Low
6840,0,0,0.042374,Low
6841,0,1,0.561924,Medium
6842,0,1,0.821967,High
6843,0,0,0.203448,Low
6844,0,0,0.462997,Medium
6845,0,1,0.567559,Medium
6846,0,0,0.035903,Low
6847,0,0,0.00541,Low
6848,0,0,0.043906,Low
6849,0,0,0.179091,Low
6850,0,0,0.036907,Low
6851,0,0,0.018913,Low
6852,0,1,0.705746,High
6853,0,0,0.073932,Low
6854,0,0,0.489343,Medium
6855,0,0,0.134891,Low
6856,0,0,0.08293,Low
6857,0,1,0.813285,High
6858,0,0,0.003514,Low
6859,0,0,0.121453,Low
6860,0,0,0.167418,Low
6861,0,1,0.599289,Medium
6862,0,0,0.033919,Low
6863,0,0,0.242691,Low
6864,0,0,0.390339,Medium
6865,0,0,0.048886,Low
6866,0,0,0.020333,Low
6867,0,0,0.054601,Low
6868,0,0,0.027924,Low
6869,0,0,0.186574,Low
6870,0,1,0.661287,High
6871,0,1,0.728837,High
6872,0,0,0.202053,Low
6873,0,0,0.249534,Low
6874,0,1,0.685977,High
6875,0,0,0.111428,Low
6876,0,1,0.576666,Medium
6877,0,0,0.419408,Medium
6878,0,0,0.0404,Low
6879,0,0,0.026239,Low
6880,0,0,0.271091,Low
6881,0,0,0.380203,Medium
6882,0,1,0.58798,Medium
6883,0,0,0.006455,Low
6884,0,0,0.016714,Low
6885,0,0,0.133291,Low
6886,0,1,0.523579,Medium
6887,0,1,0.59405,Medium
6888,0,1,0.710554,High
6889,0,0,0.482213,Medium
6890,0,0,0.079245,Low
6891,0,0,0.023596,Low
6892,0,0,0.018385,Low
6893,0,0,0.047167,Low
6894,0,0,0.005818,Low
6895,0,1,0.754466,High
6896,0,0,0.314738,Medium
6897,0,0,0.42712,Medium
6898,0,1,0.900176,High
6899,0,0,0.222063,Low
6900,0,1,0.618669,High
6901,0,0,0.185408,Low
6902,0,1,0.516736,Medium
6903,0,1,0.778054,High
6904,0,0,0.223493,Low
6905,0,1,0.79228,High
6906,0,0,0.253781,Low
6907,0,0,0.005638,Low
6908,0,0,0.082604,Low
6909,0,0,0.078748,Low
6910,0,0,0.479168,Medium
6911,0,0,0.170395,Low
6912,0,0,0.005595,Low
6913,0,0,0.320264,Medium
6914,0,0,0.15972,Low
6915,0,0,0.163463,Low
6916,0,0,0.170493,Low
6917,0,0,0.010668,Low
6918,0,1,0.557074,Medium
6919,0,1,0.580841,Medium
6920,0,0,0.224574,Low
6921,0,0,0.019625,Low
6922,0,0,0.399562,Medium
6923,0,0,0.015564,Low
6924,0,0,0.418158,Medium
6925,0,1,0.715696,High
6926,0,0,0.00365,Low
6927,0,0,0.158737,Low
6928,0,0,0.272847,Low
6929,0,0,0.222425,Low
6930,0,0,0.011165,Low
6931,0,1,0.701056,High
6932,0,1,0.837051,High
6933,0,0,0.202032,Low
6934,0,1,0.81064,High
6935,0,0,0.146458,Low
6936,0,0,0.016641,Low
6937,0,0,0.228992,Low
6938,0,0,0.326764,Medium
6939,0,0,0.495476,Medium
6940,0,0,0.313185,Medium
6941,0,0,0.145543,Low
6942,0,0,0.318456,Medium
6943,0,0,0.305637,Medium
6944,0,0,0.321319,Medium
6945,0,0,0.01924,Low
6946,0,1,0.710609,High
6947,0,0,0.049807,Low
6948,0,0,0.005661,Low
6949,0,1,0.907032,High
6950,0,0,0.12575,Low
6951,0,0,0.352488,Medium
6952,0,0,0.004669,Low
6953,0,0,0.119724,Low
6954,0,1,0.521656,Medium
6955,0,0,0.00782,Low
6956,0,1,0.501337,Medium
6957,0,1,0.769576,High
6958,0,0,0.140504,Low
6959,0,0,0.175255,Low
6960,0,0,0.246235,Low
6961,0,0,0.040692,Low
6962,0,0,0.040028,Low
6963,0,0,0.247552,Low
6964,0,1,0.708371,High
6965,0,0,0.218624,Low
6966,0,0,0.060771,Low
6967,0,0,0.442986,Medium
6968,0,0,0.015899,Low
6969,0,0,0.416709,Medium
6970,0,0,0.008903,Low
6971,0,0,0.03839,Low
6972,0,0,0.016242,Low
6973,0,1,0.557562,Medium
6974,0,0,0.093802,Low
6975,0,0,0.173587,Low
6976,0,0,0.416318,Medium
6977,0,0,0.0849,Low
6978,0,0,0.343036,Medium
6979,0,0,0.025366,Low
6980,0,0,0.317076,Medium
6981,0,1,0.699171,High
6982,0,0,0.039175,Low
6983,0,1,0.769899,High
6984,0,0,0.021658,Low
6985,0,1,0.593113,Medium
6986,0,1,0.763951,High
6987,0,1,0.720738,High
6988,0,0,0.273985,Low
6989,0,0,0.450176,Medium
6990,0,0,0.043712,Low
6991,0,0,0.40315,Medium
6992,0,1,0.660882,High
6993,0,0,0.027721,Low
6994,0,0,0.050077,Low
6995,0,0,0.450682,Medium
6996,0,0,0.011665,Low
6997,0,0,0.459422,Medium
6998,0,1,0.660578,High
6999,0,0,0.011109,Low
7000,0,0,0.420387,Medium
7001,0,0,0.127241,Low
7002,0,0,0.07093,Low
7003,0,1,0.581482,Medium
7004,0,0,0.185379,Low
7005,0,0,0.104511,Low
7006,0,1,0.717402,High
7007,0,0,0.127376,Low
7008,0,0,0.027545,Low
7009,0,0,0.016598,Low
7010,0,1,0.691988,High
7011,0,1,0.777564,High
7012,0,0,0.030303,Low
7013,0,0,0.240997,Low
7014,0,0,0.38309,Medium
7015,0,1,0.655758,High
7016,0,0,0.115762,Low
7017,0,0,0.091623,Low
7018,0,0,0.115839,Low
7019,0,1,0.653311,High
7020,0,1,0.70226,High
7021,0,1,0.71503,High
7022,0,1,0.66892,High
7023,0,0,0.017021,Low
7024,0,0,0.031068,Low
7025,0,0,0.213514,Low
7026,0,0,0.465209,Medium
7027,0,1,0.752341,High
7028,0,1,0.537791,Medium
7029,0,1,0.67805,High
7030,0,0,0.480946,Medium
7031,0,0,0.035365,Low
7032,0,1,0.900489,High
7033,0,1,0.559042,Medium
7034,0,0,0.115898,Low
7035,0,1,0.541708,Medium
7036,0,1,0.717681,High
7037,0,0,0.395174,Medium
7038,0,0,0.01222,Low
7039,0,0,0.141702,Low
7040,0,0,0.167359,Low
7041,0,0,0.424058,Medium
7042,0,0,0.138384,Low
