Count,Zip Code,Gender,Senior Citizen,Partner,Dependents,Tenure Months,Phone Service,Multiple Lines,Internet Service,Online Security,Online Backup,Device Protection,Tech Support,Streaming TV,Streaming Movies,Contract,Paperless Billing,Payment Method,Total Frequency,Monthly Charges,Total Charges,Churn Label,Churn Value,Churn Score,CLTV_final,CLTV,Churn Reason
1,90003,Male,0,0,0,2,1,0,DSL,1,1,0,0,0,0,Month-to-month,1,0,3,53.85,108.15,Yes,1,86,107.7,107.7,Competitor made better offer
1,90005,Female,0,0,1,2,1,0,Fiber optic,0,0,0,0,0,0,Month-to-month,1,0,1,70.7,151.65,Yes,1,67,141.4,141.4,Moved
1,90006,Female,0,0,1,8,1,1,Fiber optic,0,0,1,0,1,1,Month-to-month,1,0,5,99.65,820.5,Yes,1,86,797.2,797.2,Moved
1,90010,Female,0,1,1,28,1,1,Fiber optic,0,0,1,1,1,1,Month-to-month,1,0,6,104.8,3046.05,Yes,1,84,2934.4,2934.4,Moved
1,90015,Male,0,0,1,49,1,1,Fiber optic,0,1,1,0,1,1,Month-to-month,1,1,6,103.7,5036.3,Yes,1,89,5081.3,5081.3,Competitor had better devices
1,90020,Female,0,1,0,10,1,0,DSL,0,0,1,1,0,0,Month-to-month,0,1,3,55.2,528.35,Yes,1,78,552.0,552.0,Competitor offered higher download speeds
1,90022,Male,1,0,0,1,0,0,DSL,0,0,1,0,0,1,Month-to-month,1,0,2,39.65,39.65,Yes,1,100,39.65,39.65,Competitor offered more data
1,90024,Male,0,0,0,1,1,0,No,0,0,0,0,0,0,Month-to-month,0,0,1,20.15,20.15,Yes,1,92,20.15,20.15,Competitor made better offer
1,90028,Male,0,1,1,47,1,1,Fiber optic,0,1,0,0,1,1,Month-to-month,1,0,5,99.35,4749.15,Yes,1,77,4669.45,4669.45,Competitor had better devices
1,90029,Male,0,1,0,1,0,0,DSL,0,1,0,0,0,0,Month-to-month,0,0,1,30.2,30.2,Yes,1,97,30.2,30.2,Competitor had better devices
1,90032,Female,0,0,0,17,1,0,DSL,0,0,0,0,1,1,Month-to-month,1,0,3,64.7,1093.1,Yes,1,74,1099.9,1099.9,Competitor offered higher download speeds
1,90039,Male,0,0,1,5,1,0,Fiber optic,0,0,0,0,0,0,Month-to-month,1,0,1,69.7,316.9,Yes,1,66,348.5,348.5,Competitor offered higher download speeds
1,90041,Male,0,0,1,34,1,1,Fiber optic,0,1,1,0,1,1,Month-to-month,1,0,6,106.35,3549.25,Yes,1,65,3615.8999999999996,3615.8999999999996,Competitor offered higher download speeds
1,90042,Female,0,0,1,11,1,1,Fiber optic,0,0,1,0,1,1,Month-to-month,1,1,5,97.85,1105.4,Yes,1,70,1076.35,1076.35,Competitor offered more data
1,90056,Female,0,0,1,2,1,0,Fiber optic,0,0,0,0,1,0,Month-to-month,1,0,2,80.65,144.15,Yes,1,90,161.3,161.3,Competitor offered more data
1,90061,Female,0,0,1,15,1,0,Fiber optic,1,1,0,0,1,1,Month-to-month,1,1,5,99.1,1426.4,Yes,1,82,1486.5,1486.5,Competitor offered more data
1,90063,Female,1,1,1,8,1,1,Fiber optic,0,1,0,0,0,0,Month-to-month,1,1,3,80.65,633.3,Yes,1,69,645.2,645.2,Competitor made better offer
1,90065,Male,1,0,1,18,1,1,Fiber optic,0,0,0,0,1,1,Month-to-month,1,0,4,95.45,1752.55,Yes,1,81,1718.1000000000001,1718.1000000000001,Competitor made better offer
1,90211,Female,0,0,1,9,1,1,Fiber optic,0,0,0,0,1,1,Month-to-month,0,0,4,94.4,857.25,Yes,1,96,849.6,849.6,Price too high
1,90255,Female,0,0,1,1,1,0,Fiber optic,0,0,0,0,1,0,Month-to-month,1,0,2,79.35,79.35,Yes,1,87,79.35,79.35,Product dissatisfaction
1,90262,Female,0,1,1,7,1,0,Fiber optic,0,0,1,0,0,0,Month-to-month,1,1,2,75.15,496.9,Yes,1,70,526.0500000000001,526.0500000000001,Service dissatisfaction
1,90292,Female,0,0,1,12,1,1,Fiber optic,1,0,0,0,0,0,Month-to-month,1,0,3,78.95,927.35,Yes,1,86,947.4000000000001,947.4000000000001,Lack of self-service on Website
1,90301,Male,0,0,0,5,1,0,No,0,0,0,0,0,0,Month-to-month,0,0,1,21.05,113.85,Yes,1,66,105.25,105.25,Network reliability
1,90303,Female,1,1,1,25,1,0,Fiber optic,0,1,1,0,1,1,Month-to-month,1,0,5,98.5,2514.5,Yes,1,88,2462.5,2462.5,Limited range of services
1,90403,Male,0,1,0,68,1,1,Fiber optic,0,1,1,1,1,1,Two year,1,1,7,110.0,7611.85,Yes,1,86,7480.0,7480.0,Lack of affordable download/upload speed
1,90504,Male,0,1,1,55,1,1,Fiber optic,1,1,0,0,1,0,Month-to-month,1,0,5,96.75,5238.9,Yes,1,75,5321.25,5321.25,Long distance charges
1,90602,Female,1,1,1,37,1,1,Fiber optic,0,0,0,0,0,0,Month-to-month,1,0,2,76.5,2868.15,Yes,1,67,2830.5,2830.5,Extra data charges
1,90606,Female,0,1,1,10,1,1,Fiber optic,1,0,0,0,1,1,Month-to-month,1,0,5,100.25,1064.65,Yes,1,87,1002.5,1002.5,Price too high
1,90631,Male,0,0,1,3,1,1,Fiber optic,0,0,0,0,0,0,Month-to-month,1,0,2,74.4,229.55,Yes,1,76,223.20000000000002,223.20000000000002,Product dissatisfaction
1,90660,Female,1,0,1,27,1,1,Fiber optic,0,0,1,0,0,0,Month-to-month,1,0,3,78.05,2135.5,Yes,1,95,2107.35,2107.35,Service dissatisfaction
1,90704,Female,0,1,0,25,0,0,DSL,1,1,1,0,1,1,Month-to-month,1,1,5,58.6,1502.65,Yes,1,99,1465.0,1465.0,Lack of self-service on Website
1,90710,Male,0,0,0,1,0,0,DSL,0,0,0,0,0,1,Month-to-month,1,0,1,35.45,35.45,Yes,1,80,35.45,35.45,Network reliability
1,90712,Male,0,0,0,2,1,0,DSL,0,0,0,0,0,0,Month-to-month,0,0,1,44.35,81.25,Yes,1,76,88.7,88.7,Don't know
1,90720,Female,1,1,1,1,1,0,Fiber optic,0,0,0,0,0,0,Month-to-month,1,0,1,70.45,70.45,Yes,1,76,70.45,70.45,Don't know
1,90731,Female,0,0,0,8,1,1,DSL,1,0,0,1,0,1,Month-to-month,0,0,5,71.15,563.65,Yes,1,66,569.2,569.2,Don't know
1,90745,Male,0,0,0,1,1,0,DSL,0,0,0,0,0,0,Month-to-month,1,0,1,45.65,45.65,Yes,1,73,45.65,45.65,Poor expertise of online support
1,90804,Male,0,0,1,7,1,1,Fiber optic,0,0,0,0,1,1,Month-to-month,0,0,4,95.0,655.5,Yes,1,94,665.0,665.0,Poor expertise of phone support
1,91001,Female,0,1,1,20,1,1,Fiber optic,1,0,0,0,0,0,Month-to-month,0,0,3,82.4,1592.35,Yes,1,86,1648.0,1648.0,Price too high
1,91016,Female,0,0,1,4,1,0,Fiber optic,0,0,0,0,0,0,Month-to-month,1,1,1,70.9,273,Yes,1,75,283.6,283.6,Product dissatisfaction
1,91024,Male,1,1,0,58,0,0,DSL,0,1,1,0,0,1,Month-to-month,1,0,3,45.3,2651.2,Yes,1,100,2627.3999999999996,2627.3999999999996,Service dissatisfaction
1,91042,Female,0,1,1,2,1,1,Fiber optic,0,0,1,1,1,1,Month-to-month,1,0,6,104.4,242.8,Yes,1,83,208.8,208.8,Lack of self-service on Website
1,91103,Female,0,1,0,53,1,0,Fiber optic,0,0,1,0,1,1,One year,1,1,4,94.85,5000.2,Yes,1,80,5027.049999999999,5027.049999999999,Network reliability
1,91106,Female,1,0,1,15,1,1,Fiber optic,0,0,0,0,0,0,Month-to-month,1,0,2,74.45,1145.7,Yes,1,99,1116.75,1116.75,Limited range of services
1,91107,Female,1,0,1,7,1,0,Fiber optic,1,0,0,0,0,0,Month-to-month,0,1,2,76.45,503.6,Yes,1,81,535.15,535.15,Lack of affordable download/upload speed
1,91202,Female,0,0,0,1,0,0,DSL,0,1,0,0,0,0,Month-to-month,0,1,1,29.95,29.95,Yes,1,95,29.95,29.95,Long distance charges
1,91204,Male,0,0,1,8,1,1,Fiber optic,0,0,0,0,0,1,Month-to-month,0,1,3,84.5,662.65,Yes,1,86,676.0,676.0,Extra data charges
1,91206,Female,0,0,1,13,1,0,Fiber optic,0,1,1,0,0,0,Month-to-month,1,0,3,79.25,1111.65,Yes,1,73,1030.25,1030.25,Price too high
1,91207,Female,0,1,0,1,0,0,DSL,0,0,0,0,0,0,Month-to-month,1,0,0,24.8,24.8,Yes,1,94,24.8,24.8,Product dissatisfaction
1,91304,Male,0,1,1,6,1,0,Fiber optic,0,1,1,0,0,1,Month-to-month,1,0,4,91.0,531,Yes,1,94,546.0,546.0,Service dissatisfaction
1,91345,Male,0,0,1,1,1,0,Fiber optic,0,0,0,0,0,1,Month-to-month,0,0,2,79.9,79.9,Yes,1,98,79.9,79.9,Lack of self-service on Website
1,91350,Female,0,0,1,19,1,0,Fiber optic,1,0,1,1,1,1,Month-to-month,1,0,6,106.6,1934.45,Yes,1,71,2025.3999999999999,2025.3999999999999,Network reliability
1,91352,Male,0,0,0,2,1,0,DSL,0,0,0,0,0,0,Month-to-month,1,1,1,46.0,84.5,Yes,1,76,92.0,92.0,Don't know
1,91381,Female,0,0,1,4,1,0,Fiber optic,0,0,0,0,0,0,Month-to-month,1,0,1,70.15,268.35,Yes,1,67,280.6,280.6,Don't know
1,91402,Male,0,1,0,4,1,0,DSL,0,0,0,1,0,0,Month-to-month,0,0,2,50.05,179.35,Yes,1,82,200.2,200.2,Don't know
1,91411,Female,0,1,0,1,1,0,DSL,0,0,0,0,1,0,Month-to-month,0,0,2,55.2,55.2,Yes,1,81,55.2,55.2,Poor expertise of online support
1,91504,Male,0,0,1,1,1,0,Fiber optic,1,0,0,0,0,1,Month-to-month,1,0,3,84.6,84.6,Yes,1,66,84.6,84.6,Poor expertise of phone support
1,91601,Male,0,0,0,2,1,1,DSL,0,1,0,0,0,0,Month-to-month,1,0,3,54.4,114.1,Yes,1,81,108.8,108.8,Price too high
1,91605,Female,1,0,1,11,1,0,Fiber optic,0,1,0,0,1,1,Month-to-month,1,0,4,95.0,1120.3,Yes,1,85,1045.0,1045.0,Product dissatisfaction
1,91722,Male,1,0,0,15,1,0,Fiber optic,0,1,0,0,0,0,Month-to-month,1,0,2,74.4,1074.3,Yes,1,86,1116.0,1116.0,Service dissatisfaction
1,91723,Male,0,0,0,1,1,0,DSL,1,0,0,0,0,0,Month-to-month,1,0,2,48.55,48.55,Yes,1,77,48.55,48.55,Lack of self-service on Website
1,91731,Female,0,1,0,2,1,0,Fiber optic,0,0,0,0,0,0,Month-to-month,0,0,1,70.4,147.15,Yes,1,75,140.8,140.8,Network reliability
1,91732,Male,1,1,0,1,0,0,DSL,0,1,0,0,1,0,Month-to-month,0,0,2,40.2,40.2,Yes,1,65,40.2,40.2,Limited range of services
1,91744,Female,0,1,0,2,1,0,DSL,0,0,0,0,0,0,Month-to-month,1,1,1,44.6,80.55,Yes,1,99,89.2,89.2,Lack of affordable download/upload speed
1,91746,Male,1,0,0,3,0,0,DSL,0,0,1,0,0,1,Month-to-month,1,0,2,41.15,132.2,Yes,1,96,123.44999999999999,123.44999999999999,Long distance charges
1,91748,Male,1,0,0,13,1,1,Fiber optic,0,1,1,0,1,1,Month-to-month,1,0,6,106.9,1364.3,Yes,1,84,1389.7,1389.7,Extra data charges
1,91762,Male,0,0,0,59,1,0,No,0,0,0,0,0,0,Two year,0,0,1,19.35,1099.6,Yes,1,83,1141.65,1141.65,Price too high
1,91764,Female,1,0,0,16,1,0,Fiber optic,0,0,0,1,1,1,Month-to-month,1,0,4,94.45,1511.2,Yes,1,81,1511.2,1511.2,Product dissatisfaction
1,91766,Male,0,0,0,1,0,0,DSL,0,0,0,0,0,0,Month-to-month,0,1,0,24.8,24.8,Yes,1,73,24.8,24.8,Service dissatisfaction
1,91768,Male,0,0,0,1,1,0,Fiber optic,0,0,0,0,0,0,Month-to-month,0,0,1,70.6,70.6,Yes,1,69,70.6,70.6,Lack of self-service on Website
1,91770,Male,0,1,0,5,1,1,Fiber optic,0,1,0,1,0,0,Month-to-month,1,0,4,85.4,401.1,Yes,1,80,427.0,427.0,Network reliability
1,91773,Female,0,1,0,52,1,1,Fiber optic,0,1,1,0,1,1,Month-to-month,1,0,6,105.05,5624.85,Yes,1,65,5462.599999999999,5462.599999999999,Don't know
1,91791,Male,0,1,0,18,1,0,Fiber optic,0,0,1,0,1,1,Month-to-month,0,0,4,95.15,1779.95,Yes,1,68,1712.7,1712.7,Don't know
1,91803,Male,0,1,0,1,1,0,Fiber optic,0,0,0,0,0,0,Month-to-month,0,0,1,70.0,70,Yes,1,97,70.0,70.0,Don't know
1,91901,Male,1,0,0,8,1,0,Fiber optic,0,1,0,0,0,0,Month-to-month,1,0,2,74.5,606.55,Yes,1,80,596.0,596.0,Poor expertise of online support
1,91902,Male,0,0,0,10,1,0,DSL,0,0,0,0,0,0,Month-to-month,1,1,1,44.85,435.4,Yes,1,83,448.5,448.5,Poor expertise of phone support
1,91905,Male,1,0,0,24,1,1,Fiber optic,0,0,0,0,0,0,Month-to-month,1,0,2,76.1,1712.7,Yes,1,98,1826.3999999999999,1826.3999999999999,Price too high
1,91931,Female,0,0,0,1,1,0,Fiber optic,1,0,0,0,0,0,Month-to-month,1,0,2,73.6,73.6,Yes,1,80,73.6,73.6,Product dissatisfaction
1,91934,Female,1,0,0,4,1,1,Fiber optic,0,0,0,0,1,1,Month-to-month,1,0,4,95.45,396.1,Yes,1,85,381.8,381.8,Service dissatisfaction
1,91948,Male,1,1,0,32,1,1,Fiber optic,0,0,0,0,0,0,Month-to-month,1,0,2,74.9,2303.35,Yes,1,69,2396.8,2396.8,Lack of self-service on Website
1,92004,Male,0,0,0,5,1,0,Fiber optic,0,0,0,0,1,0,Month-to-month,1,0,2,80.6,415.55,Yes,1,69,403.0,403.0,Network reliability
1,92009,Female,0,1,0,38,1,0,DSL,1,1,0,1,1,1,One year,0,1,6,80.3,3058.65,Yes,1,81,3051.4,3051.4,Limited range of services
1,92014,Male,1,1,0,24,1,0,Fiber optic,0,0,1,0,1,1,Month-to-month,1,0,4,93.15,2231.05,Yes,1,73,2235.6000000000004,2235.6000000000004,Lack of affordable download/upload speed
1,92020,Female,1,0,0,54,1,1,DSL,1,1,0,1,1,1,One year,0,1,7,82.45,4350.1,Yes,1,83,4452.3,4452.3,Long distance charges
1,92029,Female,1,0,0,2,1,0,Fiber optic,0,0,0,0,0,0,Month-to-month,1,0,1,70.35,139.05,Yes,1,73,140.7,140.7,Extra data charges
1,92057,Female,0,0,0,7,1,1,Fiber optic,0,0,0,0,0,0,Month-to-month,1,0,2,73.85,511.25,Yes,1,67,516.9499999999999,516.9499999999999,Price too high
1,92059,Female,0,0,0,2,1,1,Fiber optic,0,0,1,0,0,0,Month-to-month,0,0,3,80.6,155.8,Yes,1,92,161.2,161.2,Product dissatisfaction
1,92060,Male,0,1,0,68,1,1,DSL,0,1,1,1,0,1,One year,1,1,6,75.8,5293.95,Yes,1,81,5154.4,5154.4,Service dissatisfaction
1,92061,Female,0,0,0,43,1,1,Fiber optic,0,1,1,0,1,1,Two year,1,0,6,104.6,4759.85,Yes,1,91,4497.8,4497.8,Lack of self-service on Website
1,92066,Male,0,1,0,63,1,1,Fiber optic,0,1,1,0,1,1,Month-to-month,1,0,6,103.4,6603,Yes,1,98,6514.200000000001,6514.200000000001,Network reliability
1,92082,Female,0,0,0,2,1,0,Fiber optic,0,0,0,0,1,1,Month-to-month,1,0,3,90.4,168.2,Yes,1,76,180.8,180.8,Don't know
1,92103,Male,0,1,0,4,1,1,Fiber optic,0,1,1,0,0,0,Month-to-month,1,1,4,84.8,371.9,Yes,1,73,339.2,339.2,Don't know
1,92104,Female,1,0,0,21,0,0,DSL,1,0,0,0,1,0,Month-to-month,1,0,2,41.9,840.1,Yes,1,97,879.9,879.9,Don't know
1,92105,Female,0,0,0,10,1,0,Fiber optic,0,0,0,0,0,1,Month-to-month,1,1,2,80.25,846,Yes,1,85,802.5,802.5,Poor expertise of online support
1,92108,Male,1,1,0,27,0,0,DSL,1,0,0,0,0,0,Month-to-month,0,1,1,30.75,805.1,Yes,1,91,830.25,830.25,Poor expertise of phone support
1,92116,Male,0,0,0,5,1,0,Fiber optic,0,0,1,0,1,1,Month-to-month,0,1,4,96.5,492.55,Yes,1,98,482.5,482.5,Price too high
1,92122,Male,0,0,0,2,1,1,Fiber optic,0,0,0,0,1,0,Month-to-month,1,0,3,85.65,181.5,Yes,1,73,171.3,171.3,Product dissatisfaction
1,92129,Female,0,1,0,25,1,1,Fiber optic,0,0,1,1,1,1,Month-to-month,1,1,6,104.95,2566.5,Yes,1,66,2623.75,2623.75,Service dissatisfaction
1,92154,Male,0,0,0,1,1,0,DSL,0,1,0,0,0,0,Month-to-month,0,0,2,50.65,50.65,Yes,1,76,50.65,50.65,Don't know
1,92201,Male,0,0,0,1,1,1,Fiber optic,0,1,0,0,0,1,Month-to-month,1,1,4,90.85,90.85,Yes,1,81,90.85,90.85,Network reliability
1,92210,Male,1,1,0,11,1,0,No,0,0,0,0,0,0,Month-to-month,0,0,1,19.95,214.75,Yes,1,80,219.45,219.45,Limited range of services
1,92211,Female,1,1,0,55,1,1,Fiber optic,0,1,1,0,0,0,Month-to-month,1,0,4,85.45,4874.7,Yes,1,100,4699.75,4699.75,Lack of affordable download/upload speed
1,92240,Female,0,0,0,34,1,0,Fiber optic,0,1,0,0,0,0,Month-to-month,1,1,2,73.95,2524.45,Yes,1,94,2514.3,2514.3,Long distance charges
1,92250,Male,0,1,0,69,1,1,Fiber optic,0,0,1,0,1,1,Month-to-month,1,1,5,99.45,7007.6,Yes,1,80,6862.05,6862.05,Extra data charges
1,92257,Female,0,0,0,1,1,0,No,0,0,0,0,0,0,Month-to-month,1,0,1,19.9,19.9,Yes,1,92,19.9,19.9,Price too high
1,92258,Male,0,0,0,1,1,0,No,0,0,0,0,0,0,Month-to-month,1,0,1,19.6,19.6,Yes,1,95,19.6,19.6,Product dissatisfaction
1,92259,Male,1,0,0,3,1,1,Fiber optic,0,1,0,0,0,0,Month-to-month,1,0,3,81.35,233.7,Yes,1,73,244.04999999999998,244.04999999999998,Service dissatisfaction
1,92273,Female,0,1,0,22,1,0,Fiber optic,0,1,0,0,0,1,Month-to-month,0,0,3,83.3,1845.9,Yes,1,88,1832.6,1832.6,Lack of self-service on Website
1,92274,Female,1,0,0,1,1,0,Fiber optic,0,0,1,0,0,0,Month-to-month,1,1,2,75.3,75.3,Yes,1,67,75.3,75.3,Network reliability
1,92301,Female,0,1,0,61,1,0,No,0,0,0,0,0,0,Month-to-month,1,0,1,19.4,1182.55,Yes,1,82,1183.3999999999999,1183.3999999999999,Don't know
1,92307,Male,0,0,0,12,1,0,DSL,0,0,0,0,0,0,Month-to-month,1,1,1,45.4,518.9,Yes,1,68,544.8,544.8,Don't know
1,92325,Female,0,0,0,60,1,1,Fiber optic,0,1,1,0,1,1,Month-to-month,1,0,6,105.9,6396.45,Yes,1,84,6354.0,6354.0,Don't know
1,92327,Female,0,0,0,1,1,0,Fiber optic,0,0,0,0,0,0,Month-to-month,0,0,1,69.55,69.55,Yes,1,73,69.55,69.55,Competitor had better devices
1,92338,Female,0,1,0,28,1,0,Fiber optic,0,0,0,0,0,1,Month-to-month,1,0,2,81.05,2227.1,Yes,1,98,2269.4,2269.4,Competitor had better devices
1,92356,Male,0,1,0,4,1,1,Fiber optic,0,0,1,0,1,1,Month-to-month,0,0,5,101.15,385.9,Yes,1,84,404.6,404.6,Competitor had better devices
1,92358,Male,0,0,0,7,1,1,Fiber optic,0,1,0,0,1,1,Month-to-month,1,0,5,99.8,673.25,Yes,1,98,698.6,698.6,Competitor had better devices
1,92371,Female,0,1,0,13,1,0,DSL,0,0,0,0,0,1,Month-to-month,0,0,2,55.95,734.35,Yes,1,91,727.35,727.35,Competitor had better devices
1,92373,Male,0,0,0,1,1,0,DSL,0,0,0,0,0,1,Month-to-month,1,0,2,55.0,55,Yes,1,71,55.0,55.0,Competitor had better devices
1,92377,Female,0,1,0,1,1,0,Fiber optic,0,1,0,0,0,0,Month-to-month,1,0,2,74.7,74.7,Yes,1,80,74.7,74.7,Competitor had better devices
1,92382,Male,0,0,0,24,1,1,Fiber optic,0,1,0,0,0,0,Month-to-month,1,0,3,80.25,1861.5,Yes,1,77,1926.0,1926.0,Competitor had better devices
1,92389,Male,0,0,0,5,1,0,Fiber optic,0,0,0,1,1,1,Month-to-month,1,0,4,96.1,453.4,Yes,1,66,480.5,480.5,Competitor had better devices
1,92392,Female,0,0,0,15,1,0,Fiber optic,0,0,0,0,0,0,Month-to-month,0,1,1,69.0,994.8,Yes,1,73,1035.0,1035.0,Competitor had better devices
1,92397,Female,0,1,0,48,0,0,DSL,1,0,1,0,0,1,Month-to-month,1,1,3,45.3,2145,Yes,1,65,2174.3999999999996,2174.3999999999996,Price too high
1,92401,Female,0,1,0,8,1,0,Fiber optic,0,1,0,0,1,0,Month-to-month,1,0,3,83.55,680.05,Yes,1,65,668.4,668.4,Product dissatisfaction
1,92410,Male,0,0,0,1,1,1,Fiber optic,0,0,0,0,0,0,Month-to-month,1,0,2,74.35,74.35,Yes,1,93,74.35,74.35,Service dissatisfaction
1,92503,Female,0,1,0,2,1,0,Fiber optic,1,0,0,0,0,0,Month-to-month,1,0,2,74.4,139.4,Yes,1,77,148.8,148.8,Lack of self-service on Website
1,92506,Male,0,0,0,22,0,0,DSL,0,1,1,0,0,1,One year,1,1,3,43.75,903.6,Yes,1,66,962.5,962.5,Network reliability
1,92509,Female,1,0,0,5,0,0,DSL,0,1,0,0,0,0,Month-to-month,0,0,1,28.45,131.05,Yes,1,89,142.25,142.25,Limited range of services
1,92518,Female,0,0,0,12,1,1,Fiber optic,1,1,1,0,0,1,Month-to-month,1,1,6,99.7,1238.45,Yes,1,76,1196.4,1196.4,Lack of affordable download/upload speed
1,92544,Female,1,0,0,20,1,1,Fiber optic,0,1,1,0,0,1,Month-to-month,1,0,5,94.1,1782.4,Yes,1,87,1882.0,1882.0,Long distance charges
1,92548,Male,0,1,0,2,1,0,Fiber optic,0,0,0,1,1,1,Month-to-month,1,0,4,94.2,167.5,Yes,1,72,188.4,188.4,Don't know
1,92549,Female,0,1,0,6,1,1,Fiber optic,0,0,0,1,0,0,Month-to-month,1,0,3,80.5,502.85,Yes,1,98,483.0,483.0,Price too high
1,92557,Female,1,1,0,5,1,1,Fiber optic,0,0,0,0,0,0,Month-to-month,1,0,2,74.35,334.8,Yes,1,82,371.75,371.75,Product dissatisfaction
1,92563,Male,0,0,0,40,1,1,Fiber optic,0,0,1,1,1,1,Month-to-month,0,1,6,104.8,4131.95,Yes,1,88,4192.0,4192.0,Service dissatisfaction
1,92571,Female,1,1,0,27,1,0,Fiber optic,1,0,0,0,0,0,Month-to-month,1,1,2,75.2,1929.35,Yes,1,99,2030.4,2030.4,Lack of self-service on Website
1,92586,Female,0,0,0,23,1,1,Fiber optic,0,0,0,0,0,0,Month-to-month,0,1,2,75.6,1758.6,Yes,1,81,1738.8,1738.8,Network reliability
1,92587,Male,0,1,0,34,1,1,Fiber optic,0,0,1,0,1,1,Month-to-month,1,0,5,100.05,3480,Yes,1,72,3401.7,3401.7,Don't know
1,92612,Female,0,0,0,1,1,1,Fiber optic,0,0,0,0,0,1,Month-to-month,1,0,3,85.0,85,Yes,1,80,85.0,85.0,Don't know
1,92630,Male,0,0,0,10,1,1,Fiber optic,0,0,0,0,1,0,Month-to-month,1,1,3,86.05,834.1,Yes,1,85,860.5,860.5,Don't know
1,92646,Male,0,0,0,13,0,0,DSL,1,0,0,1,1,0,Month-to-month,1,1,3,45.55,597,Yes,1,74,592.15,592.15,Poor expertise of online support
1,92648,Male,0,1,0,39,1,0,Fiber optic,0,1,0,0,1,0,Month-to-month,1,0,3,86.3,3266,Yes,1,98,3365.7,3365.7,Poor expertise of phone support
1,92661,Male,0,0,0,32,1,1,Fiber optic,0,1,0,0,0,0,Month-to-month,1,1,3,80.35,2596.15,Yes,1,92,2571.2,2571.2,Competitor had better devices
1,92701,Female,0,0,0,35,1,1,Fiber optic,0,0,1,0,1,1,Month-to-month,1,0,5,100.25,3527.6,Yes,1,72,3508.75,3508.75,Competitor offered higher download speeds
1,92707,Male,0,1,0,56,1,1,Fiber optic,0,1,0,0,1,1,One year,0,1,5,100.3,5614.45,Yes,1,67,5616.8,5616.8,Competitor offered more data
1,92805,Female,0,1,0,12,1,0,No,0,0,0,0,0,0,Month-to-month,0,0,1,19.0,233.55,Yes,1,72,228.0,228.0,Competitor made better offer
1,92806,Female,0,0,0,1,1,0,Fiber optic,1,0,0,0,0,0,Month-to-month,0,0,2,75.3,75.3,Yes,1,87,75.3,75.3,Competitor had better devices
1,92807,Female,1,0,0,4,1,1,Fiber optic,0,0,1,0,1,0,Month-to-month,1,0,4,89.2,346.2,Yes,1,74,356.8,356.8,Competitor had better devices
1,92823,Female,1,0,0,1,1,1,Fiber optic,0,0,0,0,1,0,Month-to-month,1,0,3,85.7,85.7,Yes,1,66,85.7,85.7,Competitor offered higher download speeds
1,92860,Female,0,0,0,12,1,1,DSL,1,0,1,1,0,0,Month-to-month,1,0,5,61.65,713.75,Yes,1,67,739.8,739.8,Competitor offered higher download speeds
1,92887,Female,1,1,0,65,1,1,Fiber optic,1,0,1,0,1,1,Month-to-month,0,1,6,105.25,6786.4,Yes,1,91,6841.25,6841.25,Competitor offered higher download speeds
1,93001,Male,0,1,0,9,0,0,DSL,0,1,0,0,0,0,Month-to-month,1,0,1,29.95,248.95,Yes,1,83,269.55,269.55,Competitor offered more data
1,93003,Female,0,1,0,9,1,0,DSL,1,1,1,1,0,0,Month-to-month,0,0,5,65.0,663.05,Yes,1,76,585.0,585.0,Competitor offered more data
1,93041,Female,0,0,0,7,1,0,No,0,0,0,0,0,0,Month-to-month,0,1,1,20.0,137.6,Yes,1,100,140.0,140.0,Competitor offered more data
1,93067,Male,1,1,0,49,1,1,Fiber optic,0,1,0,0,0,1,Month-to-month,0,1,4,90.05,4547.25,Yes,1,96,4412.45,4412.45,Competitor made better offer
1,93101,Male,1,1,0,43,1,1,Fiber optic,0,1,1,1,1,1,Month-to-month,1,1,7,110.75,4687.9,Yes,1,65,4762.25,4762.25,Competitor made better offer
1,93110,Female,0,1,0,65,1,1,Fiber optic,0,1,1,0,1,1,Month-to-month,1,0,6,105.5,6985.65,Yes,1,89,6857.5,6857.5,Competitor had better devices
1,93201,Male,1,1,0,56,1,1,Fiber optic,1,0,1,0,1,1,One year,1,1,6,104.55,5794.65,Yes,1,91,5854.8,5854.8,Competitor offered higher download speeds
1,93202,Male,0,1,0,10,1,1,Fiber optic,0,0,0,0,0,1,Month-to-month,1,0,3,85.25,855.3,Yes,1,75,852.5,852.5,Competitor offered more data
1,93204,Female,0,1,0,43,1,0,DSL,0,0,0,0,1,0,Month-to-month,0,0,2,56.15,2499.3,Yes,1,65,2414.45,2414.45,Don't know
1,93205,Male,0,0,0,1,1,0,Fiber optic,0,0,0,0,1,1,Month-to-month,1,0,3,89.55,89.55,Yes,1,99,89.55,89.55,Competitor had better devices
1,93208,Male,1,1,0,20,1,1,Fiber optic,0,0,0,0,1,1,Month-to-month,1,0,4,94.55,1899.65,Yes,1,84,1891.0,1891.0,Competitor had better devices
1,93210,Male,0,0,0,1,1,0,DSL,0,0,0,0,0,0,Month-to-month,1,0,1,45.7,45.7,Yes,1,95,45.7,45.7,Competitor offered higher download speeds
1,93215,Female,1,0,0,2,1,1,Fiber optic,0,1,0,0,0,1,Month-to-month,0,0,4,89.5,161.5,Yes,1,80,179.0,179.0,Competitor offered higher download speeds
1,93219,Female,0,0,0,3,1,0,Fiber optic,0,0,0,0,0,0,Month-to-month,1,1,1,69.55,222.3,Yes,1,87,208.64999999999998,208.64999999999998,Competitor offered higher download speeds
1,93221,Female,0,0,0,1,1,0,Fiber optic,0,0,1,0,0,0,Month-to-month,1,0,2,74.6,74.6,Yes,1,94,74.6,74.6,Competitor offered more data
1,93224,Female,1,0,0,8,1,0,No,0,0,0,0,0,0,Month-to-month,0,0,1,19.65,164.3,Yes,1,83,157.2,157.2,Competitor offered more data
1,93234,Male,0,1,0,2,1,0,No,0,0,0,0,0,0,One year,0,0,1,19.85,35.9,Yes,1,68,39.7,39.7,Competitor offered more data
1,93238,Female,0,0,0,4,0,0,DSL,0,0,0,0,0,0,Month-to-month,1,0,0,24.25,96.05,Yes,1,93,97.0,97.0,Competitor made better offer
1,93244,Female,0,0,0,2,1,0,Fiber optic,0,0,0,0,0,0,Month-to-month,0,0,1,69.65,145.15,Yes,1,80,139.3,139.3,Competitor made better offer
1,93247,Female,0,0,0,4,1,0,DSL,0,0,0,0,0,0,Month-to-month,0,0,1,45.65,191.05,Yes,1,78,182.6,182.6,Competitor had better devices
1,93252,Female,0,0,0,1,1,1,Fiber optic,0,0,0,0,0,0,Month-to-month,1,0,2,75.05,75.05,Yes,1,78,75.05,75.05,Competitor offered higher download speeds
1,93255,Male,1,0,0,52,0,0,DSL,0,1,0,0,1,1,Month-to-month,1,0,3,49.15,2550.9,Yes,1,90,2555.7999999999997,2555.7999999999997,Competitor offered more data
1,93260,Female,0,0,0,2,0,0,DSL,0,0,0,0,0,1,Month-to-month,1,0,1,34.7,62.25,Yes,1,65,69.4,69.4,Competitor made better offer
1,93263,Male,0,1,0,1,1,0,Fiber optic,0,0,0,0,0,1,Month-to-month,0,0,2,80.0,80,Yes,1,88,80.0,80.0,Competitor had better devices
1,93272,Male,1,0,0,2,1,0,DSL,1,0,0,0,0,0,Month-to-month,1,0,2,49.25,91.1,Yes,1,89,98.5,98.5,Competitor had better devices
1,93285,Female,0,0,0,3,1,1,Fiber optic,0,0,0,0,0,0,Month-to-month,1,1,2,75.1,270.7,Yes,1,69,225.29999999999998,225.29999999999998,Competitor offered higher download speeds
1,93292,Male,0,1,0,3,1,0,DSL,0,0,1,0,0,0,Month-to-month,1,0,2,50.15,168.15,Yes,1,86,150.45,150.45,Competitor offered higher download speeds
1,93311,Female,0,0,0,25,1,0,Fiber optic,1,1,0,0,0,0,Month-to-month,1,1,3,79.85,2015.35,Yes,1,85,1996.2499999999998,1996.2499999999998,Competitor offered higher download speeds
1,93405,Male,0,0,0,1,1,0,No,0,0,0,0,0,0,Month-to-month,0,0,1,19.55,19.55,Yes,1,66,19.55,19.55,Competitor offered more data
1,93436,Female,0,1,0,4,1,1,Fiber optic,0,0,0,0,0,1,Month-to-month,1,0,3,85.95,381.3,Yes,1,74,343.8,343.8,Competitor offered more data
1,93437,Male,0,0,0,3,1,0,DSL,0,0,0,0,0,0,Month-to-month,1,0,1,45.35,141.5,Yes,1,67,136.05,136.05,Competitor offered more data
1,93440,Male,1,1,0,33,1,1,Fiber optic,0,0,0,0,1,1,Month-to-month,1,0,4,94.5,3105.55,Yes,1,96,3118.5,3118.5,Competitor made better offer
1,93445,Female,1,0,0,30,1,1,Fiber optic,1,1,1,0,0,0,Month-to-month,0,1,5,91.7,2758.15,Yes,1,97,2751.0,2751.0,Competitor made better offer
1,93449,Female,0,0,0,45,1,1,Fiber optic,0,0,1,1,0,0,Month-to-month,1,0,4,87.25,3941.7,Yes,1,73,3926.25,3926.25,Competitor had better devices
1,93501,Male,0,0,0,10,1,1,Fiber optic,1,0,0,0,1,1,Month-to-month,0,0,5,98.55,1008.55,Yes,1,80,985.5,985.5,Competitor offered higher download speeds
1,93528,Male,1,0,0,20,1,1,Fiber optic,0,0,1,0,1,1,Month-to-month,1,0,5,98.55,1842.8,Yes,1,92,1971.0,1971.0,Competitor offered more data
1,93531,Female,0,0,0,15,1,0,Fiber optic,0,1,0,0,0,1,Month-to-month,1,1,3,85.9,1269.55,Yes,1,96,1288.5,1288.5,Don't know
1,93535,Female,0,0,0,22,1,0,Fiber optic,0,0,0,0,1,1,Month-to-month,0,0,3,89.25,1907.85,Yes,1,82,1963.5,1963.5,Competitor had better devices
1,93536,Male,0,1,0,3,1,0,Fiber optic,0,0,0,0,0,0,Month-to-month,1,0,1,70.3,208.85,Yes,1,66,210.89999999999998,210.89999999999998,Competitor had better devices
1,93552,Male,0,0,0,15,1,1,Fiber optic,0,0,0,0,1,1,Month-to-month,1,0,4,93.35,1444.65,Yes,1,77,1400.25,1400.25,Competitor offered higher download speeds
1,93553,Female,0,0,0,1,1,0,No,0,0,0,0,0,0,Month-to-month,0,0,1,19.9,19.9,Yes,1,100,19.9,19.9,Competitor offered higher download speeds
1,93554,Female,0,1,0,5,1,0,Fiber optic,1,0,1,0,0,1,Month-to-month,1,0,4,88.9,454.15,Yes,1,79,444.5,444.5,Competitor offered higher download speeds
1,93555,Male,0,1,0,33,1,0,Fiber optic,0,0,1,0,1,1,One year,1,0,4,95.8,3036.75,Yes,1,76,3161.4,3161.4,Competitor offered more data
1,93562,Male,0,0,0,2,1,1,Fiber optic,0,1,0,0,0,0,Month-to-month,1,0,3,82.0,184.65,Yes,1,97,164.0,164.0,Competitor offered more data
1,93591,Male,0,0,0,2,1,0,DSL,0,0,0,0,0,0,Month-to-month,0,0,1,45.35,89.5,Yes,1,81,90.7,90.7,Competitor offered more data
1,93604,Female,0,0,0,1,1,0,DSL,0,0,0,1,0,0,Month-to-month,1,0,2,52.2,52.2,Yes,1,71,52.2,52.2,Competitor made better offer
1,93606,Female,1,0,0,46,1,1,Fiber optic,1,1,1,0,1,1,One year,1,0,7,110.0,4874.8,Yes,1,81,5060.0,5060.0,Competitor made better offer
1,93624,Male,0,0,0,62,1,1,Fiber optic,0,0,1,0,1,1,One year,1,0,5,96.75,6125.4,Yes,1,92,5998.5,5998.5,Attitude of service provider
1,93626,Female,0,0,0,10,1,1,Fiber optic,0,0,0,1,1,1,Month-to-month,1,0,5,98.5,1058.25,Yes,1,74,985.0,985.0,Attitude of service provider
1,93630,Male,0,0,0,6,1,0,Fiber optic,0,1,0,0,1,0,Month-to-month,1,0,3,85.35,489.45,Yes,1,75,512.0999999999999,512.0999999999999,Attitude of service provider
1,93637,Male,0,1,0,40,1,1,Fiber optic,0,1,0,0,1,1,Month-to-month,1,0,5,101.3,4113.1,Yes,1,70,4052.0,4052.0,Attitude of support person
1,93638,Male,0,0,0,1,1,0,Fiber optic,0,0,0,0,0,0,Month-to-month,1,0,1,69.55,69.55,Yes,1,76,69.55,69.55,Attitude of support person
1,93640,Male,0,0,0,58,1,1,Fiber optic,0,1,1,0,1,1,One year,1,1,6,103.25,6017.65,Yes,1,74,5988.5,5988.5,Attitude of support person
1,93641,Male,0,0,0,70,1,1,Fiber optic,1,0,0,1,1,1,Two year,1,1,6,104.0,7250.15,Yes,1,80,7280.0,7280.0,Attitude of service provider
1,93647,Female,0,0,0,2,1,0,Fiber optic,0,0,1,0,0,1,Month-to-month,1,0,3,86.2,178.7,Yes,1,95,172.4,172.4,Attitude of service provider
1,93650,Male,0,1,0,21,1,1,Fiber optic,0,1,1,1,1,1,Month-to-month,1,0,7,111.2,2317.1,Yes,1,89,2335.2000000000003,2335.2000000000003,Attitude of service provider
1,93660,Female,0,1,0,16,1,0,Fiber optic,0,1,1,0,1,0,Month-to-month,1,1,4,89.45,1430.25,Yes,1,73,1431.2,1431.2,Attitude of support person
1,93662,Male,1,1,0,7,1,1,Fiber optic,0,0,0,0,1,1,Month-to-month,1,1,4,95.6,644.35,Yes,1,83,669.1999999999999,669.1999999999999,Competitor made better offer
1,93665,Male,0,1,0,60,1,0,Fiber optic,0,1,1,0,1,0,One year,0,0,4,90.95,5453.4,Yes,1,76,5457.0,5457.0,Moved
1,93667,Female,0,1,0,50,1,1,Fiber optic,1,1,0,1,1,1,One year,0,0,7,108.55,5610.7,Yes,1,82,5427.5,5427.5,Moved
1,93675,Female,1,0,0,4,1,0,Fiber optic,0,0,0,0,1,0,Month-to-month,1,0,2,78.85,292.8,Yes,1,72,315.4,315.4,Moved
1,93703,Male,0,0,0,1,1,0,DSL,0,0,0,0,0,0,Month-to-month,0,0,1,44.4,44.4,Yes,1,89,44.4,44.4,Competitor offered higher download speeds
1,93706,Female,1,0,0,55,1,1,Fiber optic,0,0,1,0,1,1,One year,1,0,5,100.0,5509.3,Yes,1,83,5500.0,5500.0,Competitor offered higher download speeds
1,93711,Female,0,1,0,12,1,0,No,0,0,0,0,0,0,One year,0,1,1,19.8,229.6,Yes,1,94,237.60000000000002,237.60000000000002,Competitor offered higher download speeds
1,93721,Male,0,0,0,1,1,0,Fiber optic,0,0,0,0,1,1,Month-to-month,1,0,3,89.9,89.9,Yes,1,80,89.9,89.9,Don't know
1,93920,Female,0,0,0,62,1,1,Fiber optic,0,0,1,0,1,1,One year,1,0,5,100.15,6413.65,Yes,1,91,6209.3,6209.3,Competitor offered higher download speeds
1,93923,Male,0,0,0,1,1,0,DSL,0,1,0,0,0,0,Month-to-month,0,0,2,50.8,50.8,Yes,1,85,50.8,50.8,Competitor offered higher download speeds
1,93928,Male,1,1,0,20,1,0,Fiber optic,0,1,0,0,0,0,Month-to-month,1,0,2,73.65,1463.5,Yes,1,95,1473.0,1473.0,Competitor offered higher download speeds
1,93930,Female,0,0,0,3,1,0,Fiber optic,0,1,0,0,1,1,Month-to-month,1,0,4,95.1,307.4,Yes,1,77,285.29999999999995,285.29999999999995,Competitor offered higher download speeds
1,93932,Male,0,0,0,22,1,1,Fiber optic,0,0,0,0,1,1,Month-to-month,1,1,4,94.65,2104.55,Yes,1,85,2082.3,2082.3,Competitor offered higher download speeds
1,93933,Male,0,1,0,4,1,0,Fiber optic,0,0,1,1,0,0,Month-to-month,1,0,3,80.6,319.15,Yes,1,86,322.4,322.4,Competitor offered more data
1,93953,Male,0,1,0,59,1,1,Fiber optic,0,0,0,0,0,1,One year,0,0,3,85.55,5084.65,Yes,1,80,5047.45,5047.45,Competitor offered more data
1,94002,Female,0,0,0,60,0,0,DSL,0,1,0,0,1,1,Month-to-month,1,0,3,50.8,3027.4,Yes,1,67,3048.0,3048.0,Competitor offered more data
1,94014,Female,0,0,0,15,1,0,Fiber optic,1,0,1,1,1,1,Month-to-month,0,0,6,105.1,1582.75,Yes,1,84,1576.5,1576.5,Competitor made better offer
1,94021,Male,0,0,0,10,1,0,Fiber optic,1,1,1,1,1,1,Month-to-month,1,0,7,110.1,1043.3,Yes,1,76,1101.0,1101.0,Competitor made better offer
1,94024,Female,0,0,0,6,1,0,Fiber optic,0,0,1,0,0,1,Month-to-month,0,0,3,83.9,497.55,Yes,1,97,503.40000000000003,503.40000000000003,Price too high
1,94040,Female,0,1,0,63,1,1,Fiber optic,1,1,1,0,1,0,Month-to-month,1,0,6,100.55,6215.35,Yes,1,79,6334.65,6334.65,Price too high
1,94043,Male,0,1,0,50,1,1,Fiber optic,0,1,1,0,1,1,Month-to-month,1,1,6,103.85,5017.9,Yes,1,100,5192.5,5192.5,Price too high
1,94060,Female,0,0,0,1,0,0,DSL,0,0,0,0,0,0,Month-to-month,0,0,0,24.6,24.6,Yes,1,76,24.6,24.6,Price too high
1,94066,Female,0,0,0,12,1,0,Fiber optic,1,0,0,1,1,1,Month-to-month,1,1,5,98.9,1120.95,Yes,1,71,1186.8000000000002,1186.8000000000002,Price too high
1,94080,Female,0,0,0,9,1,1,Fiber optic,0,0,1,0,1,1,Month-to-month,0,1,5,98.3,923.5,Yes,1,81,884.6999999999999,884.6999999999999,Price too high
1,94086,Male,0,0,0,17,1,0,Fiber optic,1,0,0,0,1,1,Month-to-month,0,0,4,93.85,1625.65,Yes,1,93,1595.4499999999998,1595.4499999999998,Price too high
1,94102,Male,1,0,0,9,1,1,Fiber optic,0,0,1,0,1,1,Month-to-month,1,0,5,100.5,918.6,Yes,1,70,904.5,904.5,Price too high
1,94108,Male,1,0,0,10,1,0,Fiber optic,0,1,0,0,0,0,Month-to-month,1,0,2,72.85,688.65,Yes,1,99,728.5,728.5,Price too high
1,94114,Male,1,1,0,1,1,1,Fiber optic,0,0,0,0,0,0,Month-to-month,1,0,2,73.55,73.55,Yes,1,94,73.55,73.55,Price too high
1,94130,Female,1,0,0,3,1,1,Fiber optic,0,1,0,0,0,0,Month-to-month,1,0,3,79.4,205.05,Yes,1,91,238.20000000000002,238.20000000000002,Product dissatisfaction
1,94131,Female,0,0,0,13,1,0,Fiber optic,0,1,1,0,0,0,Month-to-month,1,0,3,81.15,952.3,Yes,1,79,1054.95,1054.95,Service dissatisfaction
1,94304,Female,1,0,0,4,1,1,Fiber optic,0,0,0,0,0,1,Month-to-month,1,0,3,84.6,360.1,Yes,1,83,338.4,338.4,Lack of self-service on Website
1,94402,Female,0,0,0,6,1,1,Fiber optic,1,0,0,0,0,0,Month-to-month,1,0,3,79.05,434.5,Yes,1,99,474.29999999999995,474.29999999999995,Network reliability
1,94509,Female,0,0,0,3,1,1,Fiber optic,0,0,0,0,0,0,Month-to-month,0,1,2,74.4,215.8,Yes,1,97,223.20000000000002,223.20000000000002,Don't know
1,94512,Male,1,0,0,35,1,1,Fiber optic,0,0,1,0,1,1,Month-to-month,1,0,5,99.05,3395.8,Yes,1,82,3466.75,3466.75,Don't know
1,94514,Male,1,0,0,2,1,0,DSL,0,0,0,0,0,0,Month-to-month,0,0,1,44.95,85.15,Yes,1,84,89.9,89.9,Don't know
1,94520,Male,0,1,0,1,1,0,DSL,0,0,0,0,0,0,Month-to-month,0,1,1,44.7,44.7,Yes,1,74,44.7,44.7,Don't know
1,94538,Male,0,0,0,1,1,0,DSL,0,0,0,0,0,0,Month-to-month,1,0,1,45.7,45.7,Yes,1,72,45.7,45.7,Poor expertise of phone support
1,94539,Male,1,0,0,8,1,0,Fiber optic,1,0,0,1,1,1,Month-to-month,0,1,5,100.3,832.35,Yes,1,74,802.4,802.4,Competitor had better devices
1,94541,Male,0,0,0,7,1,0,No,0,0,0,0,0,0,Month-to-month,0,0,1,19.25,112.3,Yes,1,82,134.75,134.75,Competitor offered higher download speeds
1,94545,Female,0,0,0,2,1,1,Fiber optic,0,0,0,0,1,1,Month-to-month,1,0,4,96.0,174.8,Yes,1,83,192.0,192.0,Competitor offered more data
1,94546,Female,0,0,0,1,1,0,Fiber optic,0,0,0,0,1,1,Month-to-month,0,0,3,90.55,90.55,Yes,1,72,90.55,90.55,Competitor made better offer
1,94550,Male,1,1,0,44,0,0,DSL,0,1,0,0,0,0,Month-to-month,1,0,1,30.35,1359.7,Yes,1,96,1335.4,1335.4,Competitor had better devices
1,94553,Male,0,0,0,71,1,1,Fiber optic,1,0,1,1,1,1,Two year,1,0,7,108.05,7532.15,Yes,1,81,7671.55,7671.55,Competitor had better devices
1,94555,Male,0,0,0,1,1,0,Fiber optic,0,0,0,0,0,0,Month-to-month,1,0,1,69.9,69.9,Yes,1,84,69.9,69.9,Competitor offered higher download speeds
1,94558,Male,1,1,0,62,1,1,Fiber optic,0,1,1,0,1,1,One year,1,0,6,103.75,6383.35,Yes,1,91,6432.5,6432.5,Competitor offered higher download speeds
1,94564,Male,0,0,0,1,1,1,Fiber optic,0,0,0,0,0,1,Month-to-month,1,0,3,86.6,86.6,Yes,1,93,86.6,86.6,Competitor offered higher download speeds
1,94566,Female,1,1,0,33,1,1,Fiber optic,0,1,0,0,0,0,Month-to-month,1,1,3,80.6,2656.5,Yes,1,72,2659.7999999999997,2659.7999999999997,Competitor offered more data
1,94579,Female,0,0,0,35,1,1,Fiber optic,0,1,0,1,0,0,Month-to-month,0,1,4,85.3,2917.5,Yes,1,88,2985.5,2985.5,Competitor offered more data
1,94580,Female,0,0,0,34,1,0,Fiber optic,0,0,0,0,0,0,Month-to-month,1,1,1,70.0,2416.1,Yes,1,93,2380.0,2380.0,Competitor offered more data
1,94583,Female,1,0,0,4,1,1,Fiber optic,0,0,0,0,1,1,Month-to-month,1,0,4,94.3,424.45,Yes,1,99,377.2,377.2,Competitor made better offer
1,94587,Female,0,0,0,7,1,0,Fiber optic,0,0,1,0,1,1,Month-to-month,1,0,4,95.35,660.9,Yes,1,92,667.4499999999999,667.4499999999999,Competitor made better offer
1,94588,Male,1,1,0,27,1,1,Fiber optic,0,0,0,0,0,0,Month-to-month,1,0,2,75.5,1893.95,Yes,1,65,2038.5,2038.5,Competitor had better devices
1,94595,Female,0,0,0,18,1,1,Fiber optic,0,0,0,1,0,1,Month-to-month,1,0,4,90.1,1612.75,Yes,1,80,1621.8,1621.8,Competitor offered higher download speeds
1,94596,Female,0,0,0,2,1,0,Fiber optic,0,0,0,0,0,0,Month-to-month,0,0,1,68.95,119.75,Yes,1,84,137.9,137.9,Competitor offered more data
1,94598,Male,0,1,0,32,1,1,Fiber optic,1,0,0,0,1,1,Month-to-month,1,1,5,99.55,3204.65,Yes,1,71,3185.6,3185.6,Competitor made better offer
1,94606,Male,0,1,0,18,1,0,DSL,0,0,1,0,0,1,Month-to-month,0,0,3,57.45,990.85,Yes,1,84,1034.1000000000001,1034.1000000000001,Competitor had better devices
1,94607,Male,0,1,0,12,1,0,DSL,0,0,0,0,0,1,One year,0,1,2,53.65,696.35,Yes,1,78,643.8,643.8,Competitor had better devices
1,94704,Male,1,0,0,8,1,1,Fiber optic,0,0,1,0,1,1,Month-to-month,1,0,5,100.6,819.4,Yes,1,90,804.8,804.8,Competitor offered higher download speeds
1,94706,Male,0,1,0,26,1,1,Fiber optic,0,0,0,0,1,0,Month-to-month,1,0,3,83.75,2070.6,Yes,1,84,2177.5,2177.5,Competitor offered higher download speeds
1,94707,Female,1,1,0,3,1,0,Fiber optic,1,0,0,1,1,0,Month-to-month,1,0,4,88.3,273.75,Yes,1,68,264.9,264.9,Competitor offered higher download speeds
1,94710,Female,1,0,0,8,1,0,Fiber optic,0,0,1,0,1,1,Month-to-month,1,0,4,92.1,729.95,Yes,1,81,736.8,736.8,Competitor offered more data
1,94903,Male,0,1,0,38,1,0,Fiber optic,1,1,0,0,0,0,Month-to-month,1,0,3,79.45,3013.05,Yes,1,85,3019.1,3019.1,Competitor offered more data
1,94904,Male,1,0,0,14,1,0,Fiber optic,0,0,0,0,1,1,Month-to-month,0,1,3,90.45,1266.1,Yes,1,96,1266.3,1266.3,Competitor offered more data
1,94923,Male,0,1,0,32,1,0,Fiber optic,0,0,0,0,0,0,Month-to-month,1,1,1,69.75,2347.9,Yes,1,96,2232.0,2232.0,Don't know
1,94931,Female,0,0,0,1,1,0,No,0,0,0,0,0,0,Month-to-month,0,0,1,19.65,19.65,Yes,1,99,19.65,19.65,Competitor made better offer
1,94933,Male,1,0,0,12,0,0,DSL,0,0,1,1,0,1,Month-to-month,1,0,3,43.65,526.95,Yes,1,74,523.8,523.8,Competitor had better devices
1,94939,Female,0,0,0,5,0,0,DSL,0,0,1,0,0,1,Month-to-month,0,0,2,39.5,210.75,Yes,1,93,197.5,197.5,Competitor offered higher download speeds
1,94940,Male,0,1,0,40,1,1,Fiber optic,0,0,0,0,1,1,Month-to-month,1,1,4,97.1,3706.95,Yes,1,67,3884.0,3884.0,Competitor offered more data
1,94945,Female,0,0,0,5,1,0,Fiber optic,0,0,0,0,0,1,Month-to-month,1,0,2,80.0,412.5,Yes,1,97,400.0,400.0,Competitor made better offer
1,94946,Female,0,0,0,10,1,0,Fiber optic,1,0,0,0,1,0,Month-to-month,1,0,3,84.7,832.05,Yes,1,69,847.0,847.0,Competitor had better devices
1,94947,Male,0,1,0,2,1,0,Fiber optic,0,0,0,0,1,1,Month-to-month,1,1,3,89.55,185.55,Yes,1,73,179.1,179.1,Competitor had better devices
1,94949,Male,0,0,0,23,1,1,Fiber optic,0,0,0,1,1,0,Month-to-month,1,0,4,90.6,1943.2,Yes,1,82,2083.7999999999997,2083.7999999999997,Competitor offered higher download speeds
1,94960,Female,0,0,0,23,1,1,Fiber optic,1,0,0,0,1,0,Month-to-month,1,1,4,90.05,2169.8,Yes,1,67,2071.15,2071.15,Competitor offered higher download speeds
1,94965,Male,0,1,0,49,1,1,Fiber optic,0,1,0,0,1,1,Month-to-month,1,1,5,99.05,4853.75,Yes,1,100,4853.45,4853.45,Competitor offered higher download speeds
1,94971,Female,0,0,0,2,1,0,Fiber optic,0,0,0,0,0,0,Month-to-month,0,1,1,69.75,144.55,Yes,1,68,139.5,139.5,Competitor offered more data
1,94972,Female,0,0,0,2,1,0,DSL,0,1,0,0,0,0,Month-to-month,1,1,2,49.05,91.1,Yes,1,98,98.1,98.1,Competitor offered more data
1,95002,Male,0,0,0,7,1,1,Fiber optic,0,0,1,0,1,1,Month-to-month,1,1,5,98.05,713,Yes,1,86,686.35,686.35,Competitor offered more data
1,95006,Female,0,0,0,41,1,1,Fiber optic,1,1,1,1,1,1,Month-to-month,1,1,8,114.5,4527.45,Yes,1,80,4694.5,4694.5,Competitor made better offer
1,95017,Male,0,0,0,2,1,0,Fiber optic,0,0,0,0,0,1,Month-to-month,1,0,2,80.95,171.15,Yes,1,65,161.9,161.9,Competitor made better offer
1,95019,Female,1,0,0,13,1,0,Fiber optic,0,0,1,0,0,0,Month-to-month,1,0,2,74.3,940.35,Yes,1,97,965.9,965.9,Competitor had better devices
1,95020,Female,1,0,0,11,1,0,Fiber optic,0,0,0,0,1,1,Month-to-month,0,1,3,89.7,1047.7,Yes,1,89,986.7,986.7,Competitor offered higher download speeds
1,95030,Male,1,1,0,17,1,1,Fiber optic,0,0,1,0,1,1,Month-to-month,1,1,5,100.45,1622.45,Yes,1,87,1707.65,1707.65,Competitor offered more data
1,95046,Male,0,1,0,25,1,0,Fiber optic,0,0,0,0,1,1,One year,1,0,3,90.4,2178.6,Yes,1,100,2260.0,2260.0,Competitor made better offer
1,95062,Male,0,1,0,3,1,0,DSL,0,1,1,0,0,0,Month-to-month,1,0,3,56.15,168.15,Yes,1,83,168.45,168.45,Competitor had better devices
1,95112,Female,0,0,0,4,1,0,Fiber optic,1,0,1,1,0,1,Month-to-month,1,1,5,94.4,387.2,Yes,1,74,377.6,377.6,Competitor had better devices
1,95116,Female,0,1,0,37,1,1,Fiber optic,0,0,1,0,0,0,Month-to-month,1,1,3,78.95,2839.65,Yes,1,97,2921.15,2921.15,Competitor offered higher download speeds
1,95125,Female,0,0,0,19,0,0,DSL,0,0,0,0,1,1,One year,1,1,2,44.85,893.55,Yes,1,72,852.15,852.15,Competitor offered higher download speeds
1,95128,Male,1,1,0,39,1,1,Fiber optic,0,1,1,0,1,1,Month-to-month,1,0,6,105.65,4284.8,Yes,1,96,4120.35,4120.35,Competitor offered higher download speeds
1,95129,Male,0,0,0,7,1,0,Fiber optic,0,0,1,0,0,0,Month-to-month,0,0,2,74.65,544.55,Yes,1,75,522.5500000000001,522.5500000000001,Competitor offered more data
1,95134,Female,0,1,0,14,1,1,DSL,1,0,0,0,1,0,Month-to-month,1,1,4,64.7,941,Yes,1,86,905.8000000000001,905.8000000000001,Competitor offered more data
1,95135,Female,1,1,0,11,1,1,Fiber optic,0,0,1,1,1,1,Month-to-month,1,1,6,104.05,1133.65,Yes,1,82,1144.55,1144.55,Competitor offered more data
1,95209,Male,0,0,0,1,0,0,DSL,0,0,0,0,0,1,Month-to-month,1,0,1,35.55,35.55,Yes,1,71,35.55,35.55,Don't know
1,95219,Female,0,0,0,2,1,1,Fiber optic,0,0,0,0,1,1,Month-to-month,1,0,4,95.15,196.9,Yes,1,82,190.3,190.3,Competitor made better offer
1,95220,Male,0,1,0,13,1,0,Fiber optic,0,0,1,0,1,1,Month-to-month,1,0,4,96.65,1162.85,Yes,1,75,1256.45,1256.45,Attitude of service provider
1,95232,Female,1,1,0,3,1,0,Fiber optic,0,0,0,0,1,0,Month-to-month,1,0,2,80.4,224.05,Yes,1,89,241.20000000000002,241.20000000000002,Attitude of service provider
1,95236,Male,0,0,0,1,0,0,DSL,0,1,0,0,0,0,Month-to-month,1,0,1,31.35,31.35,Yes,1,85,31.35,31.35,Attitude of service provider
1,95240,Female,0,0,0,12,1,1,Fiber optic,0,1,0,0,1,0,Month-to-month,1,1,4,89.75,1052.4,Yes,1,97,1077.0,1077.0,Attitude of support person
1,95252,Male,0,1,0,60,1,0,Fiber optic,0,1,0,0,1,1,One year,1,0,4,94.4,5610.25,Yes,1,99,5664.0,5664.0,Attitude of support person
1,95255,Male,0,0,0,1,1,0,No,0,0,0,0,0,0,Month-to-month,1,0,1,19.85,19.85,Yes,1,66,19.85,19.85,Attitude of support person
1,95301,Female,0,0,0,6,1,1,Fiber optic,0,1,1,1,1,1,Month-to-month,1,1,7,109.9,669.45,Yes,1,69,659.4000000000001,659.4000000000001,Attitude of service provider
1,95305,Male,0,0,0,15,1,0,Fiber optic,0,0,1,1,1,1,Month-to-month,1,0,5,101.35,1553.95,Yes,1,99,1520.25,1520.25,Attitude of service provider
1,95310,Male,1,0,0,21,1,0,DSL,0,0,1,0,1,0,Month-to-month,1,1,3,60.05,1236.15,Yes,1,70,1261.05,1261.05,Attitude of service provider
1,95315,Female,0,0,0,1,1,1,DSL,0,0,0,0,0,1,Month-to-month,1,0,3,60.15,60.15,Yes,1,91,60.15,60.15,Attitude of support person
1,95323,Male,0,0,0,7,1,1,Fiber optic,0,0,1,0,1,0,Month-to-month,1,0,4,90.45,593.45,Yes,1,98,633.15,633.15,Competitor made better offer
1,95335,Male,0,1,0,53,1,0,Fiber optic,0,1,0,0,1,1,One year,1,1,4,94.25,4867.95,Yes,1,96,4995.25,4995.25,Moved
1,95338,Male,0,0,0,1,1,1,Fiber optic,0,0,0,0,0,0,Month-to-month,1,0,2,74.9,74.9,Yes,1,84,74.9,74.9,Moved
1,95346,Female,0,0,0,1,1,0,Fiber optic,0,0,0,0,1,0,Month-to-month,1,0,2,80.25,80.25,Yes,1,69,80.25,80.25,Moved
1,95350,Male,0,1,0,17,1,0,Fiber optic,0,0,0,0,0,0,Month-to-month,1,0,1,69.0,1149.65,Yes,1,77,1173.0,1173.0,Competitor offered higher download speeds
1,95351,Female,0,1,0,11,1,1,DSL,0,0,0,1,0,1,Month-to-month,1,0,4,66.35,740.8,Yes,1,91,729.8499999999999,729.8499999999999,Competitor offered higher download speeds
1,95356,Male,0,0,0,19,1,1,Fiber optic,0,0,0,0,0,1,Month-to-month,1,1,3,86.0,1532.45,Yes,1,98,1634.0,1634.0,Competitor offered higher download speeds
1,95357,Female,0,1,0,3,1,0,Fiber optic,0,0,0,0,0,1,Month-to-month,1,0,2,80.3,250.05,Yes,1,72,240.89999999999998,240.89999999999998,Competitor offered higher download speeds
1,95361,Male,0,0,0,24,1,1,Fiber optic,0,1,0,0,1,0,Month-to-month,1,1,4,90.55,2282.55,Yes,1,67,2173.2,2173.2,Don't know
1,95367,Female,0,0,0,2,1,1,Fiber optic,0,0,0,0,0,0,Month-to-month,1,0,2,75.9,143.35,Yes,1,86,151.8,151.8,Don't know
1,95368,Male,0,1,0,1,1,0,DSL,0,0,0,0,0,0,Month-to-month,1,0,1,45.85,45.85,Yes,1,73,45.85,45.85,Don't know
1,95369,Female,0,1,0,16,0,0,DSL,0,0,0,1,1,1,Month-to-month,1,0,3,49.95,810.2,Yes,1,78,799.2,799.2,Don't know
1,95382,Male,0,1,0,34,1,0,Fiber optic,0,0,0,0,1,0,Month-to-month,0,0,2,78.3,2564.3,Yes,1,77,2662.2,2662.2,Don't know
1,95387,Male,0,0,0,3,1,1,Fiber optic,0,0,0,0,0,0,Month-to-month,1,0,2,76.95,228.4,Yes,1,92,230.85000000000002,230.85000000000002,Don't know
1,95389,Female,1,0,0,16,1,1,Fiber optic,0,0,0,0,1,1,Month-to-month,1,0,4,96.15,1529.2,Yes,1,96,1538.4,1538.4,Don't know
1,95407,Male,0,0,0,1,1,0,DSL,0,0,0,0,0,0,Month-to-month,0,0,1,45.3,45.3,Yes,1,66,45.3,45.3,Don't know
1,95409,Female,0,0,0,15,1,0,No,0,0,0,0,0,0,Month-to-month,0,1,1,19.4,289.3,Yes,1,87,291.0,291.0,Don't know
1,95417,Female,0,0,0,11,1,1,Fiber optic,0,0,0,1,1,0,Month-to-month,0,0,4,90.15,987.95,Yes,1,66,991.6500000000001,991.6500000000001,Competitor offered higher download speeds
1,95420,Male,0,0,0,1,1,0,DSL,0,0,0,0,0,0,Month-to-month,0,0,1,45.05,45.05,Yes,1,98,45.05,45.05,Network reliability
1,95422,Female,0,0,0,1,1,0,Fiber optic,0,1,0,0,0,0,Month-to-month,0,0,2,75.8,75.8,Yes,1,70,75.8,75.8,Network reliability
1,95425,Female,0,0,0,7,1,0,Fiber optic,0,0,0,0,0,1,Month-to-month,1,0,2,79.3,523.15,Yes,1,69,555.1,555.1,Network reliability
1,95427,Female,0,0,0,2,0,0,DSL,0,0,0,1,0,0,Month-to-month,1,0,1,30.9,59.05,Yes,1,98,61.8,61.8,Network reliability
1,95431,Female,1,0,0,46,1,0,Fiber optic,0,1,0,0,1,1,One year,0,1,4,95.25,4424.2,Yes,1,90,4381.5,4381.5,Network reliability
1,95439,Female,1,1,0,68,1,1,Fiber optic,0,1,0,0,0,1,Month-to-month,1,1,4,89.6,6127.6,Yes,1,69,6092.799999999999,6092.799999999999,Network reliability
1,95445,Male,0,1,0,59,1,1,Fiber optic,1,1,1,0,1,1,One year,1,0,7,110.15,6448.05,Yes,1,97,6498.85,6498.85,Network reliability
1,95464,Male,1,1,0,7,1,0,Fiber optic,0,0,0,0,1,1,Month-to-month,1,0,3,89.5,676.7,Yes,1,89,626.5,626.5,Network reliability
1,95471,Male,0,1,0,8,1,0,Fiber optic,1,0,0,0,0,0,Month-to-month,0,0,2,75.0,632.95,Yes,1,80,600.0,600.0,Network reliability
1,95482,Male,0,0,0,6,1,0,DSL,0,0,0,0,0,0,Month-to-month,0,0,1,44.75,270.95,Yes,1,78,268.5,268.5,Network reliability
1,95493,Female,0,1,0,11,1,0,DSL,0,0,0,0,0,0,Month-to-month,1,0,1,44.05,483.7,Yes,1,84,484.54999999999995,484.54999999999995,Network reliability
1,95511,Male,1,1,0,15,1,1,Fiber optic,0,0,0,0,0,1,Month-to-month,1,1,3,85.6,1345.55,Yes,1,83,1284.0,1284.0,Network reliability
1,95519,Female,0,0,0,70,1,1,Fiber optic,1,1,1,1,1,1,One year,0,1,8,115.55,8127.6,Yes,1,87,8088.5,8088.5,Network reliability
1,95524,Male,1,0,0,16,1,1,Fiber optic,0,0,0,0,1,0,Month-to-month,1,0,3,86.6,1281,Yes,1,81,1385.6,1385.6,Network reliability
1,95525,Female,0,0,0,18,1,1,Fiber optic,0,0,0,0,1,0,Month-to-month,1,0,3,85.2,1553.9,Yes,1,77,1533.6000000000001,1533.6000000000001,Don't know
1,95526,Female,0,1,0,34,1,1,Fiber optic,0,0,0,0,1,1,Month-to-month,1,0,4,97.65,3207.55,Yes,1,87,3320.1000000000004,3320.1000000000004,Don't know
1,95531,Male,0,1,0,47,1,1,Fiber optic,0,1,1,1,1,1,Month-to-month,1,0,7,109.55,5124.55,Yes,1,90,5148.849999999999,5148.849999999999,Don't know
1,95536,Female,0,1,0,39,1,1,Fiber optic,0,1,1,1,0,0,One year,1,0,5,89.55,3474.45,Yes,1,65,3492.45,3492.45,Poor expertise of online support
1,95545,Male,0,0,0,1,1,0,No,0,0,0,0,0,0,Month-to-month,1,0,1,19.45,19.45,Yes,1,78,19.45,19.45,Poor expertise of phone support
1,95550,Female,0,1,0,4,1,0,No,0,0,0,0,0,0,Month-to-month,0,0,1,20.35,76.35,Yes,1,81,81.4,81.4,Competitor had better devices
1,95551,Female,1,0,0,1,1,0,Fiber optic,0,0,0,0,0,0,Month-to-month,1,0,1,69.25,69.25,Yes,1,75,69.25,69.25,Competitor offered higher download speeds
1,95553,Male,0,1,0,59,1,1,Fiber optic,0,0,1,0,1,1,One year,1,1,5,99.5,5961.1,Yes,1,76,5870.5,5870.5,Competitor offered more data
1,95562,Female,1,0,0,1,0,0,DSL,0,0,0,0,0,0,Month-to-month,1,0,0,25.2,25.2,Yes,1,67,25.2,25.2,Competitor made better offer
1,95563,Male,0,0,0,2,1,0,DSL,0,0,0,0,0,0,Month-to-month,1,0,1,45.0,96.45,Yes,1,93,90.0,90.0,Competitor had better devices
1,95567,Male,0,0,0,1,1,0,No,0,0,0,0,0,0,Month-to-month,0,0,1,20.15,20.15,Yes,1,70,20.15,20.15,Competitor had better devices
1,95568,Male,0,1,0,66,1,1,Fiber optic,0,1,1,0,1,1,Month-to-month,1,1,6,105.0,7133.25,Yes,1,96,6930.0,6930.0,Competitor offered higher download speeds
1,95570,Male,0,0,0,3,1,0,DSL,0,0,0,0,1,0,Month-to-month,1,1,2,54.7,169.45,Yes,1,66,164.10000000000002,164.10000000000002,Competitor offered higher download speeds
1,95589,Female,0,1,0,14,1,1,Fiber optic,0,0,1,0,0,1,Month-to-month,1,0,4,87.25,1258.6,Yes,1,78,1221.5,1221.5,Competitor offered higher download speeds
1,95601,Male,0,1,0,10,1,0,Fiber optic,0,0,0,0,1,0,Month-to-month,1,0,2,79.95,857.2,Yes,1,68,799.5,799.5,Competitor offered more data
1,95608,Female,0,0,0,18,1,1,Fiber optic,0,0,0,1,1,0,Month-to-month,1,0,4,88.35,1639.3,Yes,1,96,1590.3,1590.3,Competitor offered more data
1,95616,Female,0,0,0,9,1,1,Fiber optic,0,0,0,0,1,1,Month-to-month,1,0,4,94.75,889.9,Yes,1,83,852.75,852.75,Competitor offered more data
1,95618,Female,1,0,0,13,1,1,Fiber optic,0,0,0,0,1,1,Month-to-month,1,0,4,95.05,1290,Yes,1,97,1235.6499999999999,1235.6499999999999,Competitor made better offer
1,95619,Male,0,0,0,4,1,1,Fiber optic,0,1,0,0,0,0,Month-to-month,0,0,3,78.45,330.05,Yes,1,67,313.8,313.8,Competitor made better offer
1,95620,Male,0,0,0,4,1,0,Fiber optic,0,0,0,0,0,0,Month-to-month,1,0,1,70.2,237.95,Yes,1,92,280.8,280.8,Competitor had better devices
1,95624,Male,0,1,0,59,0,0,DSL,0,1,0,0,0,1,Month-to-month,1,1,2,41.05,2452.7,Yes,1,70,2421.95,2421.95,Competitor offered higher download speeds
1,95625,Male,0,1,0,10,1,1,Fiber optic,0,0,0,0,1,0,Month-to-month,1,0,3,85.6,813.85,Yes,1,70,856.0,856.0,Competitor offered more data
1,95630,Female,1,0,0,1,1,0,Fiber optic,0,0,0,0,1,0,Month-to-month,1,0,2,79.2,79.2,Yes,1,76,79.2,79.2,Competitor made better offer
1,95635,Male,0,0,0,5,1,0,DSL,0,0,1,0,1,1,One year,1,0,4,70.0,347.4,Yes,1,77,350.0,350.0,Competitor had better devices
1,95642,Female,0,0,0,1,1,1,DSL,0,0,0,0,0,0,Month-to-month,1,1,2,49.95,49.95,Yes,1,71,49.95,49.95,Competitor had better devices
1,95645,Female,0,1,0,22,1,0,Fiber optic,0,0,0,0,0,0,Month-to-month,1,0,1,69.25,1554,Yes,1,85,1523.5,1523.5,Competitor offered higher download speeds
1,95653,Female,1,1,0,34,1,1,Fiber optic,0,1,1,0,0,1,Month-to-month,1,0,5,94.25,3217.55,Yes,1,88,3204.5,3204.5,Competitor offered higher download speeds
1,95662,Male,0,1,0,41,1,1,DSL,0,0,1,0,1,1,One year,1,0,5,73.0,3001.2,Yes,1,86,2993.0,2993.0,Competitor offered higher download speeds
1,95663,Female,0,0,0,64,1,1,Fiber optic,0,0,1,0,1,1,One year,1,1,5,100.05,6254.2,Yes,1,69,6403.2,6403.2,Competitor offered more data
1,95668,Female,1,0,0,4,1,0,Fiber optic,0,1,1,0,1,1,Month-to-month,1,1,5,99.8,442.85,Yes,1,89,399.2,399.2,Competitor offered more data
1,95669,Female,0,0,0,18,0,0,DSL,0,0,0,0,0,1,Month-to-month,1,0,1,35.0,553,Yes,1,76,630.0,630.0,Competitor offered more data
1,95673,Female,0,0,0,1,1,1,Fiber optic,0,0,0,0,0,0,Month-to-month,0,0,2,76.0,76,Yes,1,72,76.0,76.0,Competitor made better offer
1,95681,Female,1,0,0,2,1,1,Fiber optic,0,0,0,0,1,1,Month-to-month,1,0,4,93.85,170.85,Yes,1,72,187.7,187.7,Don't know
1,95683,Female,0,1,0,15,1,0,Fiber optic,0,0,1,0,1,0,Month-to-month,1,0,3,84.3,1308.4,Yes,1,86,1264.5,1264.5,Competitor had better devices
1,95692,Male,1,0,0,9,1,1,Fiber optic,0,0,0,0,0,1,Month-to-month,1,1,3,84.4,732.5,Yes,1,83,759.6,759.6,Competitor offered higher download speeds
1,95694,Male,0,1,0,15,1,1,Fiber optic,0,0,1,0,1,1,Month-to-month,1,0,5,101.1,1504.05,Yes,1,97,1516.5,1516.5,Competitor offered more data
1,95713,Male,0,0,0,1,1,1,DSL,0,0,0,0,0,0,Month-to-month,1,0,2,50.45,50.45,Yes,1,68,50.45,50.45,Competitor made better offer
1,95722,Male,0,0,0,12,1,1,Fiber optic,0,0,0,1,1,1,Month-to-month,1,0,5,99.95,1132.75,Yes,1,80,1199.4,1199.4,Competitor had better devices
1,95728,Female,0,0,0,2,1,1,Fiber optic,0,0,1,0,1,0,Month-to-month,1,0,4,91.4,193.6,Yes,1,80,182.8,182.8,Competitor had better devices
1,95742,Female,1,0,0,5,1,0,Fiber optic,0,0,1,0,0,0,Month-to-month,1,1,2,75.55,349.65,Yes,1,97,377.75,377.75,Competitor offered higher download speeds
1,95815,Male,0,0,0,4,1,1,Fiber optic,0,0,0,1,0,0,Month-to-month,0,1,3,80.8,332.45,Yes,1,72,323.2,323.2,Competitor offered higher download speeds
1,95824,Female,0,1,0,16,1,1,Fiber optic,0,1,0,0,1,1,Month-to-month,1,0,5,100.0,1534.75,Yes,1,68,1600.0,1600.0,Competitor offered higher download speeds
1,95826,Male,0,0,0,1,1,0,No,0,0,0,0,0,0,Month-to-month,0,0,1,20.55,20.55,Yes,1,87,20.55,20.55,Competitor offered more data
1,95828,Male,0,0,0,5,1,1,Fiber optic,0,1,1,0,0,0,Month-to-month,1,0,4,85.3,424.15,Yes,1,81,426.5,426.5,Competitor offered more data
1,95831,Female,0,0,0,4,1,0,Fiber optic,0,0,0,0,0,0,Month-to-month,0,0,1,70.4,281,Yes,1,88,281.6,281.6,Competitor offered more data
1,95838,Male,0,0,0,37,1,1,Fiber optic,0,0,0,1,1,1,Month-to-month,0,1,5,98.8,3475.55,Yes,1,82,3655.6,3655.6,Competitor made better offer
1,95843,Male,0,1,0,13,1,1,Fiber optic,0,0,0,0,0,0,Month-to-month,1,1,2,74.4,896.75,Yes,1,89,967.2,967.2,Competitor made better offer
1,95864,Female,0,0,0,24,1,1,Fiber optic,0,0,1,0,1,1,Month-to-month,1,0,5,98.75,2407.3,Yes,1,85,2370.0,2370.0,Competitor had better devices
1,95912,Male,0,1,0,61,1,1,Fiber optic,1,1,0,0,1,1,One year,1,0,6,106.0,6547.7,Yes,1,92,6466.0,6466.0,Competitor offered higher download speeds
1,95914,Male,0,0,0,41,1,1,Fiber optic,0,1,1,0,1,1,Month-to-month,1,0,6,104.7,4346.4,Yes,1,84,4292.7,4292.7,Competitor offered more data
1,95923,Male,1,0,0,22,1,1,Fiber optic,0,0,0,0,1,1,Month-to-month,1,0,4,96.7,2082.95,Yes,1,93,2127.4,2127.4,Competitor made better offer
1,95925,Female,0,0,0,2,1,0,DSL,0,1,0,1,0,0,Month-to-month,1,1,3,55.05,102.75,Yes,1,81,110.1,110.1,Competitor had better devices
1,95935,Male,1,0,0,19,1,1,Fiber optic,0,1,0,0,1,0,Month-to-month,1,0,4,88.2,1775.8,Yes,1,69,1675.8,1675.8,Competitor had better devices
1,95937,Female,0,1,0,8,1,0,No,0,0,0,0,0,0,One year,1,0,1,19.75,145,Yes,1,89,158.0,158.0,Competitor offered higher download speeds
1,95942,Male,1,0,0,15,1,1,Fiber optic,0,0,0,0,0,0,Month-to-month,0,0,2,75.65,1146.65,Yes,1,96,1134.75,1134.75,Competitor offered higher download speeds
1,95949,Male,1,0,0,1,1,1,Fiber optic,0,0,0,0,0,0,Month-to-month,1,0,2,74.7,74.7,Yes,1,88,74.7,74.7,Competitor offered higher download speeds
1,95954,Male,0,0,0,17,1,0,Fiber optic,0,0,1,0,0,0,Month-to-month,1,0,2,76.65,1313.55,Yes,1,87,1303.0500000000002,1303.0500000000002,Competitor offered more data
1,95959,Female,1,0,0,1,0,0,DSL,0,0,0,0,0,0,Month-to-month,1,0,0,25.8,25.8,Yes,1,97,25.8,25.8,Competitor offered more data
1,95966,Female,0,0,0,2,0,0,DSL,1,1,0,0,0,1,Month-to-month,1,0,3,42.6,72.4,Yes,1,79,85.2,85.2,Competitor offered more data
1,95970,Female,0,0,0,29,1,0,DSL,1,1,1,0,0,1,Month-to-month,1,1,5,68.85,1970.5,Yes,1,79,1996.6499999999999,1996.6499999999999,Competitor made better offer
1,95981,Male,0,1,0,2,1,0,Fiber optic,0,0,1,1,0,1,Month-to-month,0,1,4,90.0,190.05,Yes,1,99,180.0,180.0,Competitor made better offer
1,95984,Female,0,0,0,14,1,0,Fiber optic,0,0,1,0,0,0,Month-to-month,0,0,2,75.35,1025.95,Yes,1,71,1054.8999999999999,1054.8999999999999,Attitude of service provider
1,95993,Male,0,0,0,8,1,1,Fiber optic,0,1,0,0,1,1,Month-to-month,0,0,5,100.85,819.55,Yes,1,97,806.8,806.8,Attitude of service provider
1,96007,Female,0,1,0,5,1,0,Fiber optic,0,0,0,0,0,0,Month-to-month,0,0,1,69.95,330.15,Yes,1,81,349.75,349.75,Attitude of service provider
1,96011,Female,0,1,0,63,1,1,Fiber optic,0,1,1,0,1,1,One year,1,0,6,107.5,6873.75,Yes,1,96,6772.5,6772.5,Attitude of support person
1,96014,Male,0,0,0,1,1,0,DSL,0,0,0,0,0,0,Month-to-month,1,0,1,45.85,45.85,Yes,1,94,45.85,45.85,Attitude of support person
1,96021,Female,0,1,0,53,1,0,Fiber optic,1,1,1,0,1,1,One year,1,1,6,106.1,5769.75,Yes,1,94,5623.299999999999,5623.299999999999,Attitude of support person
1,96022,Female,0,0,0,1,1,0,Fiber optic,0,1,0,1,1,0,Month-to-month,0,0,4,91.7,91.7,Yes,1,71,91.7,91.7,Attitude of service provider
1,96024,Female,0,0,0,16,1,1,Fiber optic,0,1,1,0,0,1,Month-to-month,1,1,5,95.6,1555.65,Yes,1,96,1529.6,1529.6,Attitude of service provider
1,96028,Male,0,0,0,1,1,1,Fiber optic,0,0,0,0,0,0,Month-to-month,1,0,2,74.95,74.95,Yes,1,82,74.95,74.95,Attitude of service provider
1,96032,Male,1,0,0,10,1,1,Fiber optic,0,0,0,0,1,1,Month-to-month,1,0,4,95.35,898.35,Yes,1,75,953.5,953.5,Attitude of support person
1,96041,Female,1,0,0,3,1,0,DSL,0,0,0,0,0,0,Month-to-month,0,0,1,45.0,127.1,Yes,1,77,135.0,135.0,Competitor made better offer
1,96047,Male,0,0,0,66,1,0,Fiber optic,0,1,1,0,1,1,Month-to-month,0,0,5,99.5,6710.5,Yes,1,73,6567.0,6567.0,Moved
1,96050,Female,0,1,0,17,1,0,Fiber optic,0,0,1,1,1,1,One year,0,1,5,98.6,1704.95,Yes,1,91,1676.1999999999998,1676.1999999999998,Moved
1,96051,Female,0,0,0,7,1,0,DSL,0,0,0,1,1,0,Month-to-month,1,0,3,59.5,415.95,Yes,1,91,416.5,416.5,Moved
1,96052,Male,1,1,0,12,1,0,Fiber optic,0,0,0,0,0,1,Month-to-month,1,0,2,80.45,950.2,Yes,1,69,965.4000000000001,965.4000000000001,Competitor made better offer
1,96068,Female,0,1,0,42,1,0,Fiber optic,0,0,0,0,1,0,Month-to-month,1,1,2,77.95,3384,Yes,1,82,3273.9,3273.9,Competitor made better offer
1,96073,Male,1,0,0,2,1,0,Fiber optic,0,1,0,0,0,0,Month-to-month,1,0,2,74.7,165.4,Yes,1,81,149.4,149.4,Competitor made better offer
1,96084,Male,1,0,0,1,1,1,Fiber optic,0,0,1,0,1,0,Month-to-month,1,0,4,88.8,88.8,Yes,1,91,88.8,88.8,Competitor made better offer
1,96086,Male,0,0,0,30,1,0,Fiber optic,0,0,0,0,1,1,Month-to-month,1,0,3,90.25,2755.35,Yes,1,84,2707.5,2707.5,Competitor made better offer
1,96087,Female,0,0,0,15,1,1,DSL,1,0,0,0,0,1,Month-to-month,1,1,4,64.65,994.55,Yes,1,89,969.7500000000001,969.7500000000001,Competitor made better offer
1,96092,Male,1,1,0,13,1,0,Fiber optic,0,1,0,1,0,1,Month-to-month,1,1,4,89.05,1169.35,Yes,1,82,1157.6499999999999,1157.6499999999999,Competitor made better offer
1,96101,Male,0,1,0,67,1,1,Fiber optic,0,1,1,0,0,0,One year,0,0,4,87.4,5918.8,Yes,1,65,5855.8,5855.8,Competitor made better offer
1,96108,Female,1,0,0,23,1,0,Fiber optic,0,1,0,0,1,1,Month-to-month,1,0,4,94.75,2293.6,Yes,1,95,2179.25,2179.25,Competitor made better offer
1,96112,Female,0,0,0,35,1,1,Fiber optic,0,0,0,0,1,0,Month-to-month,1,0,3,86.45,3029.1,Yes,1,68,3025.75,3025.75,Competitor made better offer
1,96115,Female,0,1,0,56,1,1,Fiber optic,0,1,0,0,1,1,One year,1,0,5,98.25,5508.35,Yes,1,97,5502.0,5502.0,Competitor made better offer
1,96116,Female,0,1,0,9,1,0,Fiber optic,0,0,1,0,0,0,Month-to-month,1,1,2,75.75,655.9,Yes,1,96,681.75,681.75,Competitor made better offer
1,96122,Female,1,1,0,17,1,1,Fiber optic,1,0,1,0,0,0,Month-to-month,1,1,4,85.35,1463.45,Yes,1,70,1450.9499999999998,1450.9499999999998,Competitor made better offer
1,96123,Male,0,0,0,48,1,1,Fiber optic,0,1,1,0,1,1,One year,1,1,6,106.1,5082.8,Yes,1,69,5092.799999999999,5092.799999999999,Competitor made better offer
1,96133,Male,1,0,0,17,1,0,DSL,0,0,0,0,0,0,Month-to-month,1,0,1,45.05,770.6,Yes,1,65,765.8499999999999,765.8499999999999,Extra data charges
1,96141,Female,0,0,0,34,1,1,Fiber optic,1,1,1,0,1,1,Month-to-month,1,0,7,109.8,3587.25,Yes,1,78,3733.2,3733.2,Extra data charges
1,96142,Female,1,0,0,42,1,1,Fiber optic,0,0,0,0,1,0,Month-to-month,1,0,3,84.65,3541.35,Yes,1,76,3555.3,3555.3,Extra data charges
1,96145,Male,0,1,0,11,1,0,Fiber optic,0,0,0,0,1,0,Month-to-month,1,1,2,79.5,868.5,Yes,1,68,874.5,874.5,Extra data charges
1,96150,Female,0,0,0,1,1,1,Fiber optic,0,0,0,0,0,1,Month-to-month,0,0,3,85.8,85.8,Yes,1,99,85.8,85.8,Extra data charges
1,96161,Male,1,0,0,1,1,0,Fiber optic,0,0,0,0,1,0,Month-to-month,1,0,2,79.1,79.1,Yes,1,84,79.1,79.1,Extra data charges
1,90004,Female,0,1,0,3,1,0,DSL,0,0,0,0,0,0,Month-to-month,0,0,1,44.3,134.5,Yes,1,88,132.89999999999998,132.89999999999998,Extra data charges
1,90007,Male,0,1,0,50,1,1,Fiber optic,1,0,1,0,1,1,Month-to-month,0,1,6,105.95,5341.8,Yes,1,79,5297.5,5297.5,Extra data charges
1,90012,Male,0,0,0,5,1,0,Fiber optic,0,0,0,0,0,0,Month-to-month,1,0,1,69.75,324.6,Yes,1,99,348.75,348.75,Extra data charges
1,90013,Male,0,1,0,51,1,1,Fiber optic,0,0,0,0,1,1,Month-to-month,1,0,4,94.65,4812.75,Yes,1,100,4827.150000000001,4827.150000000001,Extra data charges
1,90014,Female,0,0,0,46,1,1,Fiber optic,0,0,0,0,1,1,Month-to-month,0,1,4,96.05,4399.5,Yes,1,77,4418.3,4418.3,Extra data charges
1,90020,Male,1,0,0,1,1,0,DSL,0,0,1,0,0,0,Month-to-month,1,0,2,50.15,50.15,Yes,1,98,50.15,50.15,Extra data charges
1,90023,Female,0,1,0,41,1,1,Fiber optic,1,1,1,1,1,1,Month-to-month,1,1,8,113.6,4594.95,Yes,1,96,4657.599999999999,4657.599999999999,Extra data charges
1,90025,Female,0,0,0,29,1,0,Fiber optic,0,0,0,0,1,0,Month-to-month,1,0,2,78.9,2384.15,Yes,1,90,2288.1000000000004,2288.1000000000004,Extra data charges
1,90037,Female,0,1,0,26,1,1,DSL,0,1,0,1,0,0,Month-to-month,1,0,4,60.05,1616.15,Yes,1,71,1561.3,1561.3,Don't know
1,90045,Female,0,0,0,1,0,0,DSL,0,0,0,0,1,0,Month-to-month,1,0,1,34.7,34.7,Yes,1,81,34.7,34.7,Don't know
1,90047,Male,0,0,0,3,1,1,Fiber optic,0,0,0,0,0,1,Month-to-month,1,0,3,85.3,264.8,Yes,1,67,255.89999999999998,255.89999999999998,Don't know
1,90058,Female,0,1,0,66,1,1,Fiber optic,0,1,1,0,1,1,One year,1,1,6,102.45,6615.15,Yes,1,82,6761.7,6761.7,Attitude of support person
1,90059,Female,0,1,0,21,1,1,Fiber optic,1,0,1,0,1,1,Month-to-month,1,1,6,104.4,2200.25,Yes,1,67,2192.4,2192.4,Attitude of support person
1,90062,Male,0,0,0,1,1,1,Fiber optic,0,0,1,0,1,1,Month-to-month,1,0,5,99.75,99.75,Yes,1,93,99.75,99.75,Attitude of support person
1,90066,Male,0,0,0,4,1,0,DSL,0,0,1,1,1,1,Month-to-month,1,0,5,74.4,299.7,Yes,1,69,297.6,297.6,Attitude of support person
1,90230,Female,0,0,0,9,1,0,Fiber optic,1,0,0,0,0,0,Month-to-month,1,1,2,74.25,639.65,Yes,1,76,668.25,668.25,Attitude of support person
1,90250,Male,0,0,0,1,1,1,DSL,0,0,0,0,1,0,Month-to-month,1,0,3,59.85,59.85,Yes,1,71,59.85,59.85,Attitude of support person
1,90254,Female,1,0,0,1,1,0,Fiber optic,0,0,0,0,0,0,Month-to-month,1,0,1,69.6,69.6,Yes,1,96,69.6,69.6,Attitude of support person
1,90262,Male,0,0,0,9,0,0,DSL,0,0,0,0,1,1,Month-to-month,1,0,2,45.4,418.8,Yes,1,81,408.59999999999997,408.59999999999997,Attitude of support person
1,90265,Female,0,0,0,1,1,0,No,0,0,0,0,0,0,Month-to-month,0,0,1,19.5,19.5,Yes,1,77,19.5,19.5,Attitude of support person
1,90272,Male,0,0,0,1,1,0,Fiber optic,0,0,0,0,0,0,Month-to-month,1,0,1,69.9,69.9,Yes,1,88,69.9,69.9,Attitude of support person
1,90277,Female,0,0,0,2,1,0,Fiber optic,0,1,0,0,1,0,Month-to-month,1,1,3,87.15,183.75,Yes,1,72,174.3,174.3,Don't know
1,90292,Female,0,1,0,3,1,1,Fiber optic,0,0,0,0,0,1,Month-to-month,1,1,3,84.75,264.85,Yes,1,100,254.25,254.25,Attitude of support person
1,90303,Male,0,0,0,14,1,1,Fiber optic,0,0,0,1,1,0,Month-to-month,1,0,4,89.95,1178.4,Yes,1,97,1259.3,1259.3,Attitude of support person
1,90620,Female,1,0,0,41,1,1,Fiber optic,1,1,1,0,1,1,Month-to-month,1,0,7,113.2,4689.5,Yes,1,89,4641.2,4641.2,Attitude of support person
1,90621,Male,1,0,0,13,1,0,Fiber optic,0,0,0,0,1,1,Month-to-month,1,0,3,90.5,1201.15,Yes,1,76,1176.5,1176.5,Attitude of support person
1,90623,Male,0,0,0,2,1,0,Fiber optic,0,0,0,0,1,0,Month-to-month,0,0,2,79.0,143.65,Yes,1,92,158.0,158.0,Attitude of support person
1,90680,Female,0,0,0,18,1,0,No,0,0,0,0,0,0,One year,0,1,1,20.15,390.85,Yes,1,85,362.7,362.7,Attitude of support person
1,90704,Male,0,0,0,1,1,0,Fiber optic,0,0,0,0,0,0,Month-to-month,1,0,1,71.65,71.65,Yes,1,93,71.65,71.65,Attitude of support person
1,90706,Female,0,0,0,4,1,0,No,0,0,0,0,0,0,Month-to-month,0,0,1,20.35,77.5,Yes,1,76,81.4,81.4,Attitude of support person
1,90712,Female,0,0,0,38,1,0,Fiber optic,0,1,1,1,0,0,Month-to-month,1,1,4,84.25,3264.5,Yes,1,70,3201.5,3201.5,Attitude of support person
1,90717,Female,0,0,0,12,1,0,Fiber optic,0,0,0,0,0,1,Month-to-month,0,1,2,78.1,947.3,Yes,1,89,937.1999999999999,937.1999999999999,Attitude of support person
1,90740,Female,0,1,0,19,1,1,Fiber optic,0,0,1,0,0,1,Month-to-month,0,0,4,89.65,1761.05,Yes,1,74,1703.3500000000001,1703.3500000000001,Attitude of support person
1,90745,Female,0,0,0,10,1,1,Fiber optic,1,0,0,0,1,1,Month-to-month,1,0,5,98.7,973.25,Yes,1,68,987.0,987.0,Attitude of support person
1,90808,Female,0,0,0,1,1,0,Fiber optic,0,0,1,0,0,0,Month-to-month,0,0,2,76.35,76.35,Yes,1,67,76.35,76.35,Attitude of support person
1,90810,Female,0,0,0,23,1,1,Fiber optic,0,1,0,0,0,0,Month-to-month,1,0,3,79.15,1676.95,Yes,1,68,1820.45,1820.45,Attitude of support person
1,90813,Male,1,1,0,32,1,1,Fiber optic,0,0,0,0,0,1,Month-to-month,1,0,3,85.0,2642.05,Yes,1,94,2720.0,2720.0,Attitude of support person
1,91030,Male,1,1,0,32,1,1,Fiber optic,0,0,0,0,0,1,Month-to-month,0,0,3,85.3,2661.1,Yes,1,75,2729.6,2729.6,Attitude of support person
1,91040,Female,0,0,0,31,1,1,Fiber optic,0,0,0,0,1,0,Month-to-month,1,1,3,86.55,2697.4,Yes,1,74,2683.0499999999997,2683.0499999999997,Attitude of support person
1,91042,Male,0,0,0,19,1,0,Fiber optic,0,1,0,0,0,0,Month-to-month,1,1,2,73.85,1424.5,Yes,1,89,1403.1499999999999,1403.1499999999999,Attitude of support person
1,91202,Male,1,1,0,57,0,0,DSL,0,0,0,0,1,1,Month-to-month,1,0,2,44.85,2572.95,Yes,1,82,2556.4500000000003,2556.4500000000003,Attitude of support person
1,91204,Male,1,0,0,1,1,0,DSL,0,0,0,0,0,0,Month-to-month,0,0,1,45.1,45.1,Yes,1,79,45.1,45.1,Attitude of support person
1,91206,Male,0,0,0,24,1,0,Fiber optic,0,0,0,1,1,1,Month-to-month,1,0,4,96.0,2122.45,Yes,1,71,2304.0,2304.0,Attitude of support person
1,91207,Male,0,0,0,1,1,0,No,0,0,0,0,0,0,Month-to-month,0,1,1,20.05,20.05,Yes,1,66,20.05,20.05,Attitude of support person
1,91301,Male,0,1,0,65,1,1,Fiber optic,1,0,1,1,1,1,Two year,0,1,7,108.65,6937.95,Yes,1,79,7062.25,7062.25,Attitude of support person
1,91321,Male,0,0,0,10,1,0,DSL,0,0,0,0,0,0,Month-to-month,1,0,1,45.55,402.6,Yes,1,67,455.5,455.5,Attitude of support person
1,91325,Female,0,1,0,2,0,0,DSL,0,0,0,0,0,1,Month-to-month,1,0,1,35.1,68.75,Yes,1,78,70.2,70.2,Attitude of support person
1,91326,Male,0,0,0,1,1,0,DSL,0,0,0,0,0,0,Month-to-month,0,1,1,46.2,46.2,Yes,1,76,46.2,46.2,Attitude of support person
1,91331,Female,0,0,0,1,1,0,DSL,0,0,0,0,0,0,Month-to-month,0,0,1,45.15,45.15,Yes,1,89,45.15,45.15,Attitude of support person
1,91335,Male,1,0,0,1,0,0,DSL,0,1,1,0,0,1,Month-to-month,1,0,3,43.3,43.3,Yes,1,91,43.3,43.3,Don't know
1,91342,Female,1,0,0,38,1,0,DSL,1,1,0,0,0,0,Month-to-month,1,1,3,57.15,2250.65,Yes,1,75,2171.7,2171.7,Attitude of support person
1,91344,Female,0,1,0,19,1,0,Fiber optic,1,0,0,0,0,0,Month-to-month,1,0,2,73.2,1441.1,Yes,1,97,1390.8,1390.8,Attitude of support person
1,91345,Male,0,0,0,52,1,0,Fiber optic,0,1,0,0,0,1,Month-to-month,1,0,3,85.35,4338.6,Yes,1,98,4438.2,4438.2,Attitude of support person
1,91351,Female,0,0,0,1,1,0,DSL,0,0,0,0,0,0,Month-to-month,0,0,1,45.95,45.95,Yes,1,69,45.95,45.95,Attitude of support person
1,91361,Female,0,0,0,3,1,0,Fiber optic,0,1,0,0,1,0,Month-to-month,0,0,3,83.75,247.25,Yes,1,65,251.25,251.25,Attitude of support person
1,91411,Male,0,0,0,1,1,0,Fiber optic,0,0,0,0,0,0,Month-to-month,1,0,1,70.05,70.05,Yes,1,69,70.05,70.05,Attitude of support person
1,91423,Male,0,0,0,2,1,1,Fiber optic,0,0,0,0,0,1,Month-to-month,1,0,3,86.0,165.45,Yes,1,77,172.0,172.0,Attitude of support person
1,91502,Female,1,1,0,35,1,1,Fiber optic,1,1,0,1,1,0,Month-to-month,1,1,6,100.5,3653.35,Yes,1,81,3517.5,3517.5,Attitude of support person
1,91601,Female,0,0,0,16,1,1,Fiber optic,0,0,0,0,0,0,Month-to-month,0,0,2,72.65,1194.3,Yes,1,73,1162.4,1162.4,Attitude of support person
1,91605,Female,0,1,0,1,1,0,No,0,0,0,0,0,0,Month-to-month,1,0,1,21.0,21,Yes,1,90,21.0,21.0,Attitude of support person
1,91606,Female,1,0,0,1,1,0,DSL,0,0,0,0,0,0,Month-to-month,0,0,1,45.1,45.1,Yes,1,70,45.1,45.1,Attitude of support person
1,91710,Male,1,1,0,30,1,0,DSL,0,1,0,0,0,0,Month-to-month,1,1,2,50.4,1527.5,Yes,1,83,1512.0,1512.0,Attitude of support person
1,91711,Female,1,0,0,5,1,0,Fiber optic,0,0,0,0,0,1,Month-to-month,0,0,2,78.95,378.4,Yes,1,65,394.75,394.75,Attitude of support person
1,91732,Male,0,0,0,56,1,1,Fiber optic,0,1,0,1,0,1,Month-to-month,1,0,5,94.45,5124.6,Yes,1,96,5289.2,5289.2,Attitude of support person
1,91754,Female,0,0,0,44,1,1,Fiber optic,0,1,1,0,0,0,Month-to-month,1,1,4,84.8,3862.55,Yes,1,66,3731.2,3731.2,Attitude of support person
1,91761,Male,0,0,0,1,1,0,DSL,0,0,1,0,0,0,Month-to-month,0,0,2,50.9,50.9,Yes,1,83,50.9,50.9,Attitude of support person
1,91768,Male,0,1,0,49,1,1,Fiber optic,0,0,1,0,1,1,Month-to-month,1,0,5,99.8,4872.45,Yes,1,83,4890.2,4890.2,Attitude of support person
1,91770,Male,0,1,0,47,1,1,Fiber optic,0,0,1,1,1,1,Month-to-month,1,1,6,107.35,5118.95,Yes,1,98,5045.45,5045.45,Attitude of support person
1,91773,Female,0,1,0,31,1,0,No,0,0,0,0,0,0,Month-to-month,1,0,1,19.55,658.95,Yes,1,67,606.0500000000001,606.0500000000001,Attitude of support person
1,91789,Female,0,0,0,3,1,0,Fiber optic,1,1,0,0,0,0,Month-to-month,1,0,3,79.1,246.5,Yes,1,74,237.29999999999998,237.29999999999998,Attitude of support person
1,91910,Male,0,0,0,8,0,0,DSL,0,0,0,0,0,0,Month-to-month,0,0,0,25.5,215.2,Yes,1,78,204.0,204.0,Attitude of support person
1,91915,Female,0,0,0,2,1,0,Fiber optic,0,0,0,0,0,1,Month-to-month,0,0,2,80.75,159.45,Yes,1,87,161.5,161.5,Attitude of support person
1,91917,Male,0,1,0,65,1,1,Fiber optic,0,1,0,0,1,0,Month-to-month,1,1,4,91.85,5940.85,Yes,1,82,5970.25,5970.25,Attitude of support person
1,91934,Male,0,0,0,1,1,0,Fiber optic,0,1,0,0,0,0,Month-to-month,1,0,2,75.35,75.35,Yes,1,90,75.35,75.35,Attitude of support person
1,91935,Male,0,0,0,1,1,1,Fiber optic,0,0,0,0,0,0,Month-to-month,1,0,2,75.45,75.45,Yes,1,74,75.45,75.45,Attitude of support person
1,92003,Male,0,0,0,24,1,0,DSL,1,0,0,0,0,0,Month-to-month,1,1,2,49.55,1210.4,Yes,1,80,1189.1999999999998,1189.1999999999998,Attitude of support person
1,92007,Male,0,0,0,69,1,1,DSL,1,1,1,1,0,1,One year,1,1,7,78.6,5356.45,Yes,1,93,5423.4,5423.4,Attitude of support person
1,92014,Female,0,1,0,7,1,0,Fiber optic,0,0,0,0,1,0,Month-to-month,1,0,2,81.1,576.65,Yes,1,87,567.6999999999999,567.6999999999999,Don't know
1,92024,Male,0,1,0,11,1,1,Fiber optic,0,0,0,0,0,0,Month-to-month,1,0,2,74.95,825.7,Yes,1,70,824.45,824.45,Attitude of support person
1,92026,Male,1,0,0,1,1,1,Fiber optic,0,0,0,0,1,1,Month-to-month,1,0,4,93.55,93.55,Yes,1,81,93.55,93.55,Competitor made better offer
1,92037,Female,0,1,0,58,1,1,Fiber optic,0,0,1,1,1,1,Month-to-month,1,1,6,102.1,5885.4,Yes,1,96,5921.799999999999,5921.799999999999,Moved
1,92056,Female,0,1,0,14,1,1,Fiber optic,0,1,0,0,0,1,Month-to-month,1,1,4,90.9,1259,Yes,1,70,1272.6000000000001,1272.6000000000001,Moved
1,92057,Female,0,1,0,12,0,0,DSL,0,1,0,0,0,0,Month-to-month,0,0,1,29.2,309.1,Yes,1,94,350.4,350.4,Moved
1,92060,Female,0,1,0,25,1,0,Fiber optic,0,1,1,0,1,0,Month-to-month,1,1,4,89.15,2257.75,Yes,1,97,2228.75,2228.75,Competitor offered higher download speeds
1,92061,Male,1,1,0,58,1,1,Fiber optic,1,1,1,0,1,1,One year,1,0,7,108.85,6287.25,Yes,1,91,6313.299999999999,6313.299999999999,Competitor offered higher download speeds
1,92065,Female,1,0,0,16,1,1,Fiber optic,0,0,0,0,1,0,Month-to-month,1,0,3,84.75,1350.15,Yes,1,99,1356.0,1356.0,Competitor offered higher download speeds
1,92069,Female,0,1,0,1,1,0,DSL,0,0,0,0,0,0,Month-to-month,1,0,1,45.7,45.7,Yes,1,99,45.7,45.7,Competitor offered higher download speeds
1,92071,Female,1,0,0,1,1,0,Fiber optic,0,0,0,0,0,0,Month-to-month,1,0,1,69.95,69.95,Yes,1,94,69.95,69.95,Competitor offered higher download speeds
1,92082,Female,0,1,0,2,0,0,DSL,0,0,0,0,1,1,Month-to-month,0,0,2,44.6,97.1,Yes,1,70,89.2,89.2,Competitor offered higher download speeds
1,92083,Male,0,0,0,23,1,1,Fiber optic,0,0,0,0,0,0,Month-to-month,1,0,2,74.95,1710.45,Yes,1,89,1723.8500000000001,1723.8500000000001,Competitor offered higher download speeds
1,92101,Female,0,0,0,57,1,0,Fiber optic,0,0,1,0,1,1,Two year,1,0,4,95.25,5464.65,Yes,1,93,5429.25,5429.25,Competitor offered higher download speeds
1,92102,Male,0,0,0,24,1,1,Fiber optic,0,0,1,0,1,0,Month-to-month,1,0,4,89.85,2165.05,Yes,1,95,2156.3999999999996,2156.3999999999996,Competitor offered higher download speeds
1,92103,Female,0,1,0,49,1,1,Fiber optic,0,1,0,0,1,1,One year,0,0,5,100.45,4941.8,Yes,1,90,4922.05,4922.05,Competitor offered higher download speeds
1,92104,Male,0,0,0,5,1,1,DSL,0,0,0,0,0,0,Month-to-month,0,0,2,47.15,223.15,Yes,1,82,235.75,235.75,Competitor offered higher download speeds
1,92105,Male,0,0,0,2,1,0,Fiber optic,0,0,0,0,0,1,Month-to-month,1,0,2,80.2,181.1,Yes,1,99,160.4,160.4,Competitor offered higher download speeds
1,92106,Female,0,0,0,4,1,1,Fiber optic,0,0,1,1,0,0,Month-to-month,1,0,4,87.1,341.45,Yes,1,80,348.4,348.4,Competitor offered higher download speeds
1,92108,Male,0,0,0,5,1,1,Fiber optic,0,0,0,0,0,0,Month-to-month,1,1,2,75.9,357.75,Yes,1,87,379.5,379.5,Competitor offered higher download speeds
1,92110,Female,0,1,0,47,1,1,Fiber optic,1,1,1,0,1,0,Month-to-month,1,0,6,98.75,4533.7,Yes,1,80,4641.25,4641.25,Product dissatisfaction
1,92115,Female,0,0,0,10,1,1,Fiber optic,0,0,0,0,0,1,Month-to-month,0,0,3,86.45,830.85,Yes,1,80,864.5,864.5,Product dissatisfaction
1,92117,Female,0,0,0,1,1,0,DSL,0,0,0,0,0,0,Month-to-month,1,0,1,45.3,45.3,Yes,1,69,45.3,45.3,Product dissatisfaction
1,92118,Male,0,1,0,67,1,1,Fiber optic,0,1,1,0,1,1,One year,0,0,6,104.1,7040.85,Yes,1,74,6974.7,6974.7,Product dissatisfaction
1,92122,Female,1,1,0,5,1,1,Fiber optic,0,1,0,0,0,0,Month-to-month,1,0,3,81.0,371.65,Yes,1,99,405.0,405.0,Product dissatisfaction
1,92129,Male,0,1,0,67,1,0,Fiber optic,1,1,0,0,0,1,One year,1,1,4,90.6,6056.15,Yes,1,73,6070.2,6070.2,Product dissatisfaction
1,92139,Female,0,1,0,15,1,0,Fiber optic,0,0,0,0,1,1,Month-to-month,0,0,3,88.15,1390.6,Yes,1,79,1322.25,1322.25,Product dissatisfaction
1,92154,Male,0,0,0,1,1,0,No,0,0,0,0,0,0,Month-to-month,1,0,1,20.2,20.2,Yes,1,92,20.2,20.2,Product dissatisfaction
1,92211,Female,0,1,0,26,1,0,Fiber optic,0,0,0,0,1,1,Month-to-month,1,0,3,90.8,2361.8,Yes,1,75,2360.7999999999997,2360.7999999999997,Don't know
1,92220,Male,0,0,0,22,1,1,Fiber optic,0,1,0,0,0,0,Month-to-month,1,0,3,79.35,1730.35,Yes,1,68,1745.6999999999998,1745.6999999999998,Product dissatisfaction
1,92239,Male,1,0,0,21,1,0,Fiber optic,0,0,1,0,1,1,Month-to-month,1,1,4,96.8,2030.3,Yes,1,87,2032.8,2032.8,Product dissatisfaction
1,92249,Male,0,1,0,47,1,1,Fiber optic,0,1,1,0,0,0,Month-to-month,1,1,4,83.35,4065,Yes,1,98,3917.45,3917.45,Product dissatisfaction
1,92250,Female,0,0,0,2,1,1,DSL,0,0,0,0,0,0,Month-to-month,1,0,2,49.4,106.55,Yes,1,97,98.8,98.8,Product dissatisfaction
1,92253,Female,0,1,0,22,1,1,DSL,1,0,0,1,1,1,Month-to-month,1,0,6,79.2,1742.75,Yes,1,91,1742.4,1742.4,Product dissatisfaction
1,92258,Male,0,1,0,7,1,0,DSL,0,0,1,0,0,0,Month-to-month,0,0,2,48.7,340.25,Yes,1,98,340.90000000000003,340.90000000000003,Don't know
1,92270,Female,0,0,0,1,1,0,Fiber optic,1,0,0,0,1,1,Month-to-month,1,0,4,95.6,95.6,Yes,1,79,95.6,95.6,Don't know
1,92273,Female,0,0,0,49,1,1,DSL,1,1,0,0,0,0,Month-to-month,1,1,4,59.75,2934.3,Yes,1,78,2927.75,2927.75,Don't know
1,92277,Female,1,0,0,43,1,0,Fiber optic,1,1,0,1,1,1,Month-to-month,1,1,6,108.15,4600.7,Yes,1,86,4650.45,4650.45,Poor expertise of online support
1,92281,Female,0,0,0,1,1,0,Fiber optic,0,0,0,0,0,0,Month-to-month,0,0,1,71.35,71.35,Yes,1,77,71.35,71.35,Poor expertise of phone support
1,92304,Female,0,0,0,1,1,0,No,0,0,0,0,0,0,Month-to-month,1,0,1,20.15,20.15,Yes,1,86,20.15,20.15,Attitude of support person
1,92305,Male,0,0,0,1,1,0,Fiber optic,0,0,0,0,0,0,Month-to-month,0,1,1,69.75,69.75,Yes,1,66,69.75,69.75,Attitude of support person
1,92307,Female,1,1,0,32,1,1,Fiber optic,0,0,0,0,1,1,Month-to-month,1,0,4,93.2,2931,Yes,1,90,2982.4,2982.4,Attitude of service provider
1,92308,Male,0,1,0,17,1,0,Fiber optic,0,0,0,0,1,0,Month-to-month,0,0,2,80.85,1400.85,Yes,1,77,1374.4499999999998,1374.4499999999998,Attitude of service provider
1,92309,Female,0,0,0,4,0,0,DSL,1,1,0,0,0,0,Month-to-month,1,0,2,33.65,137.85,Yes,1,95,134.6,134.6,Attitude of service provider
1,92321,Male,0,0,0,1,1,0,Fiber optic,0,0,0,0,1,0,Month-to-month,1,0,2,79.95,79.95,Yes,1,99,79.95,79.95,Attitude of support person
1,92324,Female,0,0,0,1,1,0,No,0,0,0,0,0,0,Month-to-month,0,0,1,19.3,19.3,Yes,1,92,19.3,19.3,Attitude of support person
1,92333,Female,0,1,0,37,1,1,Fiber optic,1,0,1,1,0,1,One year,1,0,6,99.2,3754.6,Yes,1,79,3670.4,3670.4,Attitude of support person
1,92337,Female,0,1,0,8,1,1,Fiber optic,0,0,0,0,0,1,Month-to-month,1,1,3,85.2,627.4,Yes,1,95,681.6,681.6,Attitude of service provider
1,92338,Female,0,0,0,3,1,1,Fiber optic,0,0,0,0,0,0,Month-to-month,0,0,2,75.25,242,Yes,1,83,225.75,225.75,Attitude of service provider
1,92359,Male,0,0,0,1,1,1,DSL,0,0,1,0,0,0,Month-to-month,0,0,3,54.35,54.35,Yes,1,87,54.35,54.35,Attitude of service provider
1,92374,Male,0,1,0,5,0,0,DSL,0,0,0,0,0,0,Month-to-month,1,0,0,24.95,100.4,Yes,1,79,124.75,124.75,Attitude of support person
1,92382,Male,0,1,0,40,0,0,DSL,1,1,1,0,0,0,One year,1,0,3,42.35,1716.45,Yes,1,67,1694.0,1694.0,Attitude of support person
1,92386,Male,0,0,0,1,1,1,Fiber optic,0,0,0,0,0,0,Month-to-month,1,0,2,75.3,75.3,Yes,1,100,75.3,75.3,Attitude of support person
1,92389,Male,0,0,0,51,1,1,Fiber optic,1,1,0,0,1,0,One year,1,0,5,94.8,4837.6,Yes,1,94,4834.8,4834.8,Attitude of service provider
1,92397,Female,1,0,0,1,1,0,Fiber optic,0,0,0,0,0,0,Month-to-month,1,0,1,70.55,70.55,Yes,1,82,70.55,70.55,Attitude of service provider
1,92408,Female,0,1,0,33,1,1,Fiber optic,0,0,0,0,0,1,Month-to-month,0,1,3,86.15,2745.7,Yes,1,66,2842.9500000000003,2842.9500000000003,Attitude of service provider
1,92539,Female,0,1,0,30,1,1,Fiber optic,0,0,0,0,0,1,Month-to-month,1,0,3,85.0,2624.25,Yes,1,97,2550.0,2550.0,Don't know
1,92543,Female,0,0,0,2,1,0,Fiber optic,0,0,0,0,0,1,Month-to-month,0,0,2,80.55,184.1,Yes,1,69,161.1,161.1,Attitude of support person
1,92551,Female,0,0,0,2,1,0,Fiber optic,0,0,1,0,0,0,Month-to-month,1,0,2,75.8,160.75,Yes,1,98,151.6,151.6,Attitude of support person
1,92555,Male,1,1,0,29,1,1,Fiber optic,0,0,1,0,1,1,Month-to-month,1,0,5,98.5,3004.15,Yes,1,72,2856.5,2856.5,Attitude of service provider
1,92563,Male,1,1,0,13,1,1,Fiber optic,0,0,0,0,1,1,Month-to-month,1,0,4,95.25,1233.65,Yes,1,97,1238.25,1238.25,Attitude of service provider
1,92567,Male,1,1,0,7,1,1,Fiber optic,0,0,0,0,0,0,Month-to-month,1,0,2,74.4,527.9,Yes,1,96,520.8000000000001,520.8000000000001,Attitude of service provider
1,92586,Female,0,0,0,30,1,0,Fiber optic,0,0,0,1,1,0,Month-to-month,0,0,3,85.15,2555.9,Yes,1,76,2554.5,2554.5,Attitude of support person
1,92606,Female,1,0,0,2,1,1,Fiber optic,0,0,1,0,0,1,Month-to-month,1,0,4,88.55,179.25,Yes,1,80,177.1,177.1,Attitude of support person
1,92610,Male,0,1,1,24,1,1,DSL,1,0,0,0,0,0,Month-to-month,0,0,3,54.75,1338.15,Yes,1,97,1314.0,1314.0,Attitude of support person
1,92625,Female,1,0,0,1,1,0,Fiber optic,0,0,0,0,1,1,Month-to-month,1,0,3,91.3,91.3,Yes,1,71,91.3,91.3,Attitude of service provider
1,92629,Male,0,0,0,1,1,0,Fiber optic,0,0,0,0,1,0,Month-to-month,1,0,2,79.5,79.5,Yes,1,92,79.5,79.5,Attitude of service provider
1,92655,Male,1,1,0,7,1,0,Fiber optic,0,0,0,0,0,0,Month-to-month,1,0,1,70.1,467.55,Yes,1,83,490.69999999999993,490.69999999999993,Attitude of service provider
1,92657,Male,0,1,0,67,1,1,Fiber optic,1,1,1,0,1,1,One year,1,0,7,111.3,7482.1,Yes,1,85,7457.099999999999,7457.099999999999,Attitude of support person
1,92661,Male,1,1,0,57,1,1,Fiber optic,0,1,1,0,0,1,Month-to-month,1,1,5,95.25,5427.05,Yes,1,86,5429.25,5429.25,Attitude of support person
1,92662,Female,0,1,0,7,1,0,Fiber optic,0,0,1,0,1,0,Month-to-month,1,0,3,86.25,587.1,Yes,1,89,603.75,603.75,Attitude of support person
1,92663,Female,1,1,0,1,1,1,Fiber optic,0,0,1,0,1,1,Month-to-month,1,0,5,100.8,100.8,Yes,1,65,100.8,100.8,Attitude of service provider
1,92679,Female,0,0,0,14,1,0,Fiber optic,0,1,0,0,0,1,Month-to-month,1,0,3,86.3,1180.95,Yes,1,74,1208.2,1208.2,Attitude of service provider
1,92705,Female,0,0,0,28,1,1,Fiber optic,0,1,0,0,0,1,Month-to-month,1,0,4,89.95,2625.55,Yes,1,90,2518.6,2518.6,Attitude of service provider
1,92706,Male,1,1,0,17,1,0,Fiber optic,0,1,0,0,0,0,Month-to-month,1,0,2,76.45,1233.4,Yes,1,92,1299.65,1299.65,Attitude of support person
1,92804,Male,0,0,0,10,1,0,Fiber optic,0,0,0,0,0,0,Month-to-month,1,0,1,70.0,740,Yes,1,67,700.0,700.0,Attitude of support person
1,92843,Female,0,0,0,34,1,1,DSL,1,1,0,1,0,0,One year,1,0,5,64.4,2088.75,Yes,1,75,2189.6000000000004,2189.6000000000004,Attitude of support person
1,92845,Female,0,1,0,1,1,1,Fiber optic,1,0,1,0,1,1,Month-to-month,1,0,6,102.45,102.45,Yes,1,85,102.45,102.45,Attitude of service provider
1,92886,Female,0,0,0,3,1,0,Fiber optic,0,0,1,1,0,0,Month-to-month,0,1,3,80.1,217.55,Yes,1,65,240.29999999999998,240.29999999999998,Attitude of service provider
1,93001,Female,0,0,0,2,1,0,Fiber optic,0,0,0,0,1,0,Month-to-month,1,0,2,80.2,146.05,Yes,1,85,160.4,160.4,Attitude of service provider
1,93003,Female,0,0,0,6,1,0,Fiber optic,1,1,1,1,0,1,Month-to-month,1,1,6,98.15,567.45,Yes,1,80,588.9000000000001,588.9000000000001,Attitude of support person
1,93010,Male,0,0,0,12,1,1,Fiber optic,0,1,1,1,1,1,Month-to-month,1,0,7,112.95,1384.75,Yes,1,97,1355.4,1355.4,Attitude of support person
1,93021,Female,0,0,0,1,1,0,Fiber optic,0,0,0,0,0,0,Month-to-month,0,0,1,70.9,70.9,Yes,1,78,70.9,70.9,Attitude of support person
1,93022,Female,1,0,0,3,1,0,Fiber optic,0,0,1,0,1,0,Month-to-month,1,0,3,86.85,220.95,Yes,1,70,260.54999999999995,260.54999999999995,Attitude of service provider
1,93035,Male,0,1,0,23,1,0,Fiber optic,1,0,0,1,1,1,Month-to-month,1,0,5,99.85,2331.3,Yes,1,83,2296.5499999999997,2296.5499999999997,Don't know
1,93040,Male,0,1,0,1,1,1,Fiber optic,0,0,0,0,0,0,Month-to-month,1,0,2,74.5,74.5,Yes,1,75,74.5,74.5,Attitude of service provider
1,93060,Male,0,0,0,65,1,1,Fiber optic,0,1,1,1,1,1,Month-to-month,1,0,7,109.15,6941.2,Yes,1,99,7094.75,7094.75,Attitude of support person
1,93067,Female,0,0,0,16,1,1,DSL,0,0,1,0,0,1,Month-to-month,1,1,4,65.2,1043.35,Yes,1,73,1043.2,1043.2,Attitude of support person
1,93101,Male,1,1,0,66,1,1,Fiber optic,0,0,1,0,1,1,Month-to-month,1,1,5,99.5,6822.15,Yes,1,96,6567.0,6567.0,Attitude of support person
1,93103,Male,0,0,0,1,1,0,Fiber optic,0,0,0,0,0,0,Month-to-month,1,0,1,71.55,71.55,Yes,1,98,71.55,71.55,Attitude of service provider
1,93108,Male,0,1,0,53,1,1,Fiber optic,1,0,1,0,0,1,Month-to-month,0,0,5,93.9,5029.2,Yes,1,68,4976.700000000001,4976.700000000001,Attitude of service provider
1,93110,Male,1,1,0,69,1,1,Fiber optic,0,1,1,1,1,1,Two year,1,1,7,108.4,7318.2,Yes,1,73,7479.6,7479.6,Attitude of service provider
1,93201,Female,0,1,0,13,0,0,DSL,0,0,1,0,1,1,Month-to-month,1,1,3,48.75,633.4,Yes,1,86,633.75,633.75,Attitude of support person
1,93202,Female,0,0,0,4,1,1,Fiber optic,0,0,0,0,1,0,Month-to-month,1,0,3,85.65,321.65,Yes,1,96,342.6,342.6,Attitude of support person
1,93205,Male,0,0,0,12,1,1,Fiber optic,0,1,1,0,1,1,Month-to-month,1,0,6,106.7,1253.9,Yes,1,92,1280.4,1280.4,Attitude of support person
1,93206,Male,0,0,0,1,0,0,DSL,0,0,0,0,0,0,Month-to-month,1,0,0,25.15,25.15,Yes,1,99,25.15,25.15,Attitude of service provider
1,93208,Female,0,1,0,54,1,1,Fiber optic,0,1,1,1,1,1,One year,0,0,7,110.35,5893.15,Yes,1,90,5958.9,5958.9,Attitude of service provider
1,93215,Female,0,1,0,48,1,1,Fiber optic,1,1,0,0,1,1,One year,1,1,6,103.25,5037.55,Yes,1,71,4956.0,4956.0,Attitude of service provider
1,93221,Male,0,0,0,2,1,0,DSL,1,0,0,0,0,0,Month-to-month,1,0,2,47.8,92.45,Yes,1,89,95.6,95.6,Attitude of support person
1,93251,Female,0,0,0,29,1,1,Fiber optic,0,0,1,0,1,1,Month-to-month,1,1,5,98.6,2933.2,Yes,1,72,2859.3999999999996,2859.3999999999996,Attitude of support person
1,93252,Female,1,1,0,15,1,1,Fiber optic,0,0,1,1,0,0,Month-to-month,1,0,4,83.05,1258.3,Yes,1,70,1245.75,1245.75,Attitude of support person
1,93268,Male,0,1,0,17,1,0,Fiber optic,0,0,0,0,0,0,Month-to-month,1,1,1,70.4,1214.05,Yes,1,67,1196.8000000000002,1196.8000000000002,Attitude of service provider
1,93270,Female,1,0,0,56,1,1,Fiber optic,0,1,1,0,1,1,One year,1,1,6,104.75,5510.65,Yes,1,93,5866.0,5866.0,Attitude of service provider
1,93272,Female,1,0,0,21,1,1,Fiber optic,0,0,0,0,1,1,Month-to-month,1,0,4,94.25,1973.75,Yes,1,73,1979.25,1979.25,Attitude of service provider
1,93402,Female,0,0,1,1,1,0,DSL,0,0,0,0,0,0,Month-to-month,0,0,1,45.95,45.95,Yes,1,82,45.95,45.95,Attitude of support person
1,93426,Female,1,0,0,1,1,0,Fiber optic,0,0,0,0,0,0,Month-to-month,1,0,1,70.15,70.15,Yes,1,71,70.15,70.15,Competitor made better offer
1,93427,Female,0,0,0,1,1,0,Fiber optic,0,0,1,0,1,0,Month-to-month,1,1,3,85.55,85.55,Yes,1,86,85.55,85.55,Moved
1,93442,Female,0,1,0,35,1,0,Fiber optic,0,0,0,0,0,0,Month-to-month,1,0,1,70.3,2416.55,Yes,1,79,2460.5,2460.5,Moved
1,93444,Male,1,1,0,32,1,1,Fiber optic,0,1,1,0,1,1,Month-to-month,0,1,6,106.35,3520.75,Yes,1,65,3403.2,3403.2,Moved
1,93465,Female,0,1,0,33,1,1,Fiber optic,1,0,1,0,1,1,One year,1,0,6,103.7,3467,Yes,1,76,3422.1,3422.1,Competitor had better devices
1,93512,Male,0,0,0,1,1,0,Fiber optic,0,0,0,0,1,1,Month-to-month,1,0,3,88.35,88.35,Yes,1,72,88.35,88.35,Competitor offered higher download speeds
1,93526,Female,0,1,0,8,1,0,Fiber optic,0,0,1,0,1,1,Month-to-month,1,0,4,94.2,777.3,Yes,1,80,753.6,753.6,Competitor offered more data
1,93527,Female,0,0,0,5,1,0,Fiber optic,0,1,0,0,1,1,Month-to-month,1,0,4,96.25,512.45,Yes,1,74,481.25,481.25,Competitor made better offer
1,93528,Female,0,1,0,2,1,0,Fiber optic,0,0,0,0,0,0,Month-to-month,1,0,1,70.7,141.45,Yes,1,86,141.4,141.4,Competitor had better devices
1,93534,Female,0,1,0,42,0,0,DSL,0,1,0,1,0,0,One year,0,0,2,33.55,1445.3,Yes,1,82,1409.1,1409.1,Competitor had better devices
1,93541,Female,1,1,0,40,1,1,Fiber optic,0,0,0,0,1,1,Month-to-month,1,1,4,94.55,3640.45,Yes,1,95,3782.0,3782.0,Competitor offered higher download speeds
1,93553,Female,0,0,0,57,1,1,Fiber optic,1,1,1,0,1,1,Two year,1,1,7,112.95,6465,Yes,1,89,6438.150000000001,6438.150000000001,Competitor offered higher download speeds
1,93560,Male,0,0,0,1,0,0,DSL,0,0,0,0,0,1,Month-to-month,0,0,1,35.9,35.9,Yes,1,93,35.9,35.9,Competitor offered higher download speeds
1,93561,Male,0,0,0,38,1,1,Fiber optic,0,0,1,0,1,1,Month-to-month,1,1,5,99.25,3777.15,Yes,1,76,3771.5,3771.5,Competitor offered more data
1,93591,Male,1,0,0,2,0,0,DSL,0,0,0,0,0,0,Month-to-month,1,0,0,24.45,47.5,Yes,1,77,48.9,48.9,Competitor offered more data
1,93608,Female,0,0,0,8,1,1,Fiber optic,1,0,0,1,1,1,Month-to-month,1,1,6,103.35,847.3,Yes,1,71,826.8,826.8,Competitor offered more data
1,93612,Male,1,0,0,7,1,1,Fiber optic,0,0,0,0,1,0,Month-to-month,1,0,3,84.8,546.95,Yes,1,70,593.6,593.6,Competitor made better offer
1,93615,Female,1,0,0,31,1,1,Fiber optic,0,1,0,0,1,1,Month-to-month,1,0,5,99.95,3186.65,Yes,1,96,3098.4500000000003,3098.4500000000003,Competitor made better offer
1,93618,Female,0,0,0,18,1,1,Fiber optic,0,1,0,0,1,0,Month-to-month,1,1,4,90.0,1527.35,Yes,1,97,1620.0,1620.0,Price too high
1,93621,Female,1,0,0,14,1,1,Fiber optic,0,1,1,0,1,1,Month-to-month,1,0,6,104.85,1531.4,Yes,1,86,1467.8999999999999,1467.8999999999999,Product dissatisfaction
1,93624,Male,0,1,0,28,1,1,Fiber optic,1,1,0,0,1,1,One year,0,0,6,106.1,2847.4,Yes,1,85,2970.7999999999997,2970.7999999999997,Service dissatisfaction
1,93625,Male,1,0,0,15,1,1,Fiber optic,0,0,0,0,0,0,Month-to-month,1,1,2,74.2,1133.9,Yes,1,80,1113.0,1113.0,Lack of self-service on Website
1,93628,Female,0,0,0,5,1,0,Fiber optic,0,1,0,1,0,1,Month-to-month,1,0,4,89.35,461.7,Yes,1,70,446.75,446.75,Network reliability
1,93643,Female,0,0,0,1,1,1,Fiber optic,0,0,0,0,0,0,Month-to-month,1,0,2,77.15,77.15,Yes,1,79,77.15,77.15,Limited range of services
1,93644,Male,0,0,0,1,0,0,DSL,0,0,0,0,0,1,Month-to-month,1,1,1,35.25,35.25,Yes,1,88,35.25,35.25,Lack of affordable download/upload speed
1,93647,Male,0,1,0,4,0,0,DSL,0,1,0,0,1,1,Month-to-month,1,0,3,48.55,201,Yes,1,97,194.2,194.2,Long distance charges
1,93651,Female,0,1,0,53,1,1,Fiber optic,0,1,0,0,1,1,Month-to-month,1,1,5,98.4,5149.5,Yes,1,87,5215.200000000001,5215.200000000001,Extra data charges
1,93665,Male,1,1,0,59,1,1,Fiber optic,0,0,0,0,1,1,Month-to-month,1,1,4,93.85,5574.75,Yes,1,85,5537.15,5537.15,Price too high
1,93668,Male,1,1,0,46,1,1,Fiber optic,1,1,1,0,1,0,Month-to-month,1,0,6,100.7,4541.2,Yes,1,72,4632.2,4632.2,Product dissatisfaction
1,93673,Female,0,0,0,14,1,1,Fiber optic,0,0,1,0,0,0,Month-to-month,1,0,3,80.45,1072,Yes,1,94,1126.3,1126.3,Service dissatisfaction
1,93702,Male,0,0,0,31,1,0,DSL,0,0,1,1,0,0,Month-to-month,1,0,3,55.25,1715.65,Yes,1,78,1712.75,1712.75,Lack of self-service on Website
1,93706,Male,0,1,0,13,0,0,DSL,1,0,0,1,1,1,Month-to-month,1,0,4,54.45,706.85,Yes,1,88,707.85,707.85,Network reliability
1,93711,Male,0,0,0,35,1,1,Fiber optic,0,0,0,0,0,0,Month-to-month,0,1,2,75.35,2636.05,Yes,1,79,2637.25,2637.25,Don't know
1,93906,Male,0,0,0,2,1,0,Fiber optic,1,0,0,0,0,0,Month-to-month,1,0,2,75.7,189.2,Yes,1,82,151.4,151.4,Don't know
1,93924,Male,0,0,0,1,1,1,Fiber optic,0,0,0,0,0,0,Month-to-month,1,0,2,74.25,74.25,Yes,1,93,74.25,74.25,Don't know
1,93928,Female,1,0,0,25,1,1,Fiber optic,0,1,0,0,0,1,Month-to-month,1,0,4,89.7,2187.55,Yes,1,82,2242.5,2242.5,Poor expertise of online support
1,93932,Female,1,0,0,16,1,1,Fiber optic,0,0,0,0,1,1,Month-to-month,1,0,4,96.4,1581.2,Yes,1,80,1542.4,1542.4,Poor expertise of phone support
1,93933,Male,1,0,0,1,1,0,Fiber optic,0,0,0,0,0,0,Month-to-month,1,1,1,69.5,69.5,Yes,1,77,69.5,69.5,Price too high
1,93954,Male,1,1,0,36,1,1,Fiber optic,0,0,0,0,0,1,Month-to-month,1,1,3,85.25,3132.75,Yes,1,82,3069.0,3069.0,Product dissatisfaction
1,94005,Male,0,0,0,1,1,0,No,0,0,0,0,0,0,Month-to-month,0,0,1,19.4,19.4,Yes,1,66,19.4,19.4,Service dissatisfaction
1,94010,Female,0,0,0,9,1,1,Fiber optic,0,0,0,0,0,1,Month-to-month,1,0,3,83.3,803.3,Yes,1,97,749.6999999999999,749.6999999999999,Lack of self-service on Website
1,94014,Female,0,0,0,8,1,0,Fiber optic,0,0,0,0,1,0,Month-to-month,1,1,2,80.1,679.3,Yes,1,67,640.8,640.8,Network reliability
1,94015,Male,1,0,0,45,1,0,DSL,1,0,1,0,0,1,One year,0,1,4,62.7,2791.5,Yes,1,92,2821.5,2821.5,Limited range of services
1,94027,Male,0,0,0,25,1,1,No,0,0,0,0,0,0,One year,0,1,2,25.3,676.35,Yes,1,79,632.5,632.5,Lack of affordable download/upload speed
1,94043,Male,0,0,0,13,1,1,Fiber optic,1,0,0,0,1,1,Month-to-month,0,0,5,98.15,1230.25,Yes,1,98,1275.95,1275.95,Long distance charges
1,94105,Male,0,0,0,46,1,1,Fiber optic,1,1,0,0,0,1,Month-to-month,1,0,5,93.7,4154.8,Yes,1,70,4310.2,4310.2,Extra data charges
1,94109,Male,1,0,0,25,1,1,Fiber optic,0,1,1,0,1,1,Month-to-month,0,0,6,105.95,2655.25,Yes,1,100,2648.75,2648.75,Price too high
1,94110,Male,0,0,0,18,1,1,DSL,0,0,1,1,1,1,One year,1,1,6,82.0,1425.45,Yes,1,79,1476.0,1476.0,Product dissatisfaction
1,94114,Male,0,1,0,60,1,1,Fiber optic,0,1,1,0,1,0,Month-to-month,1,0,5,95.75,5742.9,Yes,1,88,5745.0,5745.0,Service dissatisfaction
1,94117,Male,0,1,0,30,1,1,Fiber optic,0,0,0,0,1,1,Month-to-month,1,1,4,94.05,2866.45,Yes,1,68,2821.5,2821.5,Lack of self-service on Website
1,94122,Female,0,0,0,1,1,0,DSL,0,0,0,0,0,1,Month-to-month,1,0,2,54.75,54.75,Yes,1,83,54.75,54.75,Network reliability
1,94123,Male,1,0,0,39,1,1,Fiber optic,0,0,0,0,1,1,Month-to-month,1,1,4,95.65,3759.05,Yes,1,65,3730.3500000000004,3730.3500000000004,Don't know
1,94129,Female,0,0,0,1,1,1,Fiber optic,0,0,0,0,1,1,Month-to-month,1,0,4,94.6,94.6,Yes,1,96,94.6,94.6,Don't know
1,94130,Female,1,1,0,31,1,0,Fiber optic,0,0,1,1,1,1,Month-to-month,1,0,5,98.9,2911.3,Yes,1,98,3065.9,3065.9,Don't know
1,94402,Male,1,0,0,3,1,1,Fiber optic,0,0,0,0,0,0,Month-to-month,1,0,2,76.05,231.8,Yes,1,67,228.14999999999998,228.14999999999998,Price too high
1,94520,Male,1,0,0,1,1,0,Fiber optic,0,0,0,0,0,0,Month-to-month,1,0,1,69.75,69.75,Yes,1,69,69.75,69.75,Product dissatisfaction
1,94521,Male,0,1,1,7,0,0,DSL,1,0,0,1,0,0,Month-to-month,1,0,2,34.5,279.25,Yes,1,93,241.5,241.5,Service dissatisfaction
1,94523,Male,0,1,0,61,1,1,Fiber optic,0,1,1,0,1,1,Month-to-month,1,0,6,105.55,6281.45,Yes,1,86,6438.55,6438.55,Lack of self-service on Website
1,94525,Female,0,0,1,39,0,0,DSL,0,0,1,0,0,0,Month-to-month,0,1,1,30.1,1131.3,Yes,1,72,1173.9,1173.9,Network reliability
1,94526,Male,0,1,0,10,1,0,Fiber optic,0,0,0,0,0,0,Month-to-month,1,0,1,70.3,738.2,Yes,1,94,703.0,703.0,Limited range of services
1,94533,Female,0,0,0,1,1,1,Fiber optic,0,1,0,0,0,0,Month-to-month,1,0,3,80.2,80.2,Yes,1,90,80.2,80.2,Lack of affordable download/upload speed
1,94535,Female,0,1,0,67,1,1,Fiber optic,1,0,0,1,0,1,One year,1,1,5,94.35,6341.45,Yes,1,99,6321.45,6321.45,Long distance charges
1,94538,Male,0,1,1,6,1,0,DSL,0,0,0,0,0,0,Month-to-month,1,1,1,44.6,260.8,Yes,1,90,267.6,267.6,Extra data charges
1,94539,Female,0,0,0,1,1,0,No,0,0,0,0,0,0,Month-to-month,1,0,1,19.6,19.6,Yes,1,91,19.6,19.6,Price too high
1,94542,Female,1,0,0,33,1,1,Fiber optic,0,1,1,1,1,1,Month-to-month,1,0,7,110.45,3655.45,Yes,1,80,3644.85,3644.85,Product dissatisfaction
1,94556,Male,0,0,0,2,1,0,Fiber optic,0,0,0,0,0,0,Month-to-month,0,1,1,70.7,140.7,Yes,1,96,141.4,141.4,Service dissatisfaction
1,94559,Male,1,1,0,7,1,1,Fiber optic,0,0,1,0,1,1,Month-to-month,1,0,5,99.25,665.45,Yes,1,90,694.75,694.75,Lack of self-service on Website
1,94563,Male,0,1,0,1,1,0,Fiber optic,0,0,0,1,1,0,Month-to-month,1,0,3,84.8,84.8,Yes,1,80,84.8,84.8,Network reliability
1,94567,Male,0,0,0,52,1,0,Fiber optic,0,1,1,1,1,1,One year,1,1,6,105.0,5426.85,Yes,1,85,5460.0,5460.0,Don't know
1,94568,Male,0,0,0,22,1,1,DSL,1,0,0,0,0,0,Month-to-month,1,0,3,54.45,1127.35,Yes,1,71,1197.9,1197.9,Don't know
1,94572,Female,0,1,0,47,1,0,Fiber optic,0,0,1,0,0,1,Month-to-month,1,0,3,85.3,4045.65,Yes,1,97,4009.1,4009.1,Don't know
1,94574,Female,0,0,0,33,1,1,Fiber optic,0,0,0,0,0,1,Month-to-month,1,0,3,83.35,2757.85,Yes,1,66,2750.5499999999997,2750.5499999999997,Price too high
1,94576,Male,0,0,0,18,0,0,DSL,0,1,1,0,0,0,Month-to-month,1,1,2,33.5,600,Yes,1,82,603.0,603.0,Product dissatisfaction
1,94586,Male,0,0,0,24,1,0,Fiber optic,0,0,0,0,1,1,Month-to-month,1,0,3,90.35,2238.5,Yes,1,67,2168.3999999999996,2168.3999999999996,Service dissatisfaction
1,94589,Male,0,1,0,1,1,0,Fiber optic,0,0,0,0,1,1,Month-to-month,1,0,3,90.75,90.75,Yes,1,86,90.75,90.75,Lack of self-service on Website
1,94590,Female,0,0,0,4,1,1,Fiber optic,0,1,0,0,1,0,Month-to-month,0,0,4,89.6,365.65,Yes,1,87,358.4,358.4,Network reliability
1,94601,Male,0,0,0,2,0,0,DSL,0,0,1,0,1,1,Month-to-month,1,0,3,49.25,90.35,Yes,1,90,98.5,98.5,Limited range of services
1,94608,Male,0,0,1,1,1,0,No,0,0,0,0,0,0,Month-to-month,0,0,1,19.75,19.75,Yes,1,92,19.75,19.75,Lack of affordable download/upload speed
1,94609,Female,0,0,0,19,1,1,Fiber optic,1,1,0,0,0,1,Month-to-month,1,0,5,95.15,1789.25,Yes,1,78,1807.8500000000001,1807.8500000000001,Long distance charges
1,94618,Male,0,0,0,22,1,1,Fiber optic,1,0,0,0,1,1,Month-to-month,1,1,5,101.35,2317.1,Yes,1,77,2229.7,2229.7,Extra data charges
1,94703,Female,0,0,0,4,1,0,Fiber optic,0,0,0,0,0,0,Month-to-month,1,1,1,70.05,266.9,Yes,1,89,280.2,280.2,Price too high
1,94705,Male,0,1,0,4,1,1,Fiber optic,0,0,0,0,0,0,Month-to-month,1,0,2,74.65,301.4,Yes,1,87,298.6,298.6,Product dissatisfaction
1,94708,Male,0,0,0,4,1,1,DSL,0,0,0,0,0,0,Month-to-month,0,0,2,50.4,206.6,Yes,1,92,201.6,201.6,Service dissatisfaction
1,94709,Female,0,0,0,7,1,1,Fiber optic,1,0,0,0,0,0,Month-to-month,1,0,3,79.65,604.7,Yes,1,81,557.5500000000001,557.5500000000001,Lack of self-service on Website
1,94803,Male,1,0,0,19,1,1,Fiber optic,0,0,1,0,0,0,Month-to-month,1,0,3,79.85,1471.75,Yes,1,65,1517.1499999999999,1517.1499999999999,Network reliability
1,94805,Male,0,1,0,5,1,1,Fiber optic,0,1,0,0,0,0,Month-to-month,1,0,3,78.75,412.1,Yes,1,72,393.75,393.75,Don't know
1,94901,Male,1,1,0,8,1,0,Fiber optic,0,0,0,0,1,0,Month-to-month,1,1,2,80.45,583.45,Yes,1,100,643.6,643.6,Don't know
1,94937,Female,0,0,0,1,1,1,DSL,0,0,0,0,0,0,Month-to-month,1,0,2,50.1,50.1,Yes,1,90,50.1,50.1,Don't know
1,94940,Male,0,1,0,2,1,0,Fiber optic,0,0,1,0,0,0,Month-to-month,0,0,2,76.4,151.8,Yes,1,71,152.8,152.8,Attitude of service provider
1,94941,Male,0,0,0,3,1,0,Fiber optic,0,0,1,1,1,1,Month-to-month,1,0,5,98.7,293.65,Yes,1,72,296.1,296.1,Attitude of service provider
1,94945,Female,1,0,0,13,1,1,Fiber optic,1,0,0,0,1,1,Month-to-month,1,0,5,100.8,1308.1,Yes,1,65,1310.3999999999999,1310.3999999999999,Attitude of support person
1,94949,Female,0,1,0,28,1,0,Fiber optic,0,0,0,0,1,1,One year,1,1,3,90.1,2598.95,Yes,1,99,2522.7999999999997,2522.7999999999997,Don't know
1,94965,Male,0,0,0,15,1,1,DSL,0,0,0,0,0,0,Month-to-month,0,0,2,51.55,765.5,Yes,1,66,773.25,773.25,Attitude of support person
1,94970,Male,1,0,0,10,1,0,Fiber optic,0,0,0,0,0,1,Month-to-month,1,0,2,79.25,793.55,Yes,1,87,792.5,792.5,Attitude of service provider
1,95004,Male,0,0,0,5,1,1,Fiber optic,0,0,0,0,1,1,Month-to-month,1,1,4,94.85,462.8,Yes,1,69,474.25,474.25,Attitude of service provider
1,95006,Female,0,0,0,2,1,1,Fiber optic,0,0,0,0,0,1,Month-to-month,1,0,3,85.7,169.8,Yes,1,95,171.4,171.4,Attitude of service provider
1,95030,Female,0,0,0,1,1,0,DSL,0,0,0,0,0,0,Month-to-month,0,0,1,44.4,44.4,Yes,1,76,44.4,44.4,Attitude of support person
1,95032,Male,1,0,0,5,1,0,Fiber optic,0,0,0,0,1,1,Month-to-month,1,0,3,89.5,477.7,Yes,1,66,447.5,447.5,Attitude of support person
1,95039,Male,1,1,0,1,1,1,Fiber optic,0,0,0,0,1,0,Month-to-month,1,0,3,86.05,86.05,Yes,1,96,86.05,86.05,Attitude of support person
1,95045,Male,0,0,0,4,0,0,DSL,0,0,0,0,1,1,Month-to-month,1,0,2,44.55,174.3,Yes,1,66,178.2,178.2,Attitude of service provider
1,95054,Male,0,1,1,31,0,0,DSL,1,0,0,1,0,0,Month-to-month,0,1,2,35.4,1077.5,Yes,1,77,1097.3999999999999,1097.3999999999999,Attitude of service provider
1,95060,Female,0,0,0,1,1,1,Fiber optic,0,0,0,0,1,1,Month-to-month,0,0,4,95.65,95.65,Yes,1,87,95.65,95.65,Attitude of service provider
1,95065,Female,0,0,0,1,1,0,No,0,0,0,0,0,0,Month-to-month,0,0,1,20.95,20.95,Yes,1,70,20.95,20.95,Attitude of support person
1,95110,Female,1,0,0,10,0,0,DSL,0,0,0,0,0,1,Month-to-month,1,0,1,34.7,329.8,Yes,1,92,347.0,347.0,Deceased
1,95120,Female,0,0,0,15,1,0,No,0,0,0,0,0,0,Month-to-month,0,1,1,19.75,297.3,Yes,1,69,296.25,296.25,Moved
1,95121,Male,0,1,0,17,1,1,Fiber optic,0,0,0,0,1,1,Month-to-month,1,0,4,92.55,1515.1,Yes,1,99,1573.35,1573.35,Moved
1,95126,Male,1,1,0,53,1,1,DSL,1,0,0,1,0,0,One year,1,0,4,60.05,3229.65,Yes,1,77,3182.6499999999996,3182.6499999999996,Moved
1,95127,Male,1,1,0,16,1,0,Fiber optic,0,1,0,0,0,0,Month-to-month,1,1,2,74.3,1178.25,Yes,1,81,1188.8,1188.8,Competitor had better devices
1,95130,Male,0,0,0,9,1,1,Fiber optic,0,0,0,0,1,0,Month-to-month,1,0,3,85.35,758.6,Yes,1,89,768.15,768.15,Competitor offered higher download speeds
1,95131,Female,0,0,0,25,1,0,DSL,1,1,1,1,1,0,One year,0,0,6,74.3,1863.8,Yes,1,85,1857.5,1857.5,Competitor offered more data
1,95135,Female,0,0,0,4,1,0,Fiber optic,0,0,1,1,1,1,Month-to-month,1,1,5,98.1,396.3,Yes,1,87,392.4,392.4,Competitor made better offer
1,95202,Female,0,0,0,50,1,1,Fiber optic,1,1,0,1,1,1,Two year,1,0,7,109.65,5551.15,Yes,1,84,5482.5,5482.5,Competitor had better devices
1,95207,Female,1,0,0,9,1,1,Fiber optic,0,0,0,0,0,0,Month-to-month,1,0,2,74.55,622.9,Yes,1,69,670.9499999999999,670.9499999999999,Competitor had better devices
1,95210,Male,0,0,0,3,1,1,Fiber optic,0,0,1,0,1,1,Month-to-month,1,0,5,100.95,329.95,Yes,1,81,302.85,302.85,Competitor offered higher download speeds
1,95212,Male,0,0,0,10,1,0,Fiber optic,0,0,1,0,1,1,Month-to-month,1,0,4,94.9,1048.85,Yes,1,83,949.0,949.0,Competitor offered higher download speeds
1,95222,Male,1,1,0,32,1,1,Fiber optic,0,0,1,1,1,1,Month-to-month,1,0,6,104.9,3351.55,Yes,1,79,3356.8,3356.8,Competitor offered higher download speeds
1,95224,Male,0,1,0,9,0,0,DSL,0,0,0,0,0,0,One year,0,1,0,24.1,259.8,Yes,1,82,216.9,216.9,Competitor offered more data
1,95233,Male,0,1,0,66,1,1,Fiber optic,0,1,0,1,1,1,One year,1,0,6,104.05,6890,Yes,1,95,6867.3,6867.3,Competitor offered more data
1,95240,Male,0,0,0,3,1,0,Fiber optic,0,0,1,1,1,0,Month-to-month,1,0,4,88.35,262.05,Yes,1,93,265.04999999999995,265.04999999999995,Competitor offered more data
1,95246,Male,0,1,0,29,1,0,Fiber optic,1,0,0,0,1,1,Month-to-month,0,1,4,94.65,2649.15,Yes,1,70,2744.8500000000004,2744.8500000000004,Don't know
1,95250,Male,1,1,0,1,1,1,Fiber optic,0,0,0,0,0,0,Month-to-month,1,0,2,74.4,74.4,Yes,1,91,74.4,74.4,Competitor made better offer
1,95251,Female,0,1,1,41,1,1,DSL,1,1,1,1,0,1,Month-to-month,0,1,7,79.9,3326.2,Yes,1,84,3275.9,3275.9,Price too high
1,95303,Male,1,0,0,8,1,0,Fiber optic,0,0,0,0,0,0,Month-to-month,1,0,1,69.7,560.85,Yes,1,88,557.6,557.6,Product dissatisfaction
1,95306,Female,1,1,0,12,1,1,Fiber optic,0,1,1,0,1,0,Month-to-month,1,0,5,98.1,1060.2,Yes,1,97,1177.1999999999998,1177.1999999999998,Service dissatisfaction
1,95315,Female,0,0,0,1,1,0,No,0,0,0,0,0,0,Month-to-month,0,0,1,20.5,20.5,Yes,1,76,20.5,20.5,Lack of self-service on Website
1,95323,Female,1,1,0,4,1,1,Fiber optic,1,0,0,0,1,1,Month-to-month,1,0,5,99.6,347.65,Yes,1,77,398.4,398.4,Network reliability
1,95348,Female,0,0,0,1,1,0,Fiber optic,0,0,0,0,0,1,Month-to-month,1,0,2,81.95,81.95,Yes,1,85,81.95,81.95,Limited range of services
1,95350,Male,0,1,0,7,1,0,Fiber optic,0,0,0,0,0,0,Month-to-month,1,0,1,69.35,451.1,Yes,1,82,485.44999999999993,485.44999999999993,Lack of affordable download/upload speed
1,95360,Female,0,0,0,6,1,0,Fiber optic,0,0,0,0,1,1,Month-to-month,1,0,3,91.1,455.3,Yes,1,68,546.5999999999999,546.5999999999999,Long distance charges
1,95363,Male,0,1,0,14,1,1,Fiber optic,0,0,0,0,1,0,Month-to-month,1,0,3,86.1,1235.55,Yes,1,89,1205.3999999999999,1205.3999999999999,Extra data charges
1,95365,Male,0,0,0,25,1,1,Fiber optic,0,0,0,0,1,1,Month-to-month,1,1,4,94.7,2362.1,Yes,1,82,2367.5,2367.5,Price too high
1,95367,Male,0,1,0,22,1,1,Fiber optic,0,0,0,0,0,1,Month-to-month,1,0,3,85.1,1873.7,Yes,1,68,1872.1999999999998,1872.1999999999998,Product dissatisfaction
1,95369,Female,0,1,0,61,1,1,Fiber optic,0,1,0,0,1,1,Month-to-month,1,0,5,99.15,6010.05,Yes,1,77,6048.150000000001,6048.150000000001,Service dissatisfaction
1,95372,Male,1,1,0,70,1,1,Fiber optic,0,1,1,0,1,1,Month-to-month,1,0,6,102.95,7101.5,Yes,1,99,7206.5,7206.5,Lack of self-service on Website
1,95386,Male,0,0,0,1,1,0,DSL,0,0,0,0,0,0,Month-to-month,1,0,1,45.05,45.05,Yes,1,73,45.05,45.05,Network reliability
1,95387,Female,1,0,0,1,1,0,Fiber optic,0,0,0,0,0,0,Month-to-month,1,0,1,71.0,71,Yes,1,72,71.0,71.0,Don't know
1,95389,Female,1,1,0,47,1,0,Fiber optic,0,0,0,0,0,0,Month-to-month,0,1,1,70.55,3309.25,Yes,1,82,3315.85,3315.85,Don't know
1,95401,Female,0,0,0,1,1,0,Fiber optic,0,0,0,0,0,1,Month-to-month,1,0,2,79.7,79.7,Yes,1,75,79.7,79.7,Don't know
1,95404,Male,0,0,0,22,1,1,DSL,1,1,0,0,0,0,Month-to-month,0,0,4,59.0,1254.7,Yes,1,77,1298.0,1298.0,Poor expertise of online support
1,95405,Female,0,0,0,48,1,0,DSL,1,0,1,1,0,0,One year,1,1,4,60.35,2896.4,Yes,1,69,2896.8,2896.8,Poor expertise of phone support
1,95417,Female,1,1,0,1,1,0,Fiber optic,0,0,0,0,0,0,Month-to-month,1,0,1,69.25,69.25,Yes,1,87,69.25,69.25,Price too high
1,95423,Male,0,0,0,25,1,0,Fiber optic,0,0,0,0,0,0,Month-to-month,0,0,1,70.95,1767.35,Yes,1,75,1773.75,1773.75,Product dissatisfaction
1,95427,Male,0,1,0,20,1,0,Fiber optic,0,0,0,0,1,1,Month-to-month,1,0,3,89.0,1820.45,Yes,1,78,1780.0,1780.0,Service dissatisfaction
1,95428,Male,0,1,0,18,1,1,Fiber optic,1,0,0,0,1,1,Month-to-month,1,0,5,99.4,1742.95,Yes,1,86,1789.2,1789.2,Lack of self-service on Website
1,95431,Female,0,0,0,1,1,0,Fiber optic,0,0,1,0,0,0,Month-to-month,0,1,2,73.5,73.5,Yes,1,74,73.5,73.5,Network reliability
1,95446,Male,0,0,0,9,1,1,Fiber optic,0,0,0,0,1,1,Month-to-month,1,0,4,95.5,829.1,Yes,1,90,859.5,859.5,Limited range of services
1,95448,Female,0,1,0,28,1,0,Fiber optic,1,0,0,0,1,1,Month-to-month,1,0,4,92.35,2602.9,Yes,1,71,2585.7999999999997,2585.7999999999997,Lack of affordable download/upload speed
1,95450,Male,0,0,0,11,1,0,Fiber optic,0,1,0,0,0,0,Month-to-month,1,0,2,74.55,824.75,Yes,1,81,820.05,820.05,Long distance charges
1,95466,Male,1,0,0,12,1,0,Fiber optic,0,1,1,1,0,0,Month-to-month,1,0,4,83.8,1029.75,Yes,1,78,1005.5999999999999,1005.5999999999999,Extra data charges
1,95468,Male,1,0,0,53,0,0,DSL,0,1,1,0,1,1,Month-to-month,1,0,4,54.45,2854.55,Yes,1,65,2885.8500000000004,2885.8500000000004,Price too high
1,95488,Male,1,1,0,41,1,1,Fiber optic,0,0,1,0,1,1,Month-to-month,1,0,5,99.8,4259.3,Yes,1,76,4091.7999999999997,4091.7999999999997,Product dissatisfaction
1,95497,Female,0,1,0,20,1,1,Fiber optic,0,1,1,0,1,1,Month-to-month,1,1,6,105.85,2239.65,Yes,1,84,2117.0,2117.0,Service dissatisfaction
1,95501,Female,0,0,0,7,1,1,Fiber optic,0,0,0,0,0,0,Month-to-month,0,0,2,75.45,480.75,Yes,1,75,528.15,528.15,Lack of self-service on Website
1,95503,Male,0,0,0,7,1,1,Fiber optic,0,0,0,0,1,1,Month-to-month,1,0,4,93.85,635.6,Yes,1,79,656.9499999999999,656.9499999999999,Network reliability
1,95524,Male,0,0,0,22,1,1,Fiber optic,1,0,0,0,1,1,Month-to-month,1,0,5,100.75,2095,Yes,1,98,2216.5,2216.5,Don't know
1,95526,Female,0,1,1,3,0,0,DSL,0,0,0,1,0,0,Month-to-month,1,0,1,31.0,95.05,Yes,1,67,93.0,93.0,Don't know
1,95531,Male,0,0,0,51,1,1,Fiber optic,0,0,1,0,0,0,Month-to-month,0,1,3,80.0,4242.35,Yes,1,91,4080.0,4080.0,Don't know
1,95543,Male,1,0,0,5,1,0,Fiber optic,0,0,0,0,0,0,Month-to-month,1,0,1,70.25,331.9,Yes,1,89,351.25,351.25,Price too high
1,95547,Female,0,1,0,62,1,0,Fiber optic,0,1,1,0,1,1,Month-to-month,1,0,5,100.15,6283.3,Yes,1,93,6209.3,6209.3,Product dissatisfaction
1,95548,Male,0,0,0,28,1,1,Fiber optic,1,1,0,0,0,1,Month-to-month,1,1,5,94.5,2659.4,Yes,1,80,2646.0,2646.0,Service dissatisfaction
1,95567,Male,0,0,0,10,0,0,DSL,0,0,0,0,0,1,Month-to-month,1,0,1,33.9,298.45,Yes,1,84,339.0,339.0,Lack of self-service on Website
1,95587,Male,1,1,0,69,1,1,Fiber optic,0,1,0,0,1,0,Month-to-month,1,0,4,89.95,6143.15,Yes,1,82,6206.55,6206.55,Network reliability
1,95601,Male,0,0,0,12,1,1,Fiber optic,0,0,0,0,1,0,Month-to-month,1,0,3,84.45,1059.55,Yes,1,100,1013.4000000000001,1013.4000000000001,Limited range of services
1,95605,Male,0,0,0,27,1,1,Fiber optic,0,0,0,1,0,0,Month-to-month,1,0,3,79.5,2180.55,Yes,1,100,2146.5,2146.5,Lack of affordable download/upload speed
1,95606,Male,0,1,0,1,1,0,Fiber optic,0,0,0,0,1,1,Month-to-month,0,0,3,89.15,89.15,Yes,1,68,89.15,89.15,Long distance charges
1,95608,Male,1,0,0,14,1,1,Fiber optic,0,0,0,0,0,0,Month-to-month,1,0,2,74.95,1036.75,Yes,1,70,1049.3,1049.3,Extra data charges
1,95610,Female,1,0,0,32,1,0,Fiber optic,0,1,0,0,0,0,Month-to-month,1,0,2,74.4,2276.95,Yes,1,90,2380.8,2380.8,Price too high
1,95623,Female,0,0,0,3,1,0,DSL,0,0,0,0,0,1,Month-to-month,1,0,2,55.3,196.15,Yes,1,96,165.89999999999998,165.89999999999998,Product dissatisfaction
1,95626,Female,0,1,1,22,1,0,DSL,0,1,0,1,0,0,Month-to-month,0,0,3,55.15,1206.05,Yes,1,79,1213.3,1213.3,Service dissatisfaction
1,95633,Female,0,1,0,16,1,1,Fiber optic,0,0,0,0,1,0,Month-to-month,1,0,3,84.95,1378.25,Yes,1,67,1359.2,1359.2,Lack of self-service on Website
1,95635,Male,0,0,0,5,0,0,DSL,1,1,1,1,0,0,Month-to-month,1,0,4,43.25,219,Yes,1,67,216.25,216.25,Network reliability
1,95636,Male,0,1,0,23,1,1,DSL,0,0,0,0,0,0,One year,1,1,2,48.35,1067.15,Yes,1,83,1112.05,1112.05,Don't know
1,95637,Male,0,0,0,1,1,0,Fiber optic,0,0,0,0,1,0,Month-to-month,1,0,2,79.55,79.55,Yes,1,72,79.55,79.55,Don't know
1,95638,Female,1,1,0,50,1,0,Fiber optic,0,0,0,0,0,0,Month-to-month,1,0,1,71.05,3444.85,Yes,1,94,3552.5,3552.5,Don't know
1,95641,Male,0,0,0,1,1,1,Fiber optic,0,0,0,0,1,0,Month-to-month,0,0,3,84.5,84.5,Yes,1,73,84.5,84.5,Price too high
1,95651,Male,0,1,0,71,1,1,Fiber optic,0,1,1,1,1,1,Two year,1,1,7,108.6,7690.9,Yes,1,97,7710.599999999999,7710.599999999999,Product dissatisfaction
1,95655,Male,0,0,0,46,0,0,DSL,0,1,0,0,0,0,Month-to-month,0,1,1,30.3,1380.1,Yes,1,95,1393.8,1393.8,Service dissatisfaction
1,95658,Female,1,0,0,2,0,0,DSL,0,0,1,0,0,0,Month-to-month,1,0,1,30.4,78.65,Yes,1,90,60.8,60.8,Lack of self-service on Website
1,95659,Female,0,0,0,1,1,0,DSL,0,0,0,0,0,0,Month-to-month,1,0,1,45.4,45.4,Yes,1,67,45.4,45.4,Network reliability
1,95662,Female,0,1,0,32,1,0,Fiber optic,0,1,0,0,0,1,Month-to-month,0,1,3,84.15,2585.95,Yes,1,74,2692.8,2692.8,Limited range of services
1,95664,Female,0,0,0,3,1,0,No,0,0,0,0,0,0,Month-to-month,0,0,1,19.75,58.85,Yes,1,83,59.25,59.25,Lack of affordable download/upload speed
1,95665,Female,0,0,0,5,1,0,Fiber optic,0,0,0,1,0,1,Month-to-month,1,1,3,85.4,425.9,Yes,1,90,427.0,427.0,Long distance charges
1,95670,Male,0,0,0,49,1,1,Fiber optic,0,0,0,0,0,0,Month-to-month,0,1,2,75.2,3678.3,Yes,1,90,3684.8,3684.8,Extra data charges
1,95674,Female,0,0,0,17,1,1,DSL,0,0,1,0,0,0,One year,1,0,3,55.85,937.5,Yes,1,76,949.45,949.45,Price too high
1,95678,Male,1,0,0,23,1,1,Fiber optic,0,1,1,0,1,1,Month-to-month,1,0,6,106.4,2483.5,Yes,1,79,2447.2000000000003,2447.2000000000003,Product dissatisfaction
1,95686,Male,0,0,0,6,1,0,Fiber optic,0,1,0,0,0,1,Month-to-month,1,0,3,84.4,556.35,Yes,1,77,506.40000000000003,506.40000000000003,Service dissatisfaction
1,95695,Female,0,0,0,6,1,0,DSL,1,1,0,0,0,0,Month-to-month,0,0,3,56.25,389.1,Yes,1,95,337.5,337.5,Lack of self-service on Website
1,95703,Female,1,0,0,2,1,1,Fiber optic,0,0,0,0,1,0,Month-to-month,1,0,3,85.55,187.45,Yes,1,86,171.1,171.1,Network reliability
1,95709,Female,0,0,0,4,1,0,DSL,0,1,0,0,1,1,Month-to-month,1,1,4,68.65,261.25,Yes,1,76,274.6,274.6,Don't know
1,95714,Male,0,0,0,4,1,0,Fiber optic,0,0,0,0,1,0,Month-to-month,0,0,2,77.85,299.2,Yes,1,65,311.4,311.4,Don't know
1,95721,Male,0,0,0,3,1,1,Fiber optic,0,1,1,0,1,1,Month-to-month,1,1,6,105.35,323.25,Yes,1,65,316.04999999999995,316.04999999999995,Don't know
1,95726,Female,0,0,0,8,1,1,Fiber optic,0,0,0,0,1,0,Month-to-month,1,0,3,87.05,762.1,Yes,1,69,696.4,696.4,Price too high
1,95736,Male,0,0,0,1,1,0,DSL,0,0,0,0,1,0,Month-to-month,1,0,2,53.5,53.5,Yes,1,80,53.5,53.5,Product dissatisfaction
1,95746,Female,0,0,0,1,0,0,DSL,0,0,0,0,0,0,Month-to-month,1,0,0,25.1,25.1,Yes,1,79,25.1,25.1,Service dissatisfaction
1,95814,Male,1,1,0,30,1,0,Fiber optic,0,1,1,0,0,0,Month-to-month,1,0,3,79.65,2365.15,Yes,1,73,2389.5,2389.5,Lack of self-service on Website
1,95818,Female,0,0,0,5,1,0,DSL,1,0,0,1,0,0,Month-to-month,0,0,3,54.2,308.25,Yes,1,78,271.0,271.0,Network reliability
1,95819,Female,1,0,0,1,1,0,No,0,0,0,0,0,0,Month-to-month,1,0,1,19.45,19.45,Yes,1,78,19.45,19.45,Limited range of services
1,95827,Male,0,1,0,72,1,1,Fiber optic,0,1,1,0,1,1,Two year,1,0,6,103.4,7372.65,Yes,1,83,7444.8,7444.8,Lack of affordable download/upload speed
1,95831,Female,0,0,0,13,1,1,Fiber optic,0,1,1,0,0,0,Month-to-month,1,0,4,84.45,1058.6,Yes,1,74,1097.8500000000001,1097.8500000000001,Long distance charges
1,95835,Female,1,1,0,32,1,1,Fiber optic,0,0,0,0,1,0,Month-to-month,1,1,3,85.95,2628.6,Yes,1,74,2750.4,2750.4,Extra data charges
1,95838,Female,1,0,0,16,1,0,DSL,0,0,0,1,1,0,Month-to-month,0,0,3,59.4,1023.9,Yes,1,87,950.4,950.4,Price too high
1,95903,Female,0,0,0,29,0,0,DSL,0,1,0,0,0,0,Month-to-month,1,0,1,30.6,856.35,Yes,1,77,887.4000000000001,887.4000000000001,Product dissatisfaction
1,95920,Female,1,0,0,38,1,1,Fiber optic,0,0,0,1,1,1,Month-to-month,1,0,5,99.55,3734.25,Yes,1,100,3782.9,3782.9,Service dissatisfaction
1,95922,Female,0,0,0,17,1,0,Fiber optic,0,0,0,0,0,0,Month-to-month,1,0,1,70.0,1144.5,Yes,1,70,1190.0,1190.0,Lack of self-service on Website
1,95925,Female,0,0,0,1,1,0,DSL,0,0,0,0,0,0,Month-to-month,1,0,1,45.3,45.3,Yes,1,86,45.3,45.3,Network reliability
1,95926,Male,0,0,0,2,0,0,DSL,0,0,0,1,0,0,Month-to-month,0,1,1,29.85,75.6,Yes,1,95,59.7,59.7,Don't know
1,95930,Male,1,0,0,2,1,0,Fiber optic,0,1,1,1,0,1,Month-to-month,1,1,5,95.1,180.25,Yes,1,90,190.2,190.2,Don't know
1,95932,Male,0,0,0,1,1,0,No,0,0,0,0,0,0,Month-to-month,0,0,1,19.8,19.8,Yes,1,96,19.8,19.8,Don't know
1,95936,Female,0,0,0,4,1,0,Fiber optic,0,1,0,0,0,0,Month-to-month,1,1,2,76.65,333.6,Yes,1,97,306.6,306.6,Moved
1,95937,Female,0,1,0,5,1,0,Fiber optic,0,1,0,1,1,1,Month-to-month,1,0,5,99.15,465.05,Yes,1,74,495.75,495.75,Moved
1,95949,Male,0,0,0,9,1,0,DSL,0,0,0,0,0,0,Month-to-month,0,0,1,44.95,431,Yes,1,66,404.55,404.55,Competitor had better devices
1,95950,Male,0,1,0,18,1,0,DSL,0,0,1,0,0,0,Month-to-month,1,0,2,49.55,878.35,Yes,1,97,891.9,891.9,Competitor offered higher download speeds
1,95968,Male,0,0,0,25,1,0,Fiber optic,0,1,0,0,1,1,Month-to-month,1,0,4,95.9,2448.75,Yes,1,68,2397.5,2397.5,Competitor offered more data
1,95971,Male,1,1,0,17,1,0,Fiber optic,0,0,0,0,0,1,Month-to-month,0,1,2,81.5,1329.2,Yes,1,79,1385.5,1385.5,Competitor made better offer
1,95975,Male,0,1,0,52,1,0,Fiber optic,1,0,0,0,1,0,Month-to-month,0,0,3,84.1,4348.65,Yes,1,75,4373.2,4373.2,Competitor had better devices
1,95982,Male,1,1,0,3,0,0,DSL,0,0,0,0,1,0,Month-to-month,1,0,1,36.45,93.7,Yes,1,89,109.35000000000001,109.35000000000001,Competitor had better devices
1,95984,Female,1,0,0,1,0,0,DSL,0,0,0,0,0,0,Month-to-month,0,0,0,25.05,25.05,Yes,1,65,25.05,25.05,Competitor offered higher download speeds
1,95988,Female,0,0,0,8,1,0,DSL,1,0,0,0,0,0,Month-to-month,1,0,2,49.85,365.55,Yes,1,75,398.8,398.8,Competitor offered higher download speeds
1,96006,Female,1,1,0,43,0,0,DSL,0,1,1,0,1,1,Month-to-month,0,1,4,55.55,2342.2,Yes,1,85,2388.65,2388.65,Competitor offered higher download speeds
1,96009,Female,0,1,0,22,1,0,DSL,0,1,0,0,1,1,One year,1,1,4,69.5,1498.2,Yes,1,94,1529.0,1529.0,Competitor offered more data
1,96013,Male,0,1,0,54,1,1,Fiber optic,0,1,1,0,1,1,Month-to-month,1,0,6,104.3,5278.15,Yes,1,77,5632.2,5632.2,Competitor offered more data
1,96023,Female,0,0,0,1,1,1,Fiber optic,0,0,0,0,1,1,Month-to-month,1,0,4,93.85,93.85,Yes,1,78,93.85,93.85,Competitor offered more data
1,96032,Female,0,1,1,1,1,0,DSL,0,0,1,0,0,0,Month-to-month,0,0,2,50.45,50.45,Yes,1,75,50.45,50.45,Competitor made better offer
1,96041,Female,0,0,0,7,1,1,DSL,0,0,0,1,1,1,Month-to-month,1,0,5,74.65,521.1,Yes,1,67,522.5500000000001,522.5500000000001,Competitor made better offer
1,96050,Female,0,0,0,12,1,1,Fiber optic,0,0,0,0,1,1,Month-to-month,1,0,4,94.2,1046.1,Yes,1,73,1130.4,1130.4,Price too high
1,96063,Female,0,1,0,54,1,1,Fiber optic,1,1,0,0,1,1,One year,0,1,6,106.55,5763.3,Yes,1,90,5753.7,5753.7,Product dissatisfaction
1,96064,Male,0,0,0,1,1,0,No,0,0,0,0,0,0,Month-to-month,0,0,1,20.1,20.1,Yes,1,80,20.1,20.1,Service dissatisfaction
1,96069,Female,0,1,0,23,1,0,Fiber optic,0,1,1,1,0,0,Month-to-month,0,0,4,83.8,1900.25,Yes,1,80,1927.3999999999999,1927.3999999999999,Lack of self-service on Website
1,96071,Male,0,0,0,3,1,0,DSL,0,0,0,0,1,0,Month-to-month,0,0,2,55.15,159.15,Yes,1,78,165.45,165.45,Network reliability
1,96074,Male,1,1,0,10,1,1,Fiber optic,0,0,0,0,0,1,Month-to-month,1,0,3,86.65,856.65,Yes,1,84,866.5,866.5,Limited range of services
1,96080,Female,1,0,0,37,1,1,Fiber optic,1,1,0,0,1,1,Month-to-month,1,1,6,106.75,4056.75,Yes,1,92,3949.75,3949.75,Lack of affordable download/upload speed
1,96093,Male,0,0,0,31,1,0,Fiber optic,0,1,0,1,0,0,Month-to-month,1,0,3,78.45,2435.15,Yes,1,72,2431.9500000000003,2431.9500000000003,Long distance charges
1,96096,Female,0,1,0,34,1,1,Fiber optic,0,0,1,0,1,0,Month-to-month,0,0,4,87.45,2874.15,Yes,1,98,2973.3,2973.3,Extra data charges
1,96103,Male,0,1,0,29,1,0,Fiber optic,0,0,0,0,0,0,Month-to-month,1,0,1,70.75,1974.8,Yes,1,73,2051.75,2051.75,Price too high
1,96109,Male,1,1,0,12,1,1,Fiber optic,0,1,0,0,1,1,Month-to-month,1,0,5,101.35,1218.55,Yes,1,68,1216.1999999999998,1216.1999999999998,Product dissatisfaction
1,96110,Male,0,0,0,1,1,1,Fiber optic,1,0,0,0,0,0,Month-to-month,1,0,3,81.7,81.7,Yes,1,83,81.7,81.7,Service dissatisfaction
1,96112,Male,0,0,0,33,1,0,Fiber optic,0,0,0,0,0,0,Month-to-month,0,0,1,68.25,2171.15,Yes,1,100,2252.25,2252.25,Lack of self-service on Website
1,96115,Female,0,0,0,4,1,0,Fiber optic,0,0,0,0,0,1,Month-to-month,1,0,2,79.15,317.25,Yes,1,68,316.6,316.6,Network reliability
1,96125,Male,1,0,0,35,1,1,Fiber optic,0,0,0,0,1,1,Month-to-month,1,0,4,95.45,3474.05,Yes,1,91,3340.75,3340.75,Don't know
1,96126,Male,0,1,0,19,1,1,Fiber optic,0,0,0,1,1,1,One year,1,0,5,100.95,1875.55,Yes,1,73,1918.05,1918.05,Don't know
1,96137,Female,0,1,0,1,1,0,Fiber optic,0,0,0,0,0,0,Month-to-month,1,0,1,69.1,69.1,Yes,1,92,69.1,69.1,Don't know
1,96148,Female,1,0,0,1,1,0,Fiber optic,0,0,0,0,0,0,Month-to-month,1,0,1,69.6,69.6,Yes,1,74,69.6,69.6,Poor expertise of online support
1,96150,Male,0,0,0,31,1,1,Fiber optic,0,1,1,0,1,1,One year,1,0,6,103.45,3066.45,Yes,1,65,3206.9500000000003,3206.9500000000003,Poor expertise of phone support
1,96161,Female,0,0,0,4,1,1,Fiber optic,0,1,0,0,0,0,Month-to-month,0,1,3,77.95,305.55,Yes,1,89,311.8,311.8,Price too high
1,90007,Female,1,0,0,1,1,0,Fiber optic,0,0,0,0,1,0,Month-to-month,0,0,2,78.45,78.45,Yes,1,67,78.45,78.45,Product dissatisfaction
1,90016,Male,0,0,0,10,0,0,DSL,0,0,1,0,0,0,Month-to-month,0,0,1,29.5,255.25,Yes,1,69,295.0,295.0,Service dissatisfaction
1,90017,Female,0,0,0,2,1,0,DSL,1,0,0,0,1,1,Month-to-month,1,0,4,70.75,146.9,Yes,1,72,141.5,141.5,Lack of self-service on Website
1,90020,Female,1,0,0,9,1,1,Fiber optic,0,0,0,0,0,1,Month-to-month,1,0,3,84.45,762.5,Yes,1,95,760.0500000000001,760.0500000000001,Network reliability
1,90023,Male,0,0,0,4,1,1,Fiber optic,0,0,0,0,0,1,Month-to-month,1,0,3,85.65,338.9,Yes,1,87,342.6,342.6,Limited range of services
1,90024,Male,1,0,0,38,1,0,DSL,0,1,1,1,1,0,One year,1,1,5,70.15,2497.35,Yes,1,82,2665.7000000000003,2665.7000000000003,Lack of affordable download/upload speed
1,90028,Male,1,0,0,51,1,1,Fiber optic,0,0,1,0,1,1,Month-to-month,1,0,5,97.8,4913.3,Yes,1,81,4987.8,4987.8,Long distance charges
1,90031,Male,0,0,0,1,1,0,DSL,0,0,0,0,0,0,Month-to-month,0,0,1,46.3,46.3,Yes,1,73,46.3,46.3,Extra data charges
1,90033,Female,0,0,0,41,1,1,Fiber optic,0,1,1,0,1,1,Month-to-month,1,0,6,106.3,4443.45,Yes,1,85,4358.3,4358.3,Price too high
1,90037,Female,0,0,0,12,1,0,Fiber optic,0,0,1,1,0,1,Month-to-month,1,0,4,89.4,1095.65,Yes,1,79,1072.8000000000002,1072.8000000000002,Product dissatisfaction
1,90039,Female,1,0,0,5,1,1,Fiber optic,0,0,0,0,1,0,Month-to-month,1,1,3,83.15,446.05,Yes,1,96,415.75,415.75,Service dissatisfaction
1,90043,Male,0,0,0,10,1,1,Fiber optic,0,0,0,0,0,0,Month-to-month,1,0,2,74.15,811.8,Yes,1,90,741.5,741.5,Lack of self-service on Website
1,90048,Female,0,1,0,11,1,1,Fiber optic,0,0,1,0,1,1,Month-to-month,1,0,5,99.5,1056.95,Yes,1,84,1094.5,1094.5,Network reliability
1,90049,Male,0,0,0,1,1,0,DSL,0,0,0,0,0,0,Month-to-month,1,0,1,44.15,44.15,Yes,1,97,44.15,44.15,Don't know
1,90056,Female,0,0,0,16,1,0,DSL,0,1,0,1,0,0,Month-to-month,1,0,3,53.9,834.15,Yes,1,65,862.4,862.4,Don't know
1,90057,Female,0,0,0,1,1,1,Fiber optic,0,0,0,0,0,1,Month-to-month,1,0,3,85.45,85.45,Yes,1,100,85.45,85.45,Price too high
1,90062,Female,0,1,1,4,1,1,DSL,0,0,0,0,0,0,Month-to-month,0,0,2,50.85,239.55,Yes,1,90,203.4,203.4,Product dissatisfaction
1,90063,Female,0,0,1,1,1,0,DSL,0,0,1,0,0,1,Month-to-month,0,0,3,59.2,59.2,Yes,1,65,59.2,59.2,Service dissatisfaction
1,90066,Male,0,0,0,13,1,0,Fiber optic,0,0,1,0,1,0,Month-to-month,1,0,3,83.2,1060.6,Yes,1,86,1081.6000000000001,1081.6000000000001,Lack of self-service on Website
1,90068,Female,0,0,0,1,1,0,DSL,1,1,0,0,0,0,Month-to-month,1,0,3,54.9,54.9,Yes,1,89,54.9,54.9,Network reliability
1,90071,Female,0,1,0,21,1,1,Fiber optic,1,0,1,0,1,1,Month-to-month,1,0,6,103.9,2254.2,Yes,1,91,2181.9,2181.9,Limited range of services
1,90221,Female,0,1,1,11,1,0,No,0,0,0,0,0,0,Month-to-month,1,0,1,19.25,180.3,Yes,1,69,211.75,211.75,Lack of affordable download/upload speed
1,90230,Female,1,0,0,2,1,1,Fiber optic,0,0,0,0,0,0,Month-to-month,1,0,2,75.45,158.4,Yes,1,65,150.9,150.9,Long distance charges
1,90232,Female,1,0,0,2,1,0,DSL,1,1,0,0,0,0,Month-to-month,0,0,3,54.85,104.2,Yes,1,96,109.7,109.7,Extra data charges
1,90248,Male,1,1,0,1,1,1,Fiber optic,0,0,0,0,1,1,Month-to-month,1,0,4,95.1,95.1,Yes,1,70,95.1,95.1,Price too high
1,90254,Male,0,1,0,6,1,1,Fiber optic,0,0,0,0,0,0,Month-to-month,1,0,2,75.5,438,Yes,1,88,453.0,453.0,Product dissatisfaction
1,90255,Female,0,1,0,4,1,0,Fiber optic,0,0,1,0,0,0,Month-to-month,1,0,2,73.75,325.45,Yes,1,83,295.0,295.0,Service dissatisfaction
1,90260,Male,0,0,0,12,1,1,Fiber optic,0,0,0,0,1,1,Month-to-month,1,0,4,96.05,1148.1,Yes,1,89,1152.6,1152.6,Lack of self-service on Website
1,90302,Female,0,0,0,4,1,1,Fiber optic,0,1,0,0,0,1,Month-to-month,1,0,4,88.95,355.2,Yes,1,72,355.8,355.8,Network reliability
1,90403,Female,0,0,0,4,1,0,DSL,0,1,0,0,0,0,Month-to-month,0,1,2,50.7,151.3,Yes,1,90,202.8,202.8,Don't know
1,90405,Male,0,0,0,3,1,0,DSL,0,0,0,0,1,0,Month-to-month,0,1,2,53.4,188.7,Yes,1,65,160.2,160.2,Don't know
1,90501,Male,1,1,0,53,1,1,Fiber optic,0,1,0,0,1,1,Month-to-month,1,0,5,101.9,5549.4,Yes,1,94,5400.700000000001,5400.700000000001,Price too high
1,90505,Female,0,1,0,68,1,1,Fiber optic,0,0,0,0,1,0,One year,1,0,3,83.0,5685.8,Yes,1,86,5644.0,5644.0,Product dissatisfaction
1,90621,Male,0,0,1,1,1,0,DSL,1,0,0,0,0,0,Month-to-month,0,0,2,50.6,50.6,Yes,1,82,50.6,50.6,Service dissatisfaction
1,90623,Male,0,0,0,10,1,0,Fiber optic,0,0,0,0,1,1,Month-to-month,1,0,3,89.5,863.1,Yes,1,84,895.0,895.0,Lack of self-service on Website
1,90631,Male,0,0,0,1,1,0,Fiber optic,0,0,0,0,0,0,Month-to-month,1,0,1,69.8,69.8,Yes,1,90,69.8,69.8,Network reliability
1,90640,Male,1,1,0,51,1,1,Fiber optic,1,0,1,0,1,0,Month-to-month,1,1,5,93.8,4750.95,Yes,1,83,4783.8,4783.8,Limited range of services
1,90670,Male,0,1,0,24,1,1,Fiber optic,0,0,1,0,1,1,Month-to-month,1,0,5,101.05,2391.8,Yes,1,66,2425.2,2425.2,Lack of affordable download/upload speed
1,90712,Male,0,1,0,18,1,1,Fiber optic,0,0,0,0,1,1,Month-to-month,1,0,4,94.7,1687.95,Yes,1,72,1704.6000000000001,1704.6000000000001,Long distance charges
1,90713,Male,1,1,0,72,1,1,Fiber optic,0,1,1,0,1,1,Two year,1,1,6,104.15,7689.95,Yes,1,74,7498.8,7498.8,Extra data charges
1,90742,Male,0,1,1,4,1,0,DSL,0,0,0,1,0,1,Month-to-month,0,1,3,61.45,229.55,Yes,1,83,245.8,245.8,Price too high
1,90804,Male,0,0,0,1,1,0,Fiber optic,0,0,0,0,1,1,Month-to-month,1,0,3,90.55,90.55,Yes,1,89,90.55,90.55,Product dissatisfaction
1,90807,Female,0,0,0,26,1,0,Fiber optic,0,0,0,0,1,1,Month-to-month,1,1,3,88.8,2274.35,Yes,1,82,2308.7999999999997,2308.7999999999997,Service dissatisfaction
1,90814,Male,0,0,0,7,1,1,Fiber optic,0,0,0,0,0,1,Month-to-month,1,0,3,85.2,602.55,Yes,1,86,596.4,596.4,Lack of self-service on Website
1,91007,Male,1,0,0,5,1,0,Fiber optic,0,0,0,0,1,1,Month-to-month,1,0,3,91.4,449.75,Yes,1,78,457.0,457.0,Network reliability
1,91030,Male,0,1,0,42,1,1,Fiber optic,0,0,1,1,1,1,Month-to-month,1,1,6,106.15,4512.7,Yes,1,93,4458.3,4458.3,Don't know
1,91105,Female,0,0,0,4,1,0,DSL,0,0,0,0,0,0,Month-to-month,1,0,1,45.3,196.95,Yes,1,99,181.2,181.2,Don't know
1,91203,Male,0,0,0,2,1,1,Fiber optic,0,0,0,0,0,0,Month-to-month,1,1,2,73.25,131.05,Yes,1,78,146.5,146.5,Price too high
1,91208,Male,0,1,1,8,1,0,DSL,0,0,1,0,0,0,Month-to-month,1,0,2,51.05,415.05,Yes,1,77,408.4,408.4,Product dissatisfaction
1,91303,Female,0,1,0,9,1,1,Fiber optic,0,0,0,0,1,0,Month-to-month,1,1,3,85.35,754.65,Yes,1,95,768.15,768.15,Service dissatisfaction
1,91304,Male,1,0,0,1,1,1,Fiber optic,0,0,0,0,0,0,Month-to-month,1,0,2,75.35,75.35,Yes,1,92,75.35,75.35,Lack of self-service on Website
1,91311,Male,0,0,0,43,1,0,Fiber optic,1,0,0,0,0,0,Month-to-month,1,0,2,75.2,3198.6,Yes,1,68,3233.6,3233.6,Network reliability
1,91316,Female,0,0,0,1,1,0,No,0,0,0,0,0,0,Month-to-month,0,0,1,20.9,20.9,Yes,1,97,20.9,20.9,Limited range of services
1,91355,Male,0,0,0,3,1,0,DSL,0,0,0,0,0,0,Month-to-month,1,0,1,43.3,123.65,Yes,1,91,129.89999999999998,129.89999999999998,Lack of affordable download/upload speed
1,91356,Male,0,1,0,70,1,0,Fiber optic,1,1,1,1,1,1,One year,1,1,7,109.5,7534.65,Yes,1,82,7665.0,7665.0,Long distance charges
1,91381,Female,1,0,0,11,1,1,Fiber optic,0,0,0,0,0,1,Month-to-month,1,1,3,84.8,906.85,Yes,1,67,932.8,932.8,Extra data charges
1,91384,Female,1,1,0,50,1,1,Fiber optic,0,1,1,0,1,0,Month-to-month,1,0,5,95.05,4888.7,Yes,1,92,4752.5,4752.5,Price too high
1,91401,Male,1,0,0,5,1,0,DSL,0,0,1,0,0,0,Month-to-month,0,0,2,50.35,237.25,Yes,1,81,251.75,251.75,Product dissatisfaction
1,91402,Male,0,1,0,1,1,1,Fiber optic,0,0,0,0,0,0,Month-to-month,1,1,2,74.6,74.6,Yes,1,75,74.6,74.6,Service dissatisfaction
1,91403,Male,0,0,0,16,1,0,No,0,0,0,0,0,0,Month-to-month,1,0,1,19.7,342.4,Yes,1,82,315.2,315.2,Lack of self-service on Website
1,91423,Female,0,0,0,15,1,0,DSL,0,0,1,0,0,1,Month-to-month,1,0,3,59.45,892.65,Yes,1,68,891.75,891.75,Network reliability
1,91501,Female,0,0,0,46,1,0,Fiber optic,1,1,0,1,1,1,One year,1,1,6,105.2,4822.85,Yes,1,99,4839.2,4839.2,Don't know
1,91601,Male,0,0,0,8,1,0,DSL,0,0,0,0,0,0,Month-to-month,1,0,1,45.15,438.4,Yes,1,100,361.2,361.2,Don't know
1,91607,Male,0,1,0,31,1,1,Fiber optic,0,1,1,0,1,0,Month-to-month,0,0,5,93.8,3019.5,Yes,1,79,2907.7999999999997,2907.7999999999997,Don't know
1,91711,Male,0,0,0,32,1,0,Fiber optic,0,0,0,1,1,1,Month-to-month,1,0,4,96.2,3183.4,Yes,1,93,3078.4,3078.4,Attitude of support person
1,91722,Female,0,0,0,1,1,0,Fiber optic,0,0,0,0,0,1,Month-to-month,1,0,2,79.6,79.6,Yes,1,94,79.6,79.6,Deceased
1,91731,Male,0,0,0,20,1,1,Fiber optic,0,0,0,0,1,0,Month-to-month,1,0,3,85.25,1734.5,Yes,1,92,1705.0,1705.0,Moved
1,91741,Male,0,0,0,26,1,1,Fiber optic,0,0,0,1,0,0,Month-to-month,1,0,3,80.5,2088.8,Yes,1,72,2093.0,2093.0,Moved
1,91744,Male,1,0,0,5,1,1,Fiber optic,0,1,0,0,0,1,Month-to-month,1,0,4,89.8,502.6,Yes,1,88,449.0,449.0,Moved
1,91748,Male,0,0,0,1,1,0,DSL,0,1,0,0,0,0,Month-to-month,1,0,2,50.75,50.75,Yes,1,93,50.75,50.75,Competitor had better devices
1,91752,Female,0,1,0,14,1,0,Fiber optic,0,1,0,1,0,1,Month-to-month,1,1,4,89.65,1208.35,Yes,1,98,1255.1000000000001,1255.1000000000001,Competitor offered higher download speeds
1,91767,Male,0,0,0,36,1,0,DSL,0,1,0,1,0,1,One year,1,0,4,65.4,2498.4,Yes,1,71,2354.4,2354.4,Don't know
1,91773,Female,0,0,1,9,1,0,DSL,0,0,1,1,1,1,Month-to-month,1,0,5,72.9,651.4,Yes,1,65,656.1,656.1,Competitor made better offer
1,91789,Male,0,0,0,5,0,0,DSL,1,0,1,1,0,0,Month-to-month,0,0,3,40.0,223.45,Yes,1,80,200.0,200.0,Competitor had better devices
1,91790,Male,1,0,0,9,1,1,Fiber optic,0,1,0,0,1,1,Month-to-month,1,1,5,99.45,919.4,Yes,1,93,895.0500000000001,895.0500000000001,Competitor had better devices
1,91803,Female,0,0,0,2,1,0,Fiber optic,1,1,0,1,0,0,Month-to-month,1,0,4,86.25,181.65,Yes,1,94,172.5,172.5,Competitor offered higher download speeds
1,91901,Female,0,0,0,1,1,0,DSL,0,0,0,0,0,0,Month-to-month,1,0,1,45.65,45.65,Yes,1,78,45.65,45.65,Competitor offered higher download speeds
1,91902,Male,0,0,0,8,1,0,Fiber optic,0,0,0,0,0,0,Month-to-month,1,0,1,70.1,551.35,Yes,1,75,560.8,560.8,Competitor offered higher download speeds
1,91906,Female,1,0,0,2,1,0,Fiber optic,0,0,0,0,0,0,Month-to-month,1,1,1,70.2,115.95,Yes,1,67,140.4,140.4,Competitor offered more data
1,91910,Female,0,0,0,3,1,0,DSL,1,1,0,0,0,0,Month-to-month,0,0,3,55.35,165.2,Yes,1,65,166.05,166.05,Competitor offered more data
1,91915,Male,1,1,0,51,1,1,Fiber optic,0,1,1,0,0,0,Month-to-month,1,0,4,84.2,4146.05,Yes,1,74,4294.2,4294.2,Competitor offered more data
1,91931,Male,0,0,0,2,1,0,DSL,0,0,0,0,0,0,Month-to-month,0,0,1,45.85,81,Yes,1,81,91.7,91.7,Competitor made better offer
1,91942,Male,0,0,0,39,1,1,Fiber optic,0,0,0,0,0,0,Month-to-month,0,0,2,75.25,3017.65,Yes,1,96,2934.75,2934.75,Competitor made better offer
1,91948,Female,0,0,0,12,1,1,Fiber optic,0,0,1,0,1,1,Month-to-month,1,1,5,100.15,1164.3,Yes,1,96,1201.8000000000002,1201.8000000000002,Price too high
1,91978,Male,1,1,0,26,1,1,Fiber optic,0,1,1,0,1,1,Month-to-month,0,0,6,105.75,2710.25,Yes,1,100,2749.5,2749.5,Product dissatisfaction
1,92003,Female,1,1,0,18,0,0,DSL,0,0,1,0,1,1,Month-to-month,1,0,3,48.35,810.7,Yes,1,92,870.3000000000001,870.3000000000001,Service dissatisfaction
1,92009,Female,0,1,1,2,0,0,DSL,0,0,0,0,0,0,Month-to-month,1,0,0,24.4,36.55,Yes,1,91,48.8,48.8,Lack of self-service on Website
1,92028,Female,0,0,0,4,1,0,No,0,0,0,0,0,0,Month-to-month,0,1,1,20.95,85.5,Yes,1,85,83.8,83.8,Network reliability
1,92029,Female,1,1,0,1,1,0,DSL,1,0,0,0,0,0,Month-to-month,1,0,2,49.55,49.55,Yes,1,76,49.55,49.55,Limited range of services
1,92057,Male,0,0,0,9,1,0,No,0,0,0,0,0,0,Month-to-month,0,0,1,20.25,178.5,Yes,1,98,182.25,182.25,Lack of affordable download/upload speed
1,92059,Female,1,1,0,2,1,0,DSL,0,1,0,0,0,0,Month-to-month,0,1,2,50.15,115.1,Yes,1,78,100.3,100.3,Long distance charges
1,92061,Male,1,1,0,29,1,1,Fiber optic,0,1,1,0,0,1,Month-to-month,1,0,5,95.9,2745.2,Yes,1,95,2781.1000000000004,2781.1000000000004,Extra data charges
1,92084,Female,1,0,0,1,0,0,DSL,0,0,0,0,0,0,Month-to-month,0,0,0,25.25,25.25,Yes,1,87,25.25,25.25,Price too high
1,92108,Female,0,0,0,9,1,0,DSL,0,0,0,0,0,0,Month-to-month,0,0,1,45.15,416.45,Yes,1,73,406.34999999999997,406.34999999999997,Product dissatisfaction
1,92113,Female,0,1,0,50,1,1,Fiber optic,0,0,0,0,1,0,Month-to-month,1,1,3,84.4,4116.15,Yes,1,80,4220.0,4220.0,Service dissatisfaction
1,92118,Female,0,0,0,1,1,1,Fiber optic,0,0,0,0,0,0,Month-to-month,1,0,2,75.1,75.1,Yes,1,83,75.1,75.1,Lack of self-service on Website
1,92119,Female,0,1,0,54,1,1,DSL,0,0,0,0,1,1,One year,1,1,4,70.15,3715.65,Yes,1,95,3788.1000000000004,3788.1000000000004,Network reliability
1,92120,Male,0,0,0,42,1,1,Fiber optic,0,1,0,0,1,1,Month-to-month,1,0,5,101.75,4273.45,Yes,1,66,4273.5,4273.5,Don't know
1,92121,Female,0,0,0,1,1,0,DSL,0,0,0,0,0,0,Month-to-month,0,0,1,45.8,45.8,Yes,1,78,45.8,45.8,Don't know
1,92127,Male,0,0,0,1,1,0,No,0,0,0,0,0,0,Month-to-month,1,0,1,20.1,20.1,Yes,1,95,20.1,20.1,Don't know
1,92128,Male,0,1,0,9,0,0,DSL,0,0,0,1,1,0,Month-to-month,0,0,2,40.65,328.95,Yes,1,98,365.84999999999997,365.84999999999997,Poor expertise of online support
1,92129,Male,1,1,0,46,1,1,Fiber optic,0,0,1,0,1,1,Month-to-month,1,0,5,101.0,4680.05,Yes,1,88,4646.0,4646.0,Poor expertise of phone support
1,92130,Male,0,0,0,1,1,0,Fiber optic,0,0,0,0,0,0,Month-to-month,1,0,1,69.1,69.1,Yes,1,82,69.1,69.1,Competitor had better devices
1,92173,Female,0,0,0,13,1,1,Fiber optic,0,0,0,0,0,0,Month-to-month,1,0,2,75.0,999.45,Yes,1,68,975.0,975.0,Competitor offered higher download speeds
1,92201,Male,0,1,0,19,1,0,Fiber optic,0,1,0,1,1,1,One year,0,1,5,100.0,1888.65,Yes,1,71,1900.0,1900.0,Competitor offered more data
1,92210,Female,1,0,0,1,1,0,Fiber optic,0,0,0,0,0,0,Month-to-month,1,0,1,71.15,71.15,Yes,1,85,71.15,71.15,Competitor made better offer
1,92211,Female,0,0,0,24,0,0,DSL,0,1,1,0,1,1,Month-to-month,1,1,4,54.15,1240.25,Yes,1,95,1299.6,1299.6,Competitor had better devices
1,92227,Female,0,1,0,67,1,1,Fiber optic,1,0,1,1,1,1,Two year,1,1,7,108.75,7156.2,Yes,1,90,7286.25,7286.25,Competitor had better devices
1,92231,Female,0,1,0,6,1,0,DSL,0,0,0,1,0,0,Month-to-month,1,0,2,49.15,270.8,Yes,1,86,294.9,294.9,Competitor offered higher download speeds
1,92239,Male,0,0,1,20,1,0,No,0,0,0,0,0,0,Month-to-month,1,0,1,19.4,374.5,Yes,1,86,388.0,388.0,Competitor offered higher download speeds
1,92241,Female,1,0,0,20,1,1,Fiber optic,1,0,0,0,0,0,Month-to-month,1,0,3,79.15,1520.9,Yes,1,95,1583.0,1583.0,Competitor offered higher download speeds
1,92258,Male,1,1,0,46,1,0,Fiber optic,0,0,0,0,0,1,Month-to-month,1,0,2,80.4,3605.2,Yes,1,75,3698.4,3698.4,Competitor offered more data
1,92262,Female,0,1,0,11,1,1,Fiber optic,0,1,0,0,1,1,Month-to-month,1,0,5,102.0,1145.35,Yes,1,88,1122.0,1122.0,Competitor offered more data
1,92270,Female,0,0,0,2,1,0,No,0,0,0,0,0,0,Month-to-month,0,0,1,20.65,38.7,Yes,1,83,41.3,41.3,Competitor offered more data
1,92276,Female,0,0,0,1,1,0,Fiber optic,0,0,0,0,0,0,Month-to-month,1,0,1,70.8,70.8,Yes,1,73,70.8,70.8,Competitor made better offer
1,92277,Male,0,0,0,16,1,1,Fiber optic,0,0,0,1,0,1,Month-to-month,1,1,4,89.05,1448.6,Yes,1,87,1424.8,1424.8,Competitor made better offer
1,92278,Female,0,0,0,3,1,1,Fiber optic,0,0,0,0,1,1,Month-to-month,1,0,4,96.6,291.9,Yes,1,72,289.79999999999995,289.79999999999995,Price too high
1,92282,Female,0,1,0,57,1,1,Fiber optic,0,1,1,0,1,1,Month-to-month,1,1,6,104.5,5921.35,Yes,1,80,5956.5,5956.5,Product dissatisfaction
1,92307,Female,0,0,0,5,1,1,DSL,0,0,0,0,0,0,Month-to-month,1,0,2,50.6,249.95,Yes,1,94,253.0,253.0,Service dissatisfaction
1,92314,Male,0,0,1,4,1,0,DSL,1,0,0,0,0,0,Month-to-month,0,0,2,49.35,219.65,Yes,1,83,197.4,197.4,Lack of self-service on Website
1,92316,Male,0,0,0,7,1,0,Fiber optic,0,1,0,0,1,1,Month-to-month,1,0,4,94.25,669,Yes,1,99,659.75,659.75,Network reliability
1,92320,Female,0,1,0,1,1,0,Fiber optic,0,0,0,0,0,0,Month-to-month,1,0,1,68.95,68.95,Yes,1,75,68.95,68.95,Limited range of services
1,92325,Male,1,0,0,2,1,1,Fiber optic,0,0,0,0,1,1,Month-to-month,1,0,4,93.85,196.75,Yes,1,70,187.7,187.7,Lack of affordable download/upload speed
1,92336,Male,0,0,0,4,1,1,Fiber optic,0,0,0,0,0,0,Month-to-month,1,0,2,76.05,318.9,Yes,1,75,304.2,304.2,Long distance charges
1,92337,Male,0,0,0,1,0,0,DSL,0,0,0,0,0,0,Month-to-month,1,0,0,24.45,24.45,Yes,1,65,24.45,24.45,Extra data charges
1,92341,Male,0,0,0,7,1,1,Fiber optic,0,0,1,0,1,0,Month-to-month,1,1,4,89.35,631.85,Yes,1,91,625.4499999999999,625.4499999999999,Price too high
1,92347,Male,0,1,0,4,1,0,Fiber optic,0,0,0,0,1,0,Month-to-month,1,0,2,80.35,307.4,Yes,1,65,321.4,321.4,Product dissatisfaction
1,92356,Female,1,0,0,1,1,0,DSL,1,0,1,0,0,0,Month-to-month,1,0,3,55.8,55.8,Yes,1,87,55.8,55.8,Service dissatisfaction
1,92365,Male,0,0,0,1,1,0,Fiber optic,0,0,0,0,1,0,Month-to-month,1,0,2,79.05,79.05,Yes,1,80,79.05,79.05,Lack of self-service on Website
1,92368,Male,0,1,0,1,1,0,Fiber optic,1,0,0,0,1,1,Month-to-month,1,0,4,95.0,95,Yes,1,82,95.0,95.0,Network reliability
1,92371,Female,0,0,0,1,0,0,DSL,0,0,0,0,0,0,Month-to-month,0,0,0,25.2,25.2,Yes,1,82,25.2,25.2,Don't know
1,92373,Male,1,0,0,41,1,1,Fiber optic,0,0,1,0,1,1,Month-to-month,1,0,5,98.4,4187.75,Yes,1,100,4034.4,4034.4,Competitor had better devices
1,92382,Male,1,1,0,66,1,1,DSL,1,1,1,1,1,0,Two year,0,1,7,79.4,5154.6,Yes,1,73,5240.400000000001,5240.400000000001,Competitor offered higher download speeds
1,92394,Male,1,0,0,35,1,1,Fiber optic,0,0,1,0,1,1,Month-to-month,1,0,5,101.4,3496.3,Yes,1,92,3549.0,3549.0,Competitor offered more data
1,92397,Male,1,1,0,10,1,1,Fiber optic,0,0,1,0,0,1,Month-to-month,1,0,4,89.8,914.3,Yes,1,76,898.0,898.0,Competitor made better offer
1,92401,Male,0,1,0,54,1,0,Fiber optic,1,1,1,1,1,1,Two year,0,1,7,109.75,6110.2,Yes,1,90,5926.5,5926.5,Competitor had better devices
1,92405,Male,0,0,0,2,1,0,No,0,0,0,0,0,0,One year,0,1,1,19.3,28.3,Yes,1,94,38.6,38.6,Competitor had better devices
1,92408,Female,1,0,0,26,1,0,Fiber optic,0,0,0,0,1,1,Month-to-month,1,0,3,91.25,2351.8,Yes,1,76,2372.5,2372.5,Competitor offered higher download speeds
1,92503,Female,0,0,0,15,1,1,DSL,0,0,0,0,0,0,Month-to-month,1,0,2,49.1,679.55,Yes,1,86,736.5,736.5,Competitor offered higher download speeds
1,92506,Female,0,0,0,31,1,1,DSL,1,0,1,1,0,0,Month-to-month,0,1,5,65.25,1994.3,Yes,1,68,2022.75,2022.75,Competitor offered higher download speeds
1,92508,Female,1,0,0,18,1,1,Fiber optic,0,1,0,1,0,0,Month-to-month,1,0,4,85.45,1505.85,Yes,1,99,1538.1000000000001,1538.1000000000001,Competitor offered more data
1,92518,Male,0,1,0,61,1,1,Fiber optic,0,1,0,1,1,0,Two year,1,0,5,94.1,5638.3,Yes,1,71,5740.099999999999,5740.099999999999,Competitor offered more data
1,92532,Male,1,0,0,1,1,0,Fiber optic,0,0,0,0,0,0,Month-to-month,1,0,1,71.65,71.65,Yes,1,84,71.65,71.65,Competitor offered more data
1,92539,Male,0,1,0,24,1,1,Fiber optic,0,1,1,0,1,1,Month-to-month,1,0,6,104.65,2542.45,Yes,1,72,2511.6000000000004,2511.6000000000004,Competitor made better offer
1,92555,Female,0,0,0,3,1,1,Fiber optic,0,0,0,0,0,0,Month-to-month,1,0,2,74.25,210.3,Yes,1,94,222.75,222.75,Competitor made better offer
1,92570,Female,1,0,0,1,1,1,Fiber optic,0,0,0,0,0,0,Month-to-month,1,0,2,74.2,74.2,Yes,1,71,74.2,74.2,Price too high
1,92590,Male,1,1,0,43,1,1,Fiber optic,0,1,0,0,1,1,Month-to-month,1,0,5,101.0,4388.4,Yes,1,87,4343.0,4343.0,Product dissatisfaction
1,92591,Male,0,1,0,4,1,1,Fiber optic,0,1,0,0,1,1,Month-to-month,1,0,5,100.2,420.2,Yes,1,82,400.8,400.8,Service dissatisfaction
1,92592,Male,1,1,0,25,1,1,Fiber optic,1,0,0,0,0,1,One year,1,0,4,89.05,2177.45,Yes,1,97,2226.25,2226.25,Lack of self-service on Website
1,92602,Female,0,1,0,57,1,0,DSL,1,0,0,0,1,1,One year,1,1,4,70.1,3913.3,Yes,1,81,3995.7,3995.7,Network reliability
1,92610,Female,0,0,0,4,1,0,Fiber optic,0,1,1,1,1,1,One year,1,0,6,105.65,443.9,Yes,1,66,422.6,422.6,Limited range of services
1,92620,Male,1,1,0,36,1,1,Fiber optic,0,1,0,0,1,1,Month-to-month,1,0,5,96.5,3436.1,Yes,1,82,3474.0,3474.0,Lack of affordable download/upload speed
1,92625,Male,1,1,0,1,1,0,Fiber optic,0,0,0,0,0,0,Month-to-month,0,0,1,70.85,70.85,Yes,1,69,70.85,70.85,Long distance charges
1,92626,Female,0,0,0,35,1,1,DSL,1,0,1,1,1,1,One year,1,1,7,85.95,3110.1,Yes,1,99,3008.25,3008.25,Extra data charges
1,92627,Male,0,0,0,4,1,0,Fiber optic,0,0,1,0,0,0,Month-to-month,1,0,2,73.9,280.85,Yes,1,71,295.6,295.6,Price too high
1,92647,Female,0,1,0,58,1,1,Fiber optic,1,1,1,0,1,1,Two year,1,1,7,109.45,6144.55,Yes,1,89,6348.1,6348.1,Product dissatisfaction
1,92676,Female,0,0,0,30,1,1,Fiber optic,0,1,0,0,1,1,Month-to-month,1,0,5,100.2,2983.8,Yes,1,90,3006.0,3006.0,Service dissatisfaction
1,92688,Female,0,1,0,21,1,0,Fiber optic,0,1,0,0,0,0,Month-to-month,1,1,2,74.05,1565.7,Yes,1,91,1555.05,1555.05,Lack of self-service on Website
1,92694,Male,0,0,0,3,1,1,Fiber optic,0,0,1,0,1,1,Month-to-month,1,1,5,101.55,298.35,Yes,1,73,304.65,304.65,Network reliability
1,92705,Male,1,1,0,41,1,1,Fiber optic,0,1,1,1,1,1,One year,1,0,7,111.95,4534.9,Yes,1,93,4589.95,4589.95,Don't know
1,92707,Female,0,1,0,21,0,0,DSL,1,0,1,0,1,1,One year,1,0,4,55.95,1157.05,Yes,1,74,1174.95,1174.95,Attitude of service provider
1,92780,Male,0,0,0,1,1,0,DSL,0,0,0,0,0,0,Month-to-month,0,0,1,45.75,45.75,Yes,1,97,45.75,45.75,Attitude of support person
1,92808,Male,0,0,0,11,1,0,Fiber optic,0,1,0,0,0,0,Month-to-month,0,0,2,74.95,815.5,Yes,1,76,824.45,824.45,Attitude of support person
1,92821,Female,0,0,0,1,1,0,Fiber optic,0,0,0,0,0,1,Month-to-month,0,1,2,80.15,80.15,Yes,1,72,80.15,80.15,Attitude of support person
1,92831,Female,0,1,0,72,1,1,Fiber optic,0,1,1,1,1,1,One year,1,0,7,109.25,8109.8,Yes,1,97,7866.0,7866.0,Attitude of service provider
1,92869,Female,0,0,0,3,0,0,DSL,0,0,0,0,1,0,Month-to-month,0,1,1,35.2,108.95,Yes,1,100,105.60000000000001,105.60000000000001,Attitude of service provider
1,92870,Female,0,1,0,1,1,0,Fiber optic,0,0,0,0,1,0,Month-to-month,0,0,2,78.8,78.8,Yes,1,87,78.8,78.8,Attitude of service provider
1,92882,Female,0,0,0,47,1,1,Fiber optic,0,1,1,0,1,1,Month-to-month,1,0,6,106.4,5127.95,Yes,1,99,5000.8,5000.8,Attitude of support person
1,92883,Male,0,0,0,18,1,0,DSL,1,0,0,0,0,0,Month-to-month,0,0,2,49.4,874.8,Yes,1,75,889.1999999999999,889.1999999999999,Deceased
1,93010,Male,1,0,0,1,1,0,Fiber optic,0,0,0,0,0,0,Month-to-month,0,0,1,69.1,69.1,Yes,1,83,69.1,69.1,Moved
1,93012,Male,0,1,0,20,1,0,Fiber optic,0,0,0,0,1,1,Month-to-month,1,0,3,90.2,1776.55,Yes,1,85,1804.0,1804.0,Moved
1,93013,Female,0,0,0,6,1,1,Fiber optic,0,0,0,0,1,1,Month-to-month,1,1,4,93.55,536.4,Yes,1,71,561.3,561.3,Moved
1,93023,Male,0,0,0,1,1,0,Fiber optic,0,0,0,0,0,1,Month-to-month,1,0,2,80.85,80.85,Yes,1,77,80.85,80.85,Competitor had better devices
1,93030,Female,0,1,0,48,1,1,Fiber optic,0,0,0,0,0,1,One year,1,0,3,82.05,4029.95,Yes,1,93,3938.3999999999996,3938.3999999999996,Competitor offered higher download speeds
1,93040,Male,0,1,0,3,1,0,No,0,0,0,0,0,0,Month-to-month,1,1,1,20.55,51.15,Yes,1,90,61.650000000000006,61.650000000000006,Competitor offered more data
1,93066,Female,1,0,0,2,1,1,Fiber optic,0,0,1,0,0,0,Month-to-month,1,0,3,78.55,149.55,Yes,1,92,157.1,157.1,Competitor made better offer
1,93110,Female,0,0,0,1,1,0,Fiber optic,0,0,0,0,0,1,Month-to-month,0,0,2,78.65,78.65,Yes,1,81,78.65,78.65,Competitor had better devices
1,93201,Male,0,0,0,1,1,0,DSL,0,0,0,0,0,0,Month-to-month,1,0,1,42.9,42.9,Yes,1,87,42.9,42.9,Competitor had better devices
1,93204,Female,0,0,0,3,0,0,DSL,1,0,0,1,0,0,Month-to-month,0,0,2,34.25,139.35,Yes,1,88,102.75,102.75,Competitor offered higher download speeds
1,93205,Female,0,0,0,9,0,0,DSL,1,0,1,1,1,1,Month-to-month,0,0,5,58.5,539.85,Yes,1,95,526.5,526.5,Competitor offered higher download speeds
1,93210,Male,1,0,0,49,1,1,Fiber optic,0,0,0,0,1,1,Month-to-month,1,0,4,96.2,4718.25,Yes,1,74,4713.8,4713.8,Competitor offered higher download speeds
1,93218,Female,1,0,0,6,1,0,Fiber optic,0,0,1,0,0,0,Month-to-month,0,0,2,74.4,434.1,Yes,1,100,446.40000000000003,446.40000000000003,Competitor offered more data
1,93222,Female,0,1,0,6,1,1,Fiber optic,0,1,1,0,1,1,Month-to-month,1,0,6,105.3,545.2,Yes,1,90,631.8,631.8,Competitor offered more data
1,93224,Male,0,1,0,16,1,1,Fiber optic,0,0,0,0,0,0,Month-to-month,1,1,2,73.85,1284.2,Yes,1,77,1181.6,1181.6,Don't know
1,93234,Female,1,1,0,7,1,1,Fiber optic,0,0,0,0,0,1,Month-to-month,1,0,3,84.55,646.85,Yes,1,80,591.85,591.85,Competitor made better offer
1,93245,Female,0,0,0,25,1,1,No,0,0,0,0,0,0,Two year,0,1,2,24.75,692.1,Yes,1,94,618.75,618.75,Competitor made better offer
1,93251,Female,1,0,0,20,1,1,Fiber optic,0,0,0,0,0,1,Month-to-month,1,1,3,85.8,1727.5,Yes,1,75,1716.0,1716.0,Price too high
1,93252,Female,0,0,0,4,0,0,DSL,0,0,0,0,0,0,Month-to-month,1,0,0,24.45,86.6,Yes,1,70,97.8,97.8,Product dissatisfaction
1,93257,Male,0,0,0,28,1,1,Fiber optic,0,1,1,0,1,1,Month-to-month,1,0,6,105.7,2979.5,Yes,1,72,2959.6,2959.6,Service dissatisfaction
1,93262,Male,0,0,0,1,0,0,DSL,0,0,0,0,0,0,Month-to-month,1,0,0,24.25,24.25,Yes,1,85,24.25,24.25,Lack of self-service on Website
1,93267,Female,0,0,0,11,1,1,Fiber optic,0,0,0,0,0,0,Month-to-month,1,0,2,76.5,837.95,Yes,1,76,841.5,841.5,Network reliability
1,93272,Female,0,0,0,4,1,1,Fiber optic,0,1,0,1,0,1,Month-to-month,1,0,5,93.5,362.2,Yes,1,73,374.0,374.0,Limited range of services
1,93277,Female,1,1,0,54,1,1,Fiber optic,0,1,0,0,1,1,One year,1,1,5,101.5,5373.1,Yes,1,68,5481.0,5481.0,Lack of affordable download/upload speed
1,93280,Male,0,0,0,28,1,0,Fiber optic,1,0,0,0,0,0,Month-to-month,1,1,2,74.9,2068.55,Yes,1,98,2097.2000000000003,2097.2000000000003,Long distance charges
1,93287,Female,1,0,0,2,1,0,Fiber optic,0,0,0,0,0,0,Month-to-month,1,0,1,69.6,131.65,Yes,1,74,139.2,139.2,Extra data charges
1,93306,Male,0,0,0,1,1,1,No,0,0,0,0,0,0,Month-to-month,1,0,2,24.05,24.05,Yes,1,67,24.05,24.05,Price too high
1,93401,Female,0,0,0,1,1,0,DSL,0,1,0,0,0,0,Month-to-month,0,0,2,50.55,50.55,Yes,1,87,50.55,50.55,Product dissatisfaction
1,93427,Male,0,0,0,14,1,1,Fiber optic,0,1,0,0,1,1,Month-to-month,1,0,5,100.55,1415.55,Yes,1,72,1407.7,1407.7,Service dissatisfaction
1,93429,Female,0,1,1,1,1,0,No,0,0,0,0,0,0,Month-to-month,1,0,1,20.5,20.5,Yes,1,76,20.5,20.5,Lack of self-service on Website
1,93434,Male,0,0,0,4,1,0,Fiber optic,0,0,1,0,0,0,Month-to-month,1,1,2,74.8,321.9,Yes,1,71,299.2,299.2,Network reliability
1,93437,Female,0,1,0,20,0,0,DSL,0,0,0,0,0,0,Month-to-month,1,0,0,24.45,482.8,Yes,1,94,489.0,489.0,Don't know
1,93465,Female,0,0,0,14,1,0,Fiber optic,0,0,0,0,0,0,Month-to-month,1,1,1,71.0,914,Yes,1,95,994.0,994.0,Don't know
1,93516,Female,1,0,0,30,0,0,DSL,0,0,1,0,1,0,Month-to-month,1,0,2,40.3,1172.95,Yes,1,94,1209.0,1209.0,Don't know
1,93523,Female,0,0,0,3,0,0,DSL,0,1,0,0,1,1,Month-to-month,1,0,3,50.6,155.35,Yes,1,83,151.8,151.8,Poor expertise of online support
1,93527,Female,0,1,0,40,1,1,Fiber optic,0,0,1,1,0,0,Month-to-month,1,0,4,84.85,3303.05,Yes,1,99,3394.0,3394.0,Poor expertise of phone support
1,93528,Female,0,1,1,2,1,0,DSL,0,0,0,0,1,1,Month-to-month,0,0,3,65.7,134.35,Yes,1,96,131.4,131.4,Competitor had better devices
1,93531,Female,0,0,0,1,1,0,Fiber optic,0,0,0,0,0,0,Month-to-month,0,0,1,70.5,70.5,Yes,1,90,70.5,70.5,Competitor offered higher download speeds
1,93532,Female,0,0,0,10,1,1,Fiber optic,0,1,1,0,0,1,Month-to-month,1,0,5,94.85,953.45,Yes,1,97,948.5,948.5,Competitor offered more data
1,93535,Male,0,0,0,1,1,0,No,0,0,0,0,0,0,Month-to-month,0,0,1,19.75,19.75,Yes,1,100,19.75,19.75,Competitor made better offer
1,93550,Male,0,1,1,14,1,0,DSL,1,1,0,0,1,0,Month-to-month,1,0,4,65.45,937.6,Yes,1,90,916.3000000000001,916.3000000000001,Competitor had better devices
1,93551,Male,1,1,0,58,1,1,Fiber optic,0,0,1,0,1,1,Month-to-month,1,0,5,98.7,5812.6,Yes,1,91,5724.6,5724.6,Competitor had better devices
1,93555,Male,0,1,0,22,1,0,DSL,1,0,1,1,1,0,One year,1,1,5,67.5,1544.05,Yes,1,76,1485.0,1485.0,Don't know
1,93562,Female,0,0,0,1,1,0,Fiber optic,0,0,0,0,0,0,Month-to-month,1,0,1,69.6,69.6,Yes,1,79,69.6,69.6,Competitor offered higher download speeds
1,93563,Male,0,1,0,49,1,1,DSL,1,0,1,1,1,1,One year,0,0,7,84.35,4059.35,Yes,1,73,4133.15,4133.15,Competitor offered higher download speeds
1,93591,Female,1,1,0,68,1,1,Fiber optic,0,1,0,0,1,1,Month-to-month,1,0,5,100.2,6851.65,Yes,1,70,6813.6,6813.6,Competitor offered more data
1,93601,Female,0,0,0,1,1,0,Fiber optic,0,0,0,0,1,0,Month-to-month,0,0,2,78.05,78.05,Yes,1,98,78.05,78.05,Competitor offered more data
1,93605,Male,0,0,0,7,1,1,Fiber optic,0,0,0,0,0,0,Month-to-month,0,0,2,73.6,520,Yes,1,87,515.1999999999999,515.1999999999999,Competitor offered more data
1,93606,Female,0,0,0,9,1,1,Fiber optic,0,0,0,0,0,0,Month-to-month,1,0,2,74.75,706.6,Yes,1,82,672.75,672.75,Competitor made better offer
1,93618,Male,0,0,0,1,1,0,No,0,0,0,0,0,0,Month-to-month,1,0,1,20.2,20.2,Yes,1,81,20.2,20.2,Competitor made better offer
1,93627,Female,1,1,0,24,1,1,Fiber optic,0,0,0,0,1,1,Month-to-month,1,0,4,93.55,2264.05,Yes,1,100,2245.2,2245.2,Price too high
1,93631,Male,0,0,0,2,0,0,DSL,0,0,0,0,0,0,Month-to-month,1,0,0,25.05,56.35,Yes,1,77,50.1,50.1,Product dissatisfaction
1,93648,Male,1,1,0,27,1,1,Fiber optic,0,1,1,0,0,1,Month-to-month,1,0,5,95.55,2510.2,Yes,1,75,2579.85,2579.85,Service dissatisfaction
1,93657,Male,0,0,0,57,0,0,DSL,0,1,0,0,1,0,Month-to-month,1,0,2,39.3,2111.45,Yes,1,66,2240.1,2240.1,Lack of self-service on Website
1,93664,Female,0,0,0,1,1,0,No,0,0,0,0,0,0,Month-to-month,1,0,1,20.25,20.25,Yes,1,85,20.25,20.25,Network reliability
1,93665,Female,0,0,0,13,0,0,DSL,0,0,0,0,0,0,Month-to-month,1,0,0,23.9,300.8,Yes,1,82,310.7,310.7,Limited range of services
1,93675,Female,0,0,0,1,1,0,Fiber optic,0,0,1,0,1,0,Month-to-month,1,0,3,85.45,85.45,Yes,1,95,85.45,85.45,Lack of affordable download/upload speed
1,93702,Female,0,0,0,63,1,1,Fiber optic,0,1,0,0,1,1,One year,0,1,5,99.9,6137,Yes,1,71,6293.700000000001,6293.700000000001,Long distance charges
1,93705,Male,0,0,0,25,1,1,Fiber optic,0,0,0,0,0,1,Month-to-month,1,0,3,84.8,2043.45,Yes,1,70,2120.0,2120.0,Extra data charges
1,93711,Male,0,1,0,35,1,1,Fiber optic,0,0,0,0,0,0,Month-to-month,1,0,2,75.2,2576.2,Yes,1,94,2632.0,2632.0,Price too high
1,93722,Male,0,1,0,71,0,0,DSL,0,1,0,0,1,1,Two year,0,0,3,49.35,3515.25,Yes,1,95,3503.85,3503.85,Product dissatisfaction
1,93901,Male,0,0,0,6,1,1,Fiber optic,0,0,0,0,0,0,Month-to-month,1,0,2,74.9,469.8,Yes,1,87,449.40000000000003,449.40000000000003,Service dissatisfaction
1,93933,Female,0,0,0,15,1,0,Fiber optic,0,1,1,0,1,1,Month-to-month,1,0,5,101.25,1457.25,Yes,1,85,1518.75,1518.75,Lack of self-service on Website
1,93950,Male,0,0,0,9,1,0,No,0,0,0,0,0,0,Month-to-month,1,0,1,18.95,185.6,Yes,1,78,170.54999999999998,170.54999999999998,Network reliability
1,93955,Female,0,0,0,37,0,0,DSL,0,0,0,1,0,0,Month-to-month,0,1,1,28.6,973.55,Yes,1,82,1058.2,1058.2,Don't know
1,94014,Female,1,0,0,2,0,0,DSL,0,0,0,0,0,0,Month-to-month,0,0,0,24.35,41.85,Yes,1,72,48.7,48.7,Competitor had better devices
1,94019,Female,1,0,0,29,1,1,Fiber optic,0,0,0,1,1,1,Month-to-month,0,0,5,98.65,2862.75,Yes,1,93,2860.8500000000004,2860.8500000000004,Competitor offered higher download speeds
1,94021,Male,1,1,0,5,1,1,Fiber optic,0,0,1,0,0,0,Month-to-month,1,1,3,79.9,343.95,Yes,1,90,399.5,399.5,Competitor offered more data
1,94027,Female,1,0,0,28,1,1,Fiber optic,0,0,1,1,1,1,Month-to-month,1,0,6,103.3,2890.65,Yes,1,78,2892.4,2892.4,Competitor made better offer
1,94030,Female,0,1,0,11,1,1,Fiber optic,1,0,0,1,1,0,Month-to-month,1,1,5,96.2,1222.05,Yes,1,92,1058.2,1058.2,Competitor had better devices
1,94062,Male,0,1,0,55,1,1,Fiber optic,0,0,1,1,1,1,One year,1,0,6,104.15,5743.05,Yes,1,86,5728.25,5728.25,Competitor had better devices
1,94104,Male,1,0,0,24,1,1,Fiber optic,0,1,1,0,1,1,Month-to-month,1,1,6,102.95,2496.7,Yes,1,66,2470.8,2470.8,Competitor offered higher download speeds
1,94105,Female,0,0,0,1,1,0,Fiber optic,0,0,0,0,1,1,Month-to-month,0,0,3,90.6,90.6,Yes,1,92,90.6,90.6,Competitor offered higher download speeds
1,94107,Female,0,0,0,6,1,0,DSL,0,0,0,1,0,0,Month-to-month,1,1,2,50.8,288.05,Yes,1,88,304.79999999999995,304.79999999999995,Competitor offered higher download speeds
1,94108,Male,0,0,0,4,1,1,Fiber optic,0,1,0,0,0,1,Month-to-month,1,0,4,90.05,368.1,Yes,1,98,360.2,360.2,Competitor offered more data
1,94123,Female,0,1,0,3,1,1,Fiber optic,0,0,0,0,0,0,Month-to-month,1,0,2,75.85,256.6,Yes,1,79,227.54999999999998,227.54999999999998,Competitor offered more data
1,94127,Male,0,1,0,1,1,0,Fiber optic,0,0,0,0,0,0,Month-to-month,1,0,1,68.5,68.5,Yes,1,89,68.5,68.5,Competitor offered more data
1,94130,Male,0,0,0,11,1,0,Fiber optic,1,0,0,0,0,0,Month-to-month,1,0,2,73.5,791.75,Yes,1,75,808.5,808.5,Competitor made better offer
1,94132,Female,0,0,0,1,1,0,Fiber optic,0,0,0,0,0,0,Month-to-month,1,0,1,69.95,69.95,Yes,1,65,69.95,69.95,Competitor made better offer
1,94304,Male,0,0,0,5,1,0,DSL,0,0,1,0,1,1,Month-to-month,1,0,4,70.05,346.4,Yes,1,84,350.25,350.25,Price too high
1,94401,Male,0,0,0,8,1,1,Fiber optic,0,1,1,0,1,0,Month-to-month,1,0,5,94.0,773.65,Yes,1,71,752.0,752.0,Product dissatisfaction
1,94402,Female,0,1,1,22,1,0,DSL,1,1,1,0,0,0,Month-to-month,0,0,4,61.15,1422.05,Yes,1,87,1345.3,1345.3,Service dissatisfaction
1,94514,Male,0,1,0,29,1,1,Fiber optic,1,1,0,0,0,0,Month-to-month,1,0,4,84.45,2467.1,Yes,1,99,2449.05,2449.05,Lack of self-service on Website
1,94515,Male,0,1,0,13,1,1,DSL,0,0,1,0,1,1,One year,1,0,5,75.3,989.45,Yes,1,89,978.9,978.9,Network reliability
1,94519,Female,1,1,0,43,1,1,Fiber optic,1,0,1,1,1,1,One year,1,0,7,109.55,4830.25,Yes,1,69,4710.65,4710.65,Limited range of services
1,94520,Female,0,0,0,3,1,0,No,0,0,0,0,0,0,Month-to-month,1,0,1,19.6,59.75,Yes,1,81,58.800000000000004,58.800000000000004,Lack of affordable download/upload speed
1,94525,Male,1,0,0,2,1,0,DSL,1,0,1,0,1,0,Month-to-month,0,1,4,66.4,94.55,Yes,1,87,132.8,132.8,Long distance charges
1,94533,Male,1,1,0,66,1,1,Fiber optic,0,0,0,1,1,1,Month-to-month,1,1,5,100.05,6871.9,Yes,1,72,6603.3,6603.3,Extra data charges
1,94535,Male,0,0,0,62,1,1,Fiber optic,1,1,0,1,0,1,One year,0,0,6,102.0,6529.25,Yes,1,87,6324.0,6324.0,Price too high
1,94539,Male,0,1,0,17,1,1,Fiber optic,1,1,1,0,0,0,Month-to-month,0,1,5,90.2,1454.15,Yes,1,91,1533.4,1533.4,Product dissatisfaction
1,94544,Male,0,1,0,56,1,1,No,0,0,0,0,0,0,Two year,1,1,2,25.15,1327.15,Yes,1,79,1408.3999999999999,1408.3999999999999,Service dissatisfaction
1,94545,Female,0,0,0,31,1,1,Fiber optic,0,0,0,1,0,0,Month-to-month,1,1,3,79.85,2404.15,Yes,1,67,2475.35,2475.35,Lack of self-service on Website
1,94549,Female,0,0,0,2,1,0,DSL,0,1,0,0,0,0,Month-to-month,1,0,2,49.6,114.7,Yes,1,78,99.2,99.2,Network reliability
1,94564,Female,1,1,0,66,1,1,Fiber optic,0,0,1,1,1,1,One year,1,1,6,105.95,6975.25,Yes,1,86,6992.7,6992.7,Don't know
1,94565,Male,0,0,0,3,1,1,Fiber optic,0,0,1,0,0,1,Month-to-month,0,0,4,91.85,257.05,Yes,1,91,275.54999999999995,275.54999999999995,Attitude of service provider
1,94567,Female,0,1,1,1,0,0,DSL,0,0,0,1,1,0,Month-to-month,0,0,2,40.1,40.1,Yes,1,93,40.1,40.1,Attitude of support person
1,94569,Female,1,0,0,31,1,1,Fiber optic,0,0,0,0,0,0,Month-to-month,1,0,2,73.9,2217.15,Yes,1,75,2290.9,2290.9,Attitude of support person
1,94571,Female,0,0,0,14,1,0,Fiber optic,0,0,0,0,1,1,Month-to-month,1,0,3,89.8,1129.1,Yes,1,81,1257.2,1257.2,Attitude of support person
1,94576,Female,0,1,1,35,1,1,DSL,1,0,1,1,1,0,Month-to-month,0,0,6,72.25,2568.55,Yes,1,83,2528.75,2528.75,Don't know
1,94590,Female,1,0,0,37,1,1,Fiber optic,0,0,0,0,1,1,Month-to-month,1,0,4,96.55,3580.3,Yes,1,81,3572.35,3572.35,Attitude of service provider
1,94596,Female,0,0,0,7,0,0,DSL,0,1,0,0,0,1,Month-to-month,1,1,2,40.1,293.3,Yes,1,68,280.7,280.7,Attitude of service provider
1,94601,Male,1,0,0,24,1,1,Fiber optic,0,1,0,0,1,1,Month-to-month,1,0,5,101.25,2440.15,Yes,1,87,2430.0,2430.0,Attitude of support person
1,94602,Female,0,0,0,1,1,0,Fiber optic,0,0,0,0,1,0,Month-to-month,0,0,2,79.55,79.55,Yes,1,81,79.55,79.55,Competitor made better offer
1,94611,Female,0,0,0,32,1,1,Fiber optic,0,0,0,0,1,0,One year,0,0,3,84.05,2781.85,Yes,1,68,2689.6,2689.6,Moved
1,94619,Male,0,0,0,1,1,0,Fiber optic,0,0,0,0,1,1,Month-to-month,1,0,3,89.1,89.1,Yes,1,79,89.1,89.1,Moved
1,94703,Female,0,1,0,17,1,1,Fiber optic,1,0,1,0,1,0,Month-to-month,0,0,5,94.4,1607.2,Yes,1,66,1604.8000000000002,1604.8000000000002,Moved
1,94704,Male,0,0,0,19,1,0,Fiber optic,0,1,1,0,0,0,Month-to-month,1,0,3,78.25,1490.95,Yes,1,72,1486.75,1486.75,Competitor had better devices
1,94806,Male,1,0,0,2,1,0,DSL,0,0,0,0,0,0,Month-to-month,1,0,1,44.15,92.65,Yes,1,86,88.3,88.3,Competitor offered higher download speeds
1,94903,Female,1,0,0,8,1,1,Fiber optic,0,0,0,0,0,0,Month-to-month,1,0,2,75.75,606.25,Yes,1,92,606.0,606.0,Competitor offered more data
1,94924,Female,0,0,0,1,1,0,No,0,0,0,0,0,0,Month-to-month,1,0,1,19.1,19.1,Yes,1,84,19.1,19.1,Competitor made better offer
1,94925,Male,1,1,0,1,1,1,Fiber optic,1,0,0,0,0,0,Month-to-month,1,0,3,80.3,80.3,Yes,1,87,80.3,80.3,Competitor had better devices
1,94931,Female,0,0,0,1,1,0,Fiber optic,0,0,1,0,0,0,Month-to-month,1,0,2,74.9,74.9,Yes,1,73,74.9,74.9,Competitor had better devices
1,94956,Female,1,0,0,9,1,0,Fiber optic,0,0,0,0,1,0,Month-to-month,1,0,2,80.85,751.65,Yes,1,71,727.65,727.65,Competitor offered higher download speeds
1,94960,Male,0,0,0,3,0,0,DSL,0,0,0,0,0,0,Month-to-month,0,0,0,24.75,66.95,Yes,1,69,74.25,74.25,Competitor offered higher download speeds
1,95006,Female,1,0,0,49,1,1,Fiber optic,0,0,1,0,0,1,Month-to-month,1,1,4,90.85,4515.85,Yes,1,70,4451.65,4451.65,Competitor offered higher download speeds
1,95010,Female,0,1,0,2,1,0,Fiber optic,0,1,1,0,0,0,Month-to-month,0,1,3,79.7,165,Yes,1,65,159.4,159.4,Competitor offered more data
1,95014,Male,0,1,0,55,1,0,DSL,1,1,0,1,0,0,Two year,0,1,4,57.55,3046.4,Yes,1,69,3165.25,3165.25,Competitor offered more data
1,95032,Female,0,1,0,21,1,1,Fiber optic,0,0,0,0,0,1,Month-to-month,1,0,3,86.5,1808.7,Yes,1,72,1816.5,1816.5,Competitor offered more data
1,95035,Female,0,1,0,69,1,1,Fiber optic,0,1,1,0,1,1,Month-to-month,1,0,6,103.95,7446.9,Yes,1,86,7172.55,7172.55,Competitor made better offer
1,95037,Male,1,0,0,1,0,0,DSL,0,0,0,0,0,0,Month-to-month,1,0,0,25.1,25.1,Yes,1,85,25.1,25.1,Competitor made better offer
1,95050,Male,0,0,0,39,0,0,DSL,1,1,0,1,1,0,Month-to-month,1,1,4,48.95,1880.85,Yes,1,80,1909.0500000000002,1909.0500000000002,Price too high
1,95060,Male,0,1,0,6,1,0,Fiber optic,0,1,0,0,0,1,Month-to-month,1,1,3,83.55,477.55,Yes,1,91,501.29999999999995,501.29999999999995,Product dissatisfaction
1,95110,Female,1,0,0,17,1,0,Fiber optic,0,1,1,0,1,0,Month-to-month,1,0,4,89.15,1496.9,Yes,1,89,1515.5500000000002,1515.5500000000002,Service dissatisfaction
1,95116,Male,0,0,0,1,1,0,Fiber optic,0,0,0,0,0,0,Month-to-month,1,0,1,70.45,70.45,Yes,1,90,70.45,70.45,Lack of self-service on Website
1,95117,Male,0,1,0,58,1,0,DSL,1,1,1,0,0,0,One year,0,1,4,60.3,3563.8,Yes,1,88,3497.3999999999996,3497.3999999999996,Network reliability
1,95123,Male,0,0,1,1,0,0,DSL,0,0,0,0,0,0,Month-to-month,0,0,0,24.75,24.75,Yes,1,96,24.75,24.75,Limited range of services
1,95127,Male,0,1,0,19,1,1,Fiber optic,0,0,1,1,1,1,Month-to-month,0,0,6,103.3,2012.7,Yes,1,67,1962.7,1962.7,Lack of affordable download/upload speed
1,95202,Male,0,0,0,3,1,0,Fiber optic,0,0,0,0,1,0,Month-to-month,1,0,2,78.5,242.05,Yes,1,71,235.5,235.5,Long distance charges
1,95204,Female,0,0,0,3,1,0,No,0,0,0,0,0,0,Month-to-month,0,0,1,19.85,63.75,Yes,1,95,59.550000000000004,59.550000000000004,Extra data charges
1,95206,Male,1,0,0,3,1,0,Fiber optic,0,0,0,0,1,0,Month-to-month,1,0,2,79.9,260.9,Yes,1,97,239.70000000000002,239.70000000000002,Price too high
1,95209,Female,1,0,0,30,1,1,Fiber optic,0,1,0,0,1,1,Month-to-month,1,0,5,99.7,2967.35,Yes,1,69,2991.0,2991.0,Product dissatisfaction
1,95212,Male,0,0,0,15,1,1,DSL,0,1,0,1,0,0,Month-to-month,1,1,4,58.6,939.7,Yes,1,97,879.0,879.0,Service dissatisfaction
1,95220,Male,0,1,0,10,1,1,Fiber optic,0,0,1,0,1,1,Month-to-month,1,0,5,98.5,1037.75,Yes,1,91,985.0,985.0,Lack of self-service on Website
1,95223,Female,0,0,0,1,1,0,DSL,0,0,1,0,0,0,Month-to-month,1,0,2,50.45,50.45,Yes,1,69,50.45,50.45,Network reliability
1,95226,Male,0,1,0,38,1,1,Fiber optic,0,1,1,0,1,0,Month-to-month,1,0,5,94.65,3624.3,Yes,1,71,3596.7000000000003,3596.7000000000003,Don't know
1,95227,Female,0,0,0,1,1,1,Fiber optic,0,1,0,0,1,1,Month-to-month,1,1,5,100.25,100.25,Yes,1,100,100.25,100.25,Don't know
1,95231,Female,0,0,0,16,1,1,Fiber optic,0,0,1,0,0,1,Month-to-month,1,0,4,88.45,1422.1,Yes,1,88,1415.2,1415.2,Don't know
1,95232,Male,0,0,0,1,1,0,Fiber optic,0,0,0,0,0,0,Month-to-month,1,0,1,69.85,69.85,Yes,1,97,69.85,69.85,Poor expertise of online support
1,95233,Male,0,0,0,12,1,0,Fiber optic,1,0,1,0,0,0,Month-to-month,0,1,3,81.7,858.6,Yes,1,76,980.4000000000001,980.4000000000001,Poor expertise of phone support
1,95237,Male,0,0,0,4,1,0,Fiber optic,0,0,0,0,0,1,Month-to-month,1,0,2,79.9,324.3,Yes,1,77,319.6,319.6,Competitor had better devices
1,95242,Female,0,0,0,15,1,1,No,0,0,0,0,0,0,Month-to-month,1,1,2,25.4,399.6,Yes,1,86,381.0,381.0,Competitor offered higher download speeds
1,95247,Male,1,1,0,41,1,1,Fiber optic,1,0,1,0,0,0,Month-to-month,1,1,4,83.75,3273.55,Yes,1,71,3433.75,3433.75,Competitor offered more data
1,95254,Female,0,0,0,1,1,0,No,0,0,0,0,0,0,Month-to-month,0,0,1,20.9,20.9,Yes,1,82,20.9,20.9,Competitor made better offer
1,95301,Female,0,1,0,1,1,0,Fiber optic,0,0,0,0,0,0,Month-to-month,1,0,1,69.4,69.4,Yes,1,65,69.4,69.4,Competitor had better devices
1,95305,Female,0,0,0,7,1,1,Fiber optic,0,0,0,0,0,0,Month-to-month,1,0,2,74.9,541.15,Yes,1,68,524.3000000000001,524.3000000000001,Competitor had better devices
1,95313,Female,1,1,0,42,1,0,Fiber optic,1,0,0,0,0,0,Month-to-month,1,1,2,74.15,3229.4,Yes,1,94,3114.3,3114.3,Competitor offered higher download speeds
1,95322,Female,0,0,0,1,1,0,Fiber optic,0,0,0,0,0,0,Month-to-month,1,0,1,70.1,70.1,Yes,1,100,70.1,70.1,Competitor offered higher download speeds
1,95326,Female,0,0,0,12,1,1,Fiber optic,1,0,0,0,0,0,Month-to-month,1,0,3,78.3,909.25,Yes,1,98,939.5999999999999,939.5999999999999,Competitor offered higher download speeds
1,95329,Male,0,0,0,55,1,1,Fiber optic,0,0,0,0,1,1,Month-to-month,1,0,4,96.8,5283.95,Yes,1,82,5324.0,5324.0,Competitor offered more data
1,95330,Female,0,0,0,17,1,1,Fiber optic,1,1,0,0,1,0,Month-to-month,1,0,5,94.4,1617.5,Yes,1,66,1604.8000000000002,1604.8000000000002,Competitor offered more data
1,95338,Female,0,0,0,1,1,0,Fiber optic,0,1,0,0,1,0,Month-to-month,0,0,3,84.3,84.3,Yes,1,78,84.3,84.3,Competitor offered more data
1,95348,Female,1,1,0,72,1,1,DSL,1,1,1,1,1,1,Two year,0,1,8,92.45,6440.25,Yes,1,78,6656.400000000001,6656.400000000001,Competitor made better offer
1,95355,Female,1,1,0,11,1,1,Fiber optic,0,0,1,0,1,1,Month-to-month,1,0,5,99.55,1131.2,Yes,1,71,1095.05,1095.05,Competitor made better offer
1,95356,Male,1,0,0,8,1,1,Fiber optic,0,0,1,0,0,0,Month-to-month,1,0,3,81.25,585.95,Yes,1,72,650.0,650.0,Price too high
1,95358,Male,0,1,1,1,1,0,No,0,0,0,0,0,0,Month-to-month,0,1,1,19.95,19.95,Yes,1,76,19.95,19.95,Product dissatisfaction
1,95364,Male,0,1,0,23,1,1,Fiber optic,1,1,1,0,1,0,Month-to-month,1,0,6,99.25,2186.4,Yes,1,76,2282.75,2282.75,Service dissatisfaction
1,95367,Female,0,0,0,39,1,0,Fiber optic,0,0,1,1,0,0,Two year,1,0,3,80.45,3201.55,Yes,1,85,3137.55,3137.55,Lack of self-service on Website
1,95372,Male,0,1,0,9,1,1,Fiber optic,0,0,1,0,0,0,Month-to-month,1,1,3,79.35,661.25,Yes,1,93,714.15,714.15,Network reliability
1,95374,Female,0,0,0,15,1,1,Fiber optic,0,1,0,0,0,0,Month-to-month,1,0,3,79.75,1111.85,Yes,1,65,1196.25,1196.25,Limited range of services
1,95380,Female,0,1,0,30,1,1,Fiber optic,0,0,1,0,1,1,Month-to-month,1,0,5,100.05,3046.15,Yes,1,100,3001.5,3001.5,Lack of affordable download/upload speed
1,95382,Male,0,0,0,1,1,0,Fiber optic,0,0,0,0,0,0,Month-to-month,1,0,1,69.35,69.35,Yes,1,91,69.35,69.35,Long distance charges
1,95385,Female,0,0,0,3,1,0,Fiber optic,0,0,0,1,0,1,Month-to-month,0,0,3,85.8,272.2,Yes,1,89,257.4,257.4,Extra data charges
1,95386,Male,0,1,0,67,1,1,DSL,1,0,1,0,1,1,Two year,1,0,6,79.7,5293.4,Yes,1,77,5339.900000000001,5339.900000000001,Price too high
1,95388,Female,1,0,0,1,1,1,DSL,0,0,0,0,0,0,Month-to-month,0,0,2,50.55,50.55,Yes,1,95,50.55,50.55,Product dissatisfaction
1,95403,Male,0,1,0,1,1,0,Fiber optic,0,0,0,0,1,0,Month-to-month,1,0,2,80.55,80.55,Yes,1,91,80.55,80.55,Service dissatisfaction
1,95405,Female,0,1,0,12,1,1,Fiber optic,0,1,1,0,0,0,Month-to-month,1,0,4,84.5,916.9,Yes,1,84,1014.0,1014.0,Lack of self-service on Website
1,95409,Female,0,0,0,22,1,0,Fiber optic,0,1,0,0,0,1,Month-to-month,1,0,3,84.3,1855.65,Yes,1,85,1854.6,1854.6,Network reliability
1,95423,Male,0,0,0,2,1,0,Fiber optic,0,0,0,0,0,0,Month-to-month,1,0,1,67.75,116.65,Yes,1,71,135.5,135.5,Don't know
1,95426,Female,1,0,0,27,1,1,Fiber optic,0,0,0,0,0,1,Month-to-month,1,0,3,85.25,2287.25,Yes,1,80,2301.75,2301.75,Competitor had better devices
1,95431,Female,0,0,0,10,1,1,Fiber optic,0,1,0,0,0,0,Month-to-month,1,1,3,80.05,830.7,Yes,1,76,800.5,800.5,Competitor offered higher download speeds
1,95432,Male,0,0,0,1,1,0,No,0,0,0,0,0,0,Month-to-month,0,0,1,20.0,20,Yes,1,83,20.0,20.0,Competitor offered more data
1,95442,Female,0,0,0,22,1,0,DSL,1,0,0,0,0,0,Month-to-month,1,1,2,48.8,1054.6,Yes,1,100,1073.6,1073.6,Competitor made better offer
1,95460,Female,1,0,0,1,1,1,Fiber optic,0,0,0,0,0,1,Month-to-month,1,0,3,85.05,85.05,Yes,1,96,85.05,85.05,Competitor had better devices
1,95470,Female,0,1,0,21,1,0,Fiber optic,0,1,1,1,1,1,Month-to-month,1,0,6,102.8,2110.15,Yes,1,100,2158.7999999999997,2158.7999999999997,Competitor had better devices
1,95476,Female,0,0,0,6,1,0,Fiber optic,0,0,1,1,1,1,Month-to-month,1,0,5,99.95,547.65,Yes,1,87,599.7,599.7,Competitor offered higher download speeds
1,95519,Male,0,1,0,72,1,1,Fiber optic,1,1,1,1,1,1,One year,1,1,8,117.8,8684.8,Yes,1,100,8481.6,8481.6,Competitor offered higher download speeds
1,95525,Female,1,0,0,54,1,1,Fiber optic,0,1,0,0,0,0,Month-to-month,1,0,3,79.5,4370.25,Yes,1,78,4293.0,4293.0,Competitor offered higher download speeds
1,95537,Male,0,1,0,3,1,1,Fiber optic,0,0,0,1,0,0,Month-to-month,1,1,3,79.65,251.75,Yes,1,87,238.95000000000002,238.95000000000002,Competitor offered more data
1,95546,Male,0,0,0,8,1,0,Fiber optic,0,0,1,0,1,1,Month-to-month,1,0,4,94.7,740.3,Yes,1,94,757.6,757.6,Competitor offered more data
1,95553,Male,0,0,0,5,1,1,Fiber optic,0,0,1,0,1,0,Month-to-month,1,0,4,92.5,452.7,Yes,1,73,462.5,462.5,Competitor offered more data
1,95554,Female,0,1,1,1,1,0,No,0,0,0,0,0,0,Month-to-month,0,0,1,19.45,19.45,Yes,1,84,19.45,19.45,Competitor made better offer
1,95562,Female,0,0,0,2,1,1,Fiber optic,0,0,0,0,0,0,Month-to-month,1,0,2,75.55,166.3,Yes,1,77,151.1,151.1,Competitor made better offer
1,95564,Male,0,1,0,1,1,0,Fiber optic,0,0,0,0,0,0,Month-to-month,1,0,1,70.0,70,Yes,1,85,70.0,70.0,Price too high
1,95567,Male,0,1,0,65,1,0,DSL,1,0,0,1,1,1,Two year,1,1,5,74.8,4820.15,Yes,1,89,4862.0,4862.0,Product dissatisfaction
1,95570,Female,0,1,0,33,1,1,Fiber optic,0,1,1,0,1,1,Month-to-month,1,0,6,104.4,3409.6,Yes,1,71,3445.2000000000003,3445.2000000000003,Service dissatisfaction
1,95595,Female,0,0,0,15,1,0,Fiber optic,1,0,0,0,1,0,Month-to-month,0,0,3,86.2,1270.2,Yes,1,90,1293.0,1293.0,Lack of self-service on Website
1,95602,Female,0,1,1,30,0,0,DSL,0,0,0,1,1,1,Month-to-month,0,1,3,51.2,1561.5,Yes,1,79,1536.0,1536.0,Network reliability
1,95612,Female,0,0,0,2,1,0,No,0,0,0,0,0,0,Month-to-month,0,0,1,19.5,31.55,Yes,1,82,39.0,39.0,Limited range of services
1,95616,Female,1,0,0,4,1,1,Fiber optic,0,0,0,0,0,0,Month-to-month,1,0,2,74.9,321.75,Yes,1,78,299.6,299.6,Lack of affordable download/upload speed
1,95618,Female,0,0,0,2,1,1,Fiber optic,0,0,0,0,0,0,Month-to-month,0,1,2,74.9,147.15,Yes,1,93,149.8,149.8,Long distance charges
1,95626,Female,0,0,0,25,1,1,Fiber optic,0,1,0,0,1,1,Month-to-month,1,0,5,100.25,2387.75,Yes,1,74,2506.25,2506.25,Extra data charges
1,95628,Female,1,0,0,25,1,1,Fiber optic,1,1,0,0,1,1,Month-to-month,1,0,6,102.8,2660.2,Yes,1,94,2570.0,2570.0,Price too high
1,95630,Male,0,0,0,43,1,1,Fiber optic,0,0,0,1,1,1,One year,1,0,5,100.0,4211.55,Yes,1,93,4300.0,4300.0,Product dissatisfaction
1,95632,Male,0,1,0,10,1,0,Fiber optic,0,1,0,1,1,1,Month-to-month,1,0,5,99.85,990.9,Yes,1,69,998.5,998.5,Service dissatisfaction
1,95633,Female,0,0,0,2,1,1,Fiber optic,0,0,0,0,1,1,Month-to-month,1,1,4,94.2,193.8,Yes,1,79,188.4,188.4,Lack of self-service on Website
1,95636,Male,1,0,0,9,1,1,Fiber optic,0,0,0,0,0,1,Month-to-month,1,0,3,83.85,790.15,Yes,1,71,754.65,754.65,Network reliability
1,95637,Female,1,0,0,27,1,1,Fiber optic,0,0,1,0,0,1,Month-to-month,0,1,4,88.3,2467.75,Yes,1,96,2384.1,2384.1,Don't know
1,95639,Male,0,0,0,69,1,0,Fiber optic,0,1,1,1,1,1,One year,1,1,6,104.05,7262,Yes,1,100,7179.45,7179.45,Attitude of service provider
1,95642,Male,0,1,0,22,1,0,Fiber optic,0,0,1,0,1,1,Month-to-month,1,1,4,94.7,1914.9,Yes,1,72,2083.4,2083.4,Attitude of support person
1,95650,Female,1,1,0,56,1,1,Fiber optic,0,0,1,0,1,1,Month-to-month,1,1,5,100.65,5688.05,Yes,1,85,5636.400000000001,5636.400000000001,Attitude of support person
1,95661,Female,1,1,0,66,1,1,DSL,0,1,1,0,1,1,Two year,1,1,6,80.55,5265.1,Yes,1,94,5316.3,5316.3,Attitude of support person
1,95666,Male,1,1,0,24,1,1,Fiber optic,1,0,0,0,0,0,Month-to-month,1,0,3,78.85,1772.25,Yes,1,65,1892.3999999999999,1892.3999999999999,Attitude of service provider
1,95669,Female,0,0,0,1,1,0,DSL,0,0,0,0,0,0,Month-to-month,1,0,1,44.45,44.45,Yes,1,65,44.45,44.45,Attitude of service provider
1,95686,Male,0,0,0,36,1,1,Fiber optic,0,0,0,0,0,1,Month-to-month,1,0,3,84.9,3067.2,Yes,1,69,3056.4,3056.4,Attitude of service provider
1,95688,Male,0,0,0,1,1,0,No,0,0,0,0,0,0,Month-to-month,0,0,1,20.25,20.25,Yes,1,89,20.25,20.25,Attitude of support person
1,95690,Male,0,0,0,1,1,0,Fiber optic,0,1,0,0,0,0,Month-to-month,1,0,2,74.35,74.35,Yes,1,66,74.35,74.35,Deceased
1,95692,Male,0,0,0,1,1,1,DSL,0,0,1,1,0,0,Month-to-month,0,0,4,62.05,62.05,Yes,1,86,62.05,62.05,Moved
1,95715,Male,0,1,0,39,1,0,DSL,1,0,1,1,1,1,One year,0,1,6,80.0,3182.95,Yes,1,76,3120.0,3120.0,Moved
1,95722,Male,0,0,0,5,1,1,Fiber optic,0,1,1,0,1,1,Month-to-month,0,0,6,104.1,541.9,Yes,1,76,520.5,520.5,Moved
1,95728,Male,1,1,0,24,0,0,DSL,1,0,0,0,0,1,Month-to-month,0,1,2,39.1,971.3,Yes,1,89,938.4000000000001,938.4000000000001,Competitor had better devices
1,95758,Male,0,0,0,2,1,1,Fiber optic,0,0,0,0,0,0,Month-to-month,1,0,2,76.5,162.45,Yes,1,80,153.0,153.0,Don't know
1,95776,Male,0,0,0,5,1,0,DSL,0,0,0,1,0,0,Month-to-month,1,0,2,49.2,216.9,Yes,1,73,246.0,246.0,Competitor offered more data
1,95815,Male,0,0,0,11,1,1,No,0,0,0,0,0,0,Month-to-month,0,1,2,23.15,245.2,Yes,1,65,254.64999999999998,254.64999999999998,Competitor made better offer
1,95817,Female,0,1,0,4,1,0,Fiber optic,0,0,0,0,0,1,Month-to-month,0,0,2,80.85,302.75,Yes,1,73,323.4,323.4,Competitor had better devices
1,95821,Male,0,0,0,1,1,1,DSL,0,1,0,1,0,0,Month-to-month,0,0,4,60.1,60.1,Yes,1,88,60.1,60.1,Competitor had better devices
1,95823,Male,0,0,0,1,1,0,Fiber optic,0,0,0,0,1,0,Month-to-month,1,0,2,78.95,78.95,Yes,1,75,78.95,78.95,Competitor offered higher download speeds
1,95828,Male,0,0,0,2,1,0,DSL,0,0,0,0,0,0,Month-to-month,1,0,1,45.15,98.5,Yes,1,81,90.3,90.3,Competitor offered higher download speeds
1,95835,Female,0,0,0,3,1,0,Fiber optic,0,0,0,0,1,0,Month-to-month,1,0,2,79.4,244.65,Yes,1,97,238.20000000000002,238.20000000000002,Competitor offered higher download speeds
1,95838,Male,0,0,0,44,0,0,DSL,0,1,1,0,1,1,One year,1,0,4,53.95,2375.4,Yes,1,100,2373.8,2373.8,Competitor offered more data
1,95842,Female,0,1,0,24,1,0,Fiber optic,0,1,1,0,1,1,Month-to-month,1,1,5,99.3,2431.35,Yes,1,69,2383.2,2383.2,Competitor offered more data
1,95918,Male,0,0,0,18,1,1,Fiber optic,0,1,0,0,0,0,Month-to-month,1,0,3,80.65,1451.9,Yes,1,95,1451.7,1451.7,Competitor offered more data
1,95923,Female,0,0,0,1,1,0,Fiber optic,0,0,0,0,0,0,Month-to-month,0,0,1,71.1,71.1,Yes,1,98,71.1,71.1,Competitor made better offer
1,95928,Female,1,1,0,65,1,1,Fiber optic,0,1,1,0,1,1,One year,1,0,6,106.25,6979.8,Yes,1,69,6906.25,6906.25,Competitor made better offer
1,95934,Female,0,1,0,53,1,0,No,0,0,0,0,0,0,One year,0,1,1,20.8,1021.8,Yes,1,78,1102.4,1102.4,Price too high
1,95939,Male,1,0,0,1,1,1,Fiber optic,0,0,0,0,1,1,Month-to-month,1,0,4,94.0,94,Yes,1,67,94.0,94.0,Product dissatisfaction
1,95950,Female,1,0,0,15,1,1,Fiber optic,0,1,0,0,0,1,Month-to-month,0,0,4,89.85,1424.95,Yes,1,99,1347.75,1347.75,Service dissatisfaction
1,95951,Female,0,0,0,4,1,0,DSL,0,0,0,0,0,0,Month-to-month,1,0,1,46.0,193.6,Yes,1,97,184.0,184.0,Lack of self-service on Website
1,95953,Female,0,0,0,9,1,0,DSL,0,1,0,1,1,0,Month-to-month,0,0,4,66.25,620.55,Yes,1,67,596.25,596.25,Network reliability
1,95955,Female,0,0,0,22,1,1,Fiber optic,0,0,0,1,1,0,Month-to-month,1,0,4,90.0,1993.8,Yes,1,95,1980.0,1980.0,Limited range of services
1,95956,Male,0,0,0,38,1,0,Fiber optic,0,0,0,0,0,0,One year,1,1,1,70.45,2597.6,Yes,1,82,2677.1,2677.1,Lack of affordable download/upload speed
1,95961,Male,0,0,0,53,1,0,No,0,0,0,0,0,0,Two year,0,1,1,19.75,1052.35,Yes,1,66,1046.75,1046.75,Long distance charges
1,95966,Male,0,0,0,1,1,0,DSL,1,0,0,1,0,0,Month-to-month,1,0,3,53.95,53.95,Yes,1,90,53.95,53.95,Extra data charges
1,95970,Female,1,0,0,8,1,1,Fiber optic,0,1,1,0,1,1,Month-to-month,1,0,6,105.5,829.55,Yes,1,72,844.0,844.0,Price too high
1,95971,Female,0,0,0,16,1,0,Fiber optic,0,0,0,0,1,0,Month-to-month,1,0,2,81.0,1312.15,Yes,1,83,1296.0,1296.0,Product dissatisfaction
1,95984,Female,0,1,0,1,1,0,Fiber optic,0,0,0,0,0,0,Month-to-month,1,0,1,69.8,69.8,Yes,1,96,69.8,69.8,Service dissatisfaction
1,95987,Male,1,0,0,7,1,1,Fiber optic,0,0,0,0,0,0,Month-to-month,0,0,2,73.75,545.15,Yes,1,84,516.25,516.25,Lack of self-service on Website
1,95993,Male,1,0,0,9,1,1,DSL,1,0,0,0,0,0,Month-to-month,0,0,3,54.55,494.05,Yes,1,79,490.95,490.95,Network reliability
1,96007,Female,1,0,0,37,1,1,Fiber optic,0,0,0,0,0,0,Month-to-month,1,0,2,76.25,2841.55,Yes,1,100,2821.25,2821.25,Don't know
1,96008,Female,0,0,0,5,1,1,Fiber optic,0,0,0,0,1,1,Month-to-month,1,0,4,93.9,486.85,Yes,1,92,469.5,469.5,Don't know
1,96011,Female,1,0,0,3,1,0,Fiber optic,0,0,0,0,0,0,Month-to-month,1,0,1,70.4,204.7,Yes,1,67,211.20000000000002,211.20000000000002,Don't know
1,96017,Female,0,1,0,31,1,1,Fiber optic,0,1,0,0,0,1,Month-to-month,1,0,4,91.15,2995.45,Yes,1,83,2825.65,2825.65,Poor expertise of online support
1,96024,Female,0,0,0,2,1,0,Fiber optic,0,0,0,0,0,0,Month-to-month,1,0,1,70.95,137.95,Yes,1,94,141.9,141.9,Poor expertise of phone support
1,96032,Female,0,1,0,37,1,1,Fiber optic,0,0,1,0,1,1,Month-to-month,1,0,5,99.5,3762,Yes,1,92,3681.5,3681.5,Competitor had better devices
1,96039,Female,0,0,0,38,1,0,Fiber optic,1,1,1,0,0,0,Month-to-month,1,1,4,83.9,3233.6,Yes,1,82,3188.2000000000003,3188.2000000000003,Competitor offered higher download speeds
1,96040,Female,1,1,0,48,1,1,Fiber optic,1,1,1,1,1,1,Month-to-month,0,0,8,117.45,5438.9,Yes,1,67,5637.6,5637.6,Competitor offered more data
1,96041,Male,0,0,0,10,1,0,Fiber optic,1,1,1,0,1,1,Month-to-month,1,0,6,104.4,1081.45,Yes,1,84,1044.0,1044.0,Competitor made better offer
1,96052,Male,1,0,0,8,0,0,DSL,0,0,1,0,0,0,Month-to-month,1,0,1,29.4,221.9,Yes,1,85,235.2,235.2,Competitor had better devices
1,96064,Male,0,0,0,2,1,0,DSL,0,0,0,0,0,0,Month-to-month,0,0,1,44.65,74.9,Yes,1,99,89.3,89.3,Competitor had better devices
1,96071,Female,0,0,0,3,0,0,DSL,0,0,0,0,0,0,Month-to-month,0,0,0,25.25,58.9,Yes,1,76,75.75,75.75,Competitor offered higher download speeds
1,96073,Female,0,0,0,4,1,1,Fiber optic,0,1,1,0,0,0,Month-to-month,0,1,4,84.05,333.55,Yes,1,95,336.2,336.2,Competitor offered higher download speeds
1,96074,Male,1,1,0,37,1,1,Fiber optic,0,0,0,0,1,0,Month-to-month,1,0,3,85.7,3171.15,Yes,1,86,3170.9,3170.9,Competitor offered higher download speeds
1,96075,Female,0,0,0,1,1,0,Fiber optic,0,1,0,0,0,0,Month-to-month,1,0,2,74.7,74.7,Yes,1,75,74.7,74.7,Competitor offered more data
1,96080,Female,0,0,0,5,1,1,Fiber optic,0,1,0,0,1,0,Month-to-month,1,0,4,90.8,455.5,Yes,1,73,454.0,454.0,Competitor offered more data
1,96088,Female,1,0,0,28,1,1,Fiber optic,0,1,1,0,1,1,Month-to-month,1,0,6,106.15,3152.5,Yes,1,83,2972.2000000000003,2972.2000000000003,Competitor offered more data
1,96091,Female,0,0,0,30,1,0,DSL,1,1,1,1,1,1,One year,0,1,7,85.35,2530.4,Yes,1,73,2560.5,2560.5,Competitor made better offer
1,96093,Male,1,0,0,36,1,1,Fiber optic,1,0,0,0,1,0,Month-to-month,1,0,4,90.85,3186.7,Yes,1,92,3270.6,3270.6,Competitor made better offer
1,96110,Female,0,0,0,1,0,0,DSL,0,0,0,0,1,0,Month-to-month,1,0,1,35.75,35.75,Yes,1,70,35.75,35.75,Price too high
1,96115,Female,1,1,1,4,1,0,DSL,0,0,0,0,0,0,Month-to-month,0,0,1,46.0,181.6,Yes,1,92,184.0,184.0,Product dissatisfaction
1,96125,Male,0,1,0,17,1,0,Fiber optic,1,0,1,0,1,0,Month-to-month,1,0,4,89.4,1539.45,Yes,1,96,1519.8000000000002,1519.8000000000002,Service dissatisfaction
1,96130,Male,0,0,0,3,1,0,No,0,0,0,0,0,0,Month-to-month,1,0,1,19.8,58.15,Yes,1,79,59.400000000000006,59.400000000000006,Lack of self-service on Website
1,96132,Male,0,1,1,4,1,1,DSL,0,0,0,0,0,0,Month-to-month,1,0,2,50.9,225.6,Yes,1,69,203.6,203.6,Network reliability
1,96137,Male,0,0,0,4,1,0,Fiber optic,0,0,0,0,1,0,Month-to-month,1,0,2,81.0,340.85,Yes,1,88,324.0,324.0,Limited range of services
1,96140,Male,0,0,0,26,1,1,Fiber optic,0,0,1,0,1,1,Month-to-month,1,0,5,98.35,2515.3,Yes,1,99,2557.1,2557.1,Lack of affordable download/upload speed
1,96142,Male,0,0,0,5,0,0,DSL,0,1,0,0,1,1,Month-to-month,1,0,3,51.0,305.95,Yes,1,86,255.0,255.0,Long distance charges
1,96143,Female,0,1,0,4,1,1,Fiber optic,0,1,0,0,1,0,Month-to-month,1,0,4,91.65,365.4,Yes,1,90,366.6,366.6,Extra data charges
1,96150,Male,0,0,0,1,1,0,Fiber optic,0,0,0,0,1,1,Month-to-month,1,0,3,90.85,90.85,Yes,1,80,90.85,90.85,Price too high
1,96161,Male,0,0,0,1,1,0,Fiber optic,0,0,0,0,0,0,Month-to-month,0,0,1,69.4,69.4,Yes,1,84,69.4,69.4,Product dissatisfaction
1,90001,Female,1,0,0,8,1,0,Fiber optic,0,0,1,0,1,1,Month-to-month,1,1,4,94.45,742.95,Yes,1,83,755.6,755.6,Service dissatisfaction
1,90004,Female,0,1,1,1,1,0,No,0,0,0,0,0,0,Month-to-month,1,1,1,20.15,20.15,Yes,1,70,20.15,20.15,Lack of self-service on Website
1,90005,Male,1,0,0,50,1,1,Fiber optic,0,0,0,0,1,1,Month-to-month,1,0,4,95.7,4816.7,Yes,1,73,4785.0,4785.0,Network reliability
1,90010,Female,0,0,0,26,1,1,Fiber optic,0,0,0,0,0,0,Month-to-month,1,1,2,74.95,1834.95,Yes,1,76,1948.7,1948.7,Don't know
1,90011,Female,0,0,0,6,0,0,DSL,0,0,1,0,1,1,Month-to-month,1,0,3,47.95,305.1,Yes,1,80,287.70000000000005,287.70000000000005,Competitor had better devices
1,90013,Female,0,0,0,3,1,1,DSL,0,0,0,1,1,0,Month-to-month,1,0,4,63.6,155.65,Yes,1,70,190.8,190.8,Competitor offered higher download speeds
1,90020,Male,0,0,0,3,0,0,DSL,0,1,0,1,0,0,Month-to-month,1,0,2,36.85,108.7,Yes,1,91,110.55000000000001,110.55000000000001,Competitor offered more data
1,90024,Female,0,0,0,1,1,0,DSL,0,0,0,0,0,0,Month-to-month,1,0,1,44.1,44.1,Yes,1,70,44.1,44.1,Competitor made better offer
1,90027,Male,0,0,0,14,0,0,DSL,0,0,1,0,1,1,Month-to-month,1,0,3,50.75,712.75,Yes,1,82,710.5,710.5,Competitor had better devices
1,90028,Female,1,1,0,61,1,1,Fiber optic,0,1,1,0,1,1,One year,1,1,6,104.4,6405,Yes,1,84,6368.400000000001,6368.400000000001,Competitor had better devices
1,90029,Female,1,1,0,40,0,0,DSL,0,1,0,0,1,0,Month-to-month,1,0,2,39.3,1637.4,Yes,1,99,1572.0,1572.0,Competitor offered higher download speeds
1,90038,Female,0,0,0,58,1,0,Fiber optic,1,1,1,0,1,1,One year,1,0,6,106.45,6145.85,Yes,1,82,6174.1,6174.1,Competitor offered higher download speeds
1,90041,Female,0,0,0,18,1,0,Fiber optic,1,0,0,0,1,1,Month-to-month,1,0,4,96.05,1740.7,Yes,1,97,1728.8999999999999,1728.8999999999999,Competitor offered higher download speeds
1,90042,Female,0,0,0,7,1,1,Fiber optic,0,0,0,0,0,0,Month-to-month,1,1,2,75.1,552.95,Yes,1,96,525.6999999999999,525.6999999999999,Competitor offered more data
1,90044,Male,1,0,0,2,1,0,DSL,0,0,0,0,0,0,Month-to-month,1,0,1,44.7,93.7,Yes,1,98,89.4,89.4,Competitor offered more data
1,90048,Male,0,0,0,19,1,0,DSL,0,0,1,1,0,0,Month-to-month,1,1,3,55.0,1046.5,Yes,1,73,1045.0,1045.0,Competitor offered more data
1,90056,Male,0,1,0,11,1,1,Fiber optic,0,0,0,0,0,0,Month-to-month,1,0,2,74.35,834.2,Yes,1,80,817.8499999999999,817.8499999999999,Competitor made better offer
1,90058,Female,0,1,0,39,1,0,Fiber optic,1,0,1,1,1,1,One year,1,1,6,104.7,4134.85,Yes,1,68,4083.3,4083.3,Competitor made better offer
1,90059,Female,0,0,0,15,1,1,DSL,1,0,0,0,0,0,Month-to-month,1,0,3,55.7,899.8,Yes,1,73,835.5,835.5,Price too high
1,90071,Female,0,0,0,5,1,0,No,0,0,0,0,0,0,Month-to-month,0,1,1,19.85,108.05,Yes,1,99,99.25,99.25,Product dissatisfaction
1,90221,Female,0,0,0,1,1,0,Fiber optic,0,0,0,0,0,0,Month-to-month,1,0,1,70.3,70.3,Yes,1,88,70.3,70.3,Service dissatisfaction
1,90240,Male,1,1,0,10,1,1,Fiber optic,0,0,0,0,0,1,Month-to-month,0,0,3,85.55,851.75,Yes,1,81,855.5,855.5,Lack of self-service on Website
1,90245,Male,0,0,0,6,1,0,Fiber optic,0,0,1,0,1,1,Month-to-month,0,0,4,94.5,575.45,Yes,1,100,567.0,567.0,Network reliability
1,90255,Female,1,1,0,16,1,1,Fiber optic,0,0,0,0,0,1,Month-to-month,1,1,3,85.35,1375.15,Yes,1,66,1365.6,1365.6,Limited range of services
1,90260,Female,0,0,0,2,1,0,Fiber optic,0,0,0,0,1,0,Month-to-month,1,0,2,79.65,152.7,Yes,1,100,159.3,159.3,Lack of affordable download/upload speed
1,90263,Female,1,0,0,2,1,0,Fiber optic,0,0,0,0,0,1,Month-to-month,1,0,2,79.6,195.05,Yes,1,94,159.2,159.2,Long distance charges
1,90272,Male,1,0,0,19,1,1,Fiber optic,1,0,0,0,1,0,Month-to-month,1,0,4,90.6,1660,Yes,1,87,1721.3999999999999,1721.3999999999999,Extra data charges
1,90290,Female,0,0,0,1,1,0,No,0,0,0,0,0,0,Month-to-month,1,1,1,20.2,20.2,Yes,1,98,20.2,20.2,Price too high
1,90291,Male,0,1,0,66,1,1,Fiber optic,1,0,1,0,1,1,Two year,1,1,6,106.05,6981.35,Yes,1,83,6999.3,6999.3,Product dissatisfaction
1,90402,Female,0,0,0,36,1,1,Fiber optic,0,1,0,0,1,1,Month-to-month,1,0,5,99.15,3615.6,Yes,1,75,3569.4,3569.4,Service dissatisfaction
1,90405,Female,0,1,0,39,0,0,DSL,1,0,1,0,1,1,Month-to-month,0,0,4,55.9,2184.35,Yes,1,67,2180.1,2180.1,Lack of self-service on Website
1,90501,Male,0,0,0,21,1,1,Fiber optic,0,1,0,0,0,0,Month-to-month,1,0,3,82.35,1852.85,Yes,1,90,1729.35,1729.35,Network reliability
1,90502,Male,0,0,0,2,0,0,DSL,0,1,1,1,0,0,Month-to-month,1,1,3,40.4,77.15,Yes,1,86,80.8,80.8,Don't know
1,90602,Female,0,0,0,4,1,1,Fiber optic,0,0,0,0,0,0,Month-to-month,0,0,2,75.35,338.1,Yes,1,92,301.4,301.4,Attitude of service provider
1,90603,Male,0,0,0,35,1,0,Fiber optic,0,0,1,0,1,0,One year,1,0,3,85.15,3030.6,Yes,1,81,2980.25,2980.25,Attitude of support person
1,90623,Female,0,1,0,33,1,0,Fiber optic,0,0,1,0,1,1,One year,1,0,4,93.8,3124.5,Yes,1,76,3095.4,3095.4,Attitude of support person
1,90703,Male,0,0,0,45,1,0,No,0,0,0,0,0,0,One year,1,0,1,20.4,930.45,Yes,1,87,917.9999999999999,917.9999999999999,Attitude of support person
1,90712,Male,1,1,0,7,1,1,Fiber optic,1,1,0,0,0,1,Month-to-month,1,1,5,94.7,673.1,Yes,1,75,662.9,662.9,Attitude of service provider
1,90713,Male,0,0,0,6,0,0,DSL,0,1,0,0,0,0,Month-to-month,1,1,1,30.5,208.7,Yes,1,93,183.0,183.0,Attitude of service provider
1,90732,Male,1,0,0,3,1,1,Fiber optic,0,0,0,0,0,0,Month-to-month,1,0,2,77.0,237.75,Yes,1,96,231.0,231.0,Attitude of service provider
1,90740,Female,0,0,1,11,1,0,No,0,0,0,0,0,0,Month-to-month,0,1,1,20.1,221.35,Yes,1,95,221.10000000000002,221.10000000000002,Attitude of support person
1,90742,Female,0,0,0,1,1,0,Fiber optic,0,0,1,0,0,0,Month-to-month,0,0,2,75.3,75.3,Yes,1,66,75.3,75.3,Competitor made better offer
1,90802,Female,1,1,0,40,1,0,Fiber optic,0,1,0,1,1,1,One year,1,1,5,99.2,4062.2,Yes,1,69,3968.0,3968.0,Moved
1,90808,Male,1,0,0,47,1,0,Fiber optic,1,0,0,0,0,1,Month-to-month,0,0,3,85.5,4042.3,Yes,1,68,4018.5,4018.5,Moved
1,90810,Female,0,0,0,7,1,0,No,0,0,0,0,0,0,Month-to-month,0,0,1,20.05,164.85,Yes,1,89,140.35,140.35,Moved
1,90822,Male,0,0,0,1,1,0,Fiber optic,0,0,0,0,0,0,Month-to-month,0,0,1,70.4,70.4,Yes,1,70,70.4,70.4,Competitor had better devices
1,91010,Male,0,1,0,7,1,0,DSL,1,0,0,0,0,0,One year,1,0,2,49.75,331.3,Yes,1,75,348.25,348.25,Competitor offered higher download speeds
1,91020,Female,1,0,0,15,1,0,Fiber optic,0,1,0,0,0,0,Month-to-month,1,1,2,75.3,1147.45,Yes,1,99,1129.5,1129.5,Competitor offered more data
1,91030,Female,0,1,0,11,1,1,Fiber optic,0,0,0,0,1,1,Month-to-month,1,0,4,94.0,1078.9,Yes,1,67,1034.0,1034.0,Competitor made better offer
1,91042,Male,0,0,0,67,1,1,Fiber optic,1,1,1,1,1,1,One year,1,1,8,118.35,7804.15,Yes,1,91,7929.45,7929.45,Competitor had better devices
1,91104,Male,0,0,0,8,0,0,DSL,1,0,0,0,0,0,Month-to-month,1,0,1,30.45,226.45,Yes,1,94,243.6,243.6,Competitor had better devices
1,91105,Female,0,1,0,44,1,1,Fiber optic,0,0,0,0,1,1,Month-to-month,1,0,4,96.1,4364.1,Yes,1,87,4228.4,4228.4,Competitor offered higher download speeds
1,91107,Male,1,1,0,24,1,1,Fiber optic,0,1,1,0,1,1,Month-to-month,1,0,6,104.25,2433.9,Yes,1,80,2502.0,2502.0,Competitor offered higher download speeds
1,91108,Male,1,0,0,15,1,1,Fiber optic,0,1,0,0,0,0,Month-to-month,1,0,3,80.2,1217.25,Yes,1,76,1203.0,1203.0,Competitor offered higher download speeds
1,91324,Female,0,1,0,17,1,1,Fiber optic,1,0,1,0,1,1,Month-to-month,1,0,6,104.2,1743.5,Yes,1,79,1771.4,1771.4,Competitor offered more data
1,91351,Male,1,0,0,1,1,0,Fiber optic,0,0,0,0,0,0,Month-to-month,1,0,1,69.65,69.65,Yes,1,78,69.65,69.65,Don't know
1,91355,Male,0,0,0,9,1,0,Fiber optic,0,0,0,0,0,1,Month-to-month,1,0,2,80.8,713.1,Yes,1,90,727.1999999999999,727.1999999999999,Competitor offered more data
1,91367,Female,0,0,0,7,1,0,Fiber optic,0,0,0,0,1,0,Month-to-month,1,0,2,80.3,526.7,Yes,1,75,562.1,562.1,Competitor made better offer
1,91384,Male,1,1,0,36,1,1,Fiber optic,0,0,0,0,0,1,Month-to-month,1,0,3,84.1,3021.6,Yes,1,79,3027.6,3027.6,Competitor made better offer
1,91402,Male,0,0,0,3,1,0,DSL,0,0,0,1,1,1,Month-to-month,1,0,4,69.35,191.35,Yes,1,98,208.04999999999998,208.04999999999998,Price too high
1,91411,Female,1,1,0,34,1,1,Fiber optic,0,1,0,0,0,0,Month-to-month,1,0,3,79.6,2718.3,Yes,1,66,2706.3999999999996,2706.3999999999996,Product dissatisfaction
1,91501,Female,1,0,0,1,0,0,DSL,0,0,0,0,1,0,Month-to-month,1,0,1,36.45,36.45,Yes,1,96,36.45,36.45,Service dissatisfaction
1,91605,Male,0,0,0,22,1,0,Fiber optic,0,1,1,0,1,0,Month-to-month,1,0,4,89.4,2001.5,Yes,1,99,1966.8000000000002,1966.8000000000002,Lack of self-service on Website
1,91702,Female,1,1,0,47,1,1,Fiber optic,1,0,0,0,0,0,Month-to-month,0,0,3,80.35,3825.85,Yes,1,95,3776.45,3776.45,Network reliability
1,91731,Female,1,1,0,24,0,0,DSL,0,0,1,0,0,1,Month-to-month,1,1,2,40.65,933.3,Yes,1,85,975.5999999999999,975.5999999999999,Limited range of services
1,91737,Male,0,1,0,53,0,0,DSL,0,1,1,1,1,1,One year,1,0,5,60.45,3184.25,Yes,1,98,3203.8500000000004,3203.8500000000004,Lack of affordable download/upload speed
1,91739,Female,0,1,0,8,1,1,Fiber optic,0,0,0,0,0,1,Month-to-month,1,0,3,84.9,764.95,Yes,1,85,679.2,679.2,Long distance charges
1,91744,Female,0,1,0,2,1,0,Fiber optic,0,1,0,0,0,0,Month-to-month,1,1,2,73.55,145.4,Yes,1,97,147.1,147.1,Extra data charges
1,91745,Female,0,1,0,8,1,0,No,0,0,0,0,0,0,Month-to-month,0,1,1,20.15,156.25,Yes,1,98,161.2,161.2,Price too high
1,91746,Female,0,1,0,48,0,0,DSL,0,1,1,0,0,0,One year,0,0,2,34.7,1604.5,Yes,1,90,1665.6000000000001,1665.6000000000001,Product dissatisfaction
1,91767,Female,1,1,0,43,1,1,Fiber optic,0,0,1,1,1,1,One year,1,0,6,107.55,4533.9,Yes,1,93,4624.65,4624.65,Service dissatisfaction
1,91770,Male,1,1,0,16,1,1,Fiber optic,0,0,1,0,1,1,Month-to-month,1,0,5,98.75,1587.55,Yes,1,87,1580.0,1580.0,Lack of self-service on Website
1,91775,Female,0,1,0,8,1,0,Fiber optic,0,1,1,0,1,1,Month-to-month,0,0,5,101.15,842.9,Yes,1,76,809.2,809.2,Network reliability
1,91801,Male,0,0,0,20,1,1,Fiber optic,0,0,1,0,1,0,Month-to-month,1,0,4,88.7,1761.45,Yes,1,86,1774.0,1774.0,Don't know
1,91905,Female,0,0,0,2,1,0,Fiber optic,0,0,0,0,1,0,Month-to-month,1,0,2,79.75,164.5,Yes,1,98,159.5,159.5,Don't know
1,91906,Female,0,0,0,27,1,1,Fiber optic,0,0,0,0,1,1,Month-to-month,1,0,4,94.55,2724.6,Yes,1,89,2552.85,2552.85,Don't know
1,91914,Female,1,0,0,5,1,0,Fiber optic,0,0,0,0,0,0,Month-to-month,1,0,1,69.05,318.5,Yes,1,74,345.25,345.25,Poor expertise of online support
1,91932,Male,0,1,0,52,1,1,Fiber optic,0,0,1,1,0,1,Two year,1,1,5,96.25,4990.25,Yes,1,97,5005.0,5005.0,Poor expertise of phone support
1,91934,Male,1,0,0,37,1,1,Fiber optic,0,0,1,0,1,1,Month-to-month,1,0,5,101.1,3744.05,Yes,1,87,3740.7,3740.7,Competitor had better devices
1,91935,Male,0,0,0,69,1,1,Fiber optic,0,1,0,1,1,1,One year,1,1,6,104.7,7220.35,Yes,1,71,7224.3,7224.3,Competitor offered higher download speeds
1,92004,Male,0,0,1,40,1,0,DSL,1,1,0,0,0,0,Month-to-month,1,0,3,55.25,2139.2,Yes,1,65,2210.0,2210.0,Competitor offered more data
1,92008,Female,0,0,0,6,1,1,Fiber optic,0,1,0,0,1,0,Month-to-month,1,0,4,90.1,521.3,Yes,1,71,540.5999999999999,540.5999999999999,Competitor made better offer
1,92019,Male,0,0,0,11,1,1,DSL,0,0,1,0,0,0,Month-to-month,0,0,3,53.75,608,Yes,1,99,591.25,591.25,Competitor had better devices
1,92021,Female,0,0,0,6,1,0,Fiber optic,0,0,0,0,1,1,Month-to-month,0,0,3,89.3,577.6,Yes,1,100,535.8,535.8,Don't know
1,92028,Female,0,1,0,3,1,1,Fiber optic,0,0,0,0,1,1,Month-to-month,1,0,4,95.2,292.85,Yes,1,86,285.6,285.6,Competitor offered higher download speeds
1,92036,Female,1,0,0,5,0,0,DSL,0,0,0,0,1,1,Month-to-month,0,0,2,45.7,198,Yes,1,73,228.5,228.5,Competitor offered higher download speeds
1,92040,Male,0,1,0,8,1,0,Fiber optic,1,0,0,0,0,0,Month-to-month,1,0,2,74.5,609.9,Yes,1,88,596.0,596.0,Competitor offered higher download speeds
1,92056,Female,0,0,0,1,1,0,Fiber optic,0,0,0,0,1,0,Month-to-month,1,0,2,79.65,79.65,Yes,1,71,79.65,79.65,Competitor offered more data
1,92071,Female,1,1,0,28,1,1,Fiber optic,0,0,0,1,1,1,Month-to-month,1,1,5,101.3,2812.2,Yes,1,68,2836.4,2836.4,Competitor offered more data
1,92075,Female,0,1,0,1,1,0,Fiber optic,0,0,0,0,1,0,Month-to-month,1,0,2,80.05,80.05,Yes,1,82,80.05,80.05,Competitor offered more data
1,92078,Male,0,1,0,29,1,1,Fiber optic,0,0,1,0,0,1,Month-to-month,1,0,4,89.2,2698.35,Yes,1,91,2586.8,2586.8,Competitor made better offer
1,92091,Male,0,1,0,19,1,1,Fiber optic,0,0,0,0,0,1,Month-to-month,1,0,3,83.65,1465.75,Yes,1,88,1589.3500000000001,1589.3500000000001,Competitor made better offer
1,92105,Female,0,1,0,6,1,0,No,0,0,0,0,0,0,Month-to-month,0,1,1,19.5,146.3,Yes,1,67,117.0,117.0,Price too high
1,92106,Male,0,0,0,1,1,0,DSL,0,0,0,1,0,0,Month-to-month,0,0,2,51.25,51.25,Yes,1,94,51.25,51.25,Product dissatisfaction
1,92109,Male,0,0,0,1,1,0,DSL,0,0,0,0,0,0,Month-to-month,1,0,1,45.6,45.6,Yes,1,88,45.6,45.6,Service dissatisfaction
1,92111,Female,0,0,0,6,1,0,DSL,0,0,0,1,0,0,Month-to-month,1,1,2,49.65,267.35,Yes,1,88,297.9,297.9,Lack of self-service on Website
1,92121,Male,0,1,1,15,1,0,No,0,0,0,0,0,0,Month-to-month,1,0,1,20.0,288.05,Yes,1,73,300.0,300.0,Network reliability
1,92124,Female,0,1,0,25,0,0,DSL,0,0,0,0,1,0,Month-to-month,1,1,1,34.0,853,Yes,1,93,850.0,850.0,Limited range of services
1,92126,Male,1,1,0,10,1,0,Fiber optic,0,1,1,1,1,0,Month-to-month,1,0,5,92.5,934.1,Yes,1,77,925.0,925.0,Lack of affordable download/upload speed
1,92129,Female,0,1,0,13,1,0,Fiber optic,0,0,0,0,1,1,Month-to-month,0,0,3,88.35,1222.8,Yes,1,81,1148.55,1148.55,Long distance charges
1,92130,Female,0,1,0,49,1,1,Fiber optic,0,1,1,1,1,1,Two year,1,1,7,107.95,5293.2,Yes,1,92,5289.55,5289.55,Extra data charges
1,92210,Female,1,0,0,1,1,1,Fiber optic,0,0,0,0,0,0,Month-to-month,1,0,2,74.45,74.45,Yes,1,67,74.45,74.45,Price too high
1,92211,Female,0,0,0,37,1,0,DSL,0,0,0,0,1,1,Month-to-month,1,0,3,64.75,2345.2,Yes,1,80,2395.75,2395.75,Product dissatisfaction
1,92225,Male,0,0,0,26,1,0,Fiber optic,0,1,1,0,1,0,Month-to-month,0,0,4,89.8,2335.3,Yes,1,71,2334.7999999999997,2334.7999999999997,Service dissatisfaction
1,92236,Female,0,0,0,12,1,0,Fiber optic,0,0,1,0,1,1,One year,0,0,4,95.5,1115.15,Yes,1,88,1146.0,1146.0,Lack of self-service on Website
1,92251,Female,1,0,0,10,0,0,DSL,0,0,0,1,0,0,Month-to-month,1,0,1,29.65,291.4,Yes,1,89,296.5,296.5,Network reliability
1,92252,Male,0,1,0,5,1,1,Fiber optic,1,0,1,0,0,0,Month-to-month,1,0,4,84.5,453.75,Yes,1,98,422.5,422.5,Don't know
1,92257,Male,0,0,0,18,1,1,Fiber optic,0,0,1,0,0,1,Month-to-month,1,1,4,90.7,1597.25,Yes,1,89,1632.6000000000001,1632.6000000000001,Competitor had better devices
1,92262,Female,1,0,0,3,1,0,Fiber optic,0,0,0,0,0,0,Month-to-month,1,0,1,70.3,235.5,Yes,1,98,210.89999999999998,210.89999999999998,Competitor offered higher download speeds
1,92267,Female,0,0,0,54,1,1,Fiber optic,1,0,1,0,1,1,One year,1,1,6,103.95,5639.05,Yes,1,99,5613.3,5613.3,Competitor offered more data
1,92273,Female,0,0,0,10,1,1,Fiber optic,0,0,0,0,0,0,Month-to-month,1,0,2,74.75,799.65,Yes,1,69,747.5,747.5,Competitor made better offer
1,92274,Female,0,0,0,1,1,0,DSL,0,0,0,1,0,0,Month-to-month,1,0,2,50.8,50.8,Yes,1,68,50.8,50.8,Don't know
1,92280,Male,0,0,0,2,1,0,Fiber optic,0,0,0,0,1,0,Month-to-month,1,0,2,80.25,144.55,Yes,1,80,160.5,160.5,Competitor had better devices
1,92281,Male,0,1,0,32,1,1,Fiber optic,0,0,1,0,0,0,Month-to-month,1,0,3,78.9,2447.95,Yes,1,90,2524.8,2524.8,Competitor offered higher download speeds
1,92283,Male,0,0,0,36,1,1,Fiber optic,0,0,0,0,0,1,Month-to-month,1,0,3,84.75,3050.15,Yes,1,76,3051.0,3051.0,Competitor offered higher download speeds
1,92285,Male,0,0,0,53,1,1,Fiber optic,0,0,0,0,1,0,Month-to-month,0,1,3,85.45,4517.25,Yes,1,90,4528.85,4528.85,Competitor offered higher download speeds
1,92305,Male,0,1,1,1,1,0,No,0,0,0,0,0,0,Month-to-month,0,0,1,19.9,19.9,Yes,1,67,19.9,19.9,Competitor offered more data
1,92308,Male,1,0,0,12,1,1,Fiber optic,0,0,1,0,1,1,Month-to-month,1,0,5,99.45,1200.15,Yes,1,98,1193.4,1193.4,Competitor offered more data
1,92311,Female,0,0,0,1,1,0,Fiber optic,0,0,0,0,0,0,Month-to-month,1,0,1,70.6,70.6,Yes,1,85,70.6,70.6,Competitor offered more data
1,92314,Female,0,0,0,5,1,0,Fiber optic,0,0,0,0,1,0,Month-to-month,1,1,2,81.0,389.6,Yes,1,96,405.0,405.0,Competitor made better offer
1,92316,Male,0,0,0,6,1,0,Fiber optic,0,1,0,0,1,0,Month-to-month,1,0,3,84.85,523.5,Yes,1,72,509.09999999999997,509.09999999999997,Competitor made better offer
1,92338,Female,1,0,0,26,1,1,Fiber optic,0,1,0,0,1,0,Month-to-month,1,0,4,89.15,2277.65,Yes,1,89,2317.9,2317.9,Price too high
1,92341,Female,1,1,0,1,0,0,DSL,0,0,0,0,0,0,Month-to-month,1,0,0,24.8,24.8,Yes,1,73,24.8,24.8,Product dissatisfaction
1,92346,Male,0,0,0,64,1,1,Fiber optic,0,1,0,1,1,1,One year,1,1,6,105.65,6903.1,Yes,1,98,6761.6,6761.6,Service dissatisfaction
1,92365,Male,0,0,0,13,1,0,Fiber optic,0,0,0,0,0,1,Month-to-month,1,0,2,80.85,1008.7,Yes,1,85,1051.05,1051.05,Lack of self-service on Website
1,92374,Female,0,1,0,9,1,0,Fiber optic,0,0,0,0,1,1,Month-to-month,0,0,3,89.45,853.1,Yes,1,91,805.0500000000001,805.0500000000001,Network reliability
1,92377,Male,0,0,0,10,1,1,DSL,0,0,0,0,1,1,Month-to-month,1,1,4,72.15,794.25,Yes,1,98,721.5,721.5,Limited range of services
1,92384,Female,0,0,0,2,1,0,DSL,0,0,1,1,1,1,Month-to-month,0,0,5,76.4,160.8,Yes,1,100,152.8,152.8,Lack of affordable download/upload speed
1,92397,Female,1,0,0,20,1,1,DSL,0,0,0,0,0,1,Month-to-month,1,0,3,61.6,1174.35,Yes,1,85,1232.0,1232.0,Long distance charges
1,92398,Male,0,1,0,9,1,0,Fiber optic,0,1,1,0,0,0,Month-to-month,1,0,3,79.9,741.7,Yes,1,100,719.1,719.1,Extra data charges
1,92399,Male,1,0,0,32,1,1,Fiber optic,0,0,0,0,1,1,Month-to-month,1,1,4,96.15,3019.25,Yes,1,79,3076.8,3076.8,Price too high
1,92404,Female,0,1,0,70,1,1,DSL,1,0,1,1,0,0,Two year,0,1,5,65.3,4759.75,Yes,1,85,4571.0,4571.0,Product dissatisfaction
1,92411,Male,0,0,0,1,1,0,No,0,0,0,0,0,0,Month-to-month,0,0,1,19.65,19.65,Yes,1,69,19.65,19.65,Service dissatisfaction
1,92505,Male,0,0,0,1,1,1,Fiber optic,0,0,0,0,1,0,Month-to-month,1,0,3,84.65,84.65,Yes,1,79,84.65,84.65,Lack of self-service on Website
1,92509,Female,1,1,0,1,1,0,Fiber optic,0,0,0,0,0,0,Month-to-month,1,0,1,69.55,69.55,Yes,1,67,69.55,69.55,Network reliability
1,92530,Female,0,0,0,13,0,0,DSL,0,1,0,0,0,0,Month-to-month,1,0,1,31.05,347.25,Yes,1,97,403.65000000000003,403.65000000000003,Don't know
1,92536,Male,0,0,0,7,1,0,DSL,1,0,0,0,0,0,Month-to-month,1,0,2,51.0,354.05,Yes,1,90,357.0,357.0,Attitude of service provider
1,92548,Female,0,1,1,1,1,0,DSL,0,0,0,0,0,0,Month-to-month,1,1,1,44.35,44.35,Yes,1,90,44.35,44.35,Attitude of support person
1,92557,Female,0,0,0,7,1,0,Fiber optic,0,0,0,0,1,0,Month-to-month,1,0,2,79.7,586.05,Yes,1,98,557.9,557.9,Attitude of support person
1,92582,Male,0,0,1,54,1,1,DSL,0,1,0,0,0,0,Month-to-month,1,1,3,55.0,3092.65,Yes,1,84,2970.0,2970.0,Don't know
1,92583,Female,1,0,0,5,1,0,Fiber optic,0,0,1,0,1,0,Month-to-month,1,0,3,84.85,415.55,Yes,1,74,424.25,424.25,Attitude of service provider
1,92590,Male,1,0,0,1,1,1,Fiber optic,0,0,0,0,0,0,Month-to-month,1,0,2,73.65,73.65,Yes,1,86,73.65,73.65,Attitude of service provider
1,92591,Male,0,1,0,33,1,0,DSL,0,0,1,1,1,1,One year,1,0,5,73.9,2405.05,Yes,1,73,2438.7000000000003,2438.7000000000003,Attitude of service provider
1,92592,Female,0,1,0,55,1,1,Fiber optic,0,0,1,0,0,0,Month-to-month,1,0,3,77.75,4458.15,Yes,1,79,4276.25,4276.25,Attitude of support person
1,92620,Female,1,1,0,6,1,1,Fiber optic,0,0,0,0,0,1,Month-to-month,1,0,3,84.35,474.9,Yes,1,77,506.09999999999997,506.09999999999997,Deceased
1,92624,Female,0,0,0,8,1,0,Fiber optic,1,0,0,0,1,0,Month-to-month,0,0,3,84.95,668.4,Yes,1,81,679.6,679.6,Moved
1,92625,Male,0,0,0,11,1,0,Fiber optic,0,0,0,1,0,0,Month-to-month,1,0,2,73.85,926.25,Yes,1,66,812.3499999999999,812.3499999999999,Moved
1,92627,Male,0,1,0,49,0,0,DSL,0,1,0,0,1,1,One year,1,1,3,51.8,2541.25,Yes,1,67,2538.2,2538.2,Moved
1,92629,Female,1,1,0,1,1,0,DSL,0,0,0,0,0,0,Month-to-month,0,0,1,46.0,46,Yes,1,67,46.0,46.0,Competitor had better devices
1,92630,Male,1,0,0,15,1,0,Fiber optic,0,0,0,0,0,1,Month-to-month,1,0,2,79.4,1156.1,Yes,1,74,1191.0,1191.0,Competitor offered higher download speeds
1,92648,Male,1,1,0,16,1,0,Fiber optic,0,0,0,0,0,0,Month-to-month,1,1,1,71.8,1167.8,Yes,1,86,1148.8,1148.8,Competitor offered more data
1,92651,Male,1,1,0,44,1,1,Fiber optic,0,1,0,0,0,1,One year,0,0,4,88.4,3912.9,Yes,1,99,3889.6000000000004,3889.6000000000004,Competitor made better offer
1,92660,Female,0,0,1,5,1,0,DSL,0,0,0,0,0,0,Month-to-month,0,0,1,46.0,221.7,Yes,1,85,230.0,230.0,Competitor had better devices
1,92676,Male,0,0,0,4,1,1,DSL,0,0,0,0,0,0,Month-to-month,0,1,2,51.75,201.1,Yes,1,83,207.0,207.0,Competitor had better devices
1,92679,Male,0,1,0,30,1,1,Fiber optic,1,1,0,0,1,0,Month-to-month,1,0,5,94.4,2838.7,Yes,1,71,2832.0,2832.0,Competitor offered higher download speeds
1,92692,Female,0,0,0,1,1,0,Fiber optic,0,0,0,0,0,0,Month-to-month,1,0,1,70.15,70.15,Yes,1,96,70.15,70.15,Competitor offered higher download speeds
1,92805,Male,0,0,0,9,0,0,DSL,0,0,0,0,1,0,Month-to-month,1,1,1,34.7,296.1,Yes,1,95,312.3,312.3,Competitor offered higher download speeds
1,92807,Female,0,0,0,1,1,0,Fiber optic,0,0,0,0,0,1,Month-to-month,1,0,2,81.1,81.1,Yes,1,85,81.1,81.1,Competitor offered more data
1,92821,Female,0,1,1,1,1,0,No,0,0,0,0,0,0,Month-to-month,0,0,1,20.55,20.55,Yes,1,78,20.55,20.55,Competitor offered more data
1,92823,Female,0,0,0,61,1,1,Fiber optic,0,0,1,1,1,1,Two year,1,0,6,106.6,6428.4,Yes,1,68,6502.599999999999,6502.599999999999,Competitor offered more data
1,92833,Male,0,1,0,59,1,1,Fiber optic,1,1,1,1,1,0,Month-to-month,1,0,7,106.75,6252.9,Yes,1,81,6298.25,6298.25,Competitor made better offer
1,92841,Female,0,0,0,3,1,0,Fiber optic,0,0,0,0,1,1,Month-to-month,1,0,3,89.45,240.45,Yes,1,84,268.35,268.35,Competitor made better offer
1,92844,Female,0,0,0,3,1,0,Fiber optic,0,1,0,1,1,1,Month-to-month,1,0,5,97.9,315.3,Yes,1,86,293.70000000000005,293.70000000000005,Price too high
1,92865,Male,0,0,0,1,1,0,DSL,0,0,0,0,0,1,Month-to-month,1,0,2,55.7,55.7,Yes,1,79,55.7,55.7,Product dissatisfaction
1,92868,Male,0,0,0,13,1,0,Fiber optic,0,1,1,0,0,0,Month-to-month,1,0,3,79.8,973.45,Yes,1,75,1037.3999999999999,1037.3999999999999,Service dissatisfaction
1,92887,Female,0,1,0,18,0,0,DSL,0,0,1,0,1,0,Month-to-month,1,0,2,39.05,669.85,Yes,1,66,702.9,702.9,Lack of self-service on Website
1,93010,Female,1,1,0,3,1,0,Fiber optic,0,0,0,1,1,0,Month-to-month,1,0,3,83.9,267.4,Yes,1,68,251.70000000000002,251.70000000000002,Network reliability
1,93021,Female,1,0,0,1,1,0,Fiber optic,0,0,0,0,0,0,Month-to-month,1,0,1,69.85,69.85,Yes,1,68,69.85,69.85,Limited range of services
1,93030,Female,0,0,0,1,1,0,DSL,0,0,0,0,1,0,Month-to-month,1,0,2,53.55,53.55,Yes,1,79,53.55,53.55,Lack of affordable download/upload speed
1,93040,Female,0,1,0,70,1,1,Fiber optic,1,1,1,1,0,0,Two year,0,1,6,93.9,6579.05,Yes,1,95,6573.0,6573.0,Long distance charges
1,93060,Male,0,1,0,68,1,1,Fiber optic,1,1,1,1,1,1,Two year,1,0,8,113.15,7856,Yes,1,90,7694.200000000001,7694.200000000001,Extra data charges
1,93065,Female,1,1,0,26,1,0,Fiber optic,0,1,0,0,0,1,Month-to-month,0,0,3,84.95,2169.75,Yes,1,75,2208.7000000000003,2208.7000000000003,Price too high
1,93066,Male,0,1,0,11,1,1,Fiber optic,0,1,0,0,0,0,Month-to-month,1,1,3,80.5,896.9,Yes,1,75,885.5,885.5,Product dissatisfaction
1,93067,Male,0,0,0,1,1,0,No,0,0,0,0,0,0,Month-to-month,1,0,1,19.3,19.3,Yes,1,99,19.3,19.3,Service dissatisfaction
1,93105,Male,0,0,0,1,1,0,DSL,0,0,1,0,0,0,Month-to-month,1,0,2,49.65,49.65,Yes,1,97,49.65,49.65,Lack of self-service on Website
1,93108,Female,0,0,0,46,1,0,DSL,0,0,1,1,0,0,Two year,0,1,3,54.35,2460.15,Yes,1,83,2500.1,2500.1,Network reliability
1,93110,Male,0,0,0,4,1,0,Fiber optic,0,0,0,0,1,1,Month-to-month,1,0,3,88.45,370.65,Yes,1,98,353.8,353.8,Don't know
1,93204,Male,1,0,0,22,1,1,Fiber optic,0,0,0,1,1,0,Month-to-month,1,1,4,90.5,1910.6,Yes,1,71,1991.0,1991.0,Don't know
1,93206,Male,0,1,0,9,1,0,Fiber optic,0,1,1,1,1,0,Month-to-month,1,0,5,94.85,890.6,Yes,1,72,853.65,853.65,Don't know
1,93207,Male,0,1,0,7,1,0,Fiber optic,0,0,0,0,0,0,Month-to-month,1,1,1,69.95,529.5,Yes,1,90,489.65000000000003,489.65000000000003,Poor expertise of online support
1,93212,Female,0,0,0,1,1,0,DSL,1,0,0,0,0,0,Month-to-month,1,1,2,48.6,48.6,Yes,1,83,48.6,48.6,Poor expertise of phone support
1,93221,Female,1,0,0,40,0,0,DSL,1,1,0,0,1,1,Month-to-month,1,0,4,55.8,2109.35,Yes,1,90,2232.0,2232.0,Attitude of support person
1,93223,Male,0,1,0,29,1,1,Fiber optic,0,1,0,0,0,0,Month-to-month,1,1,3,80.15,2265.25,Yes,1,83,2324.3500000000004,2324.3500000000004,Attitude of support person
1,93224,Female,0,0,0,3,1,1,Fiber optic,0,0,0,0,0,0,Month-to-month,1,0,2,75.5,220.6,Yes,1,79,226.5,226.5,Attitude of service provider
1,93235,Male,0,0,0,1,1,0,No,0,0,0,0,0,0,Month-to-month,1,1,1,20.2,20.2,Yes,1,87,20.2,20.2,Attitude of service provider
1,93243,Female,0,1,0,3,1,1,Fiber optic,0,0,0,0,0,0,Month-to-month,1,1,2,74.75,229.5,Yes,1,65,224.25,224.25,Attitude of service provider
1,93244,Male,0,0,0,23,1,1,Fiber optic,0,0,1,1,1,1,Month-to-month,1,0,6,104.05,2470.1,Yes,1,93,2393.15,2393.15,Attitude of support person
1,93252,Female,0,0,0,13,1,1,Fiber optic,1,1,0,0,1,0,Month-to-month,1,0,5,96.65,1244.5,Yes,1,65,1256.45,1256.45,Attitude of support person
1,93254,Male,1,0,0,1,1,0,No,0,0,0,0,0,0,Month-to-month,0,0,1,20.05,20.05,Yes,1,91,20.05,20.05,Attitude of support person
1,93255,Female,0,0,0,39,1,1,Fiber optic,0,1,1,0,1,1,Month-to-month,1,0,6,103.45,3994.45,Yes,1,83,4034.55,4034.55,Attitude of service provider
1,93261,Female,0,1,1,1,1,0,No,0,0,0,0,0,0,Month-to-month,1,0,1,19.9,19.9,Yes,1,73,19.9,19.9,Attitude of service provider
1,93263,Male,0,1,0,14,0,0,DSL,0,0,0,0,1,1,Month-to-month,0,0,2,46.35,667.7,Yes,1,76,648.9,648.9,Attitude of service provider
1,93266,Male,0,0,0,1,1,0,No,0,0,0,0,0,0,Month-to-month,0,0,1,19.95,19.95,Yes,1,83,19.95,19.95,Attitude of support person
1,93268,Male,0,0,0,1,1,0,Fiber optic,0,0,0,0,0,1,Month-to-month,0,0,2,79.6,79.6,Yes,1,98,79.6,79.6,Attitude of support person
1,93272,Male,0,0,0,1,1,0,Fiber optic,0,0,0,1,0,0,Month-to-month,1,0,2,75.9,75.9,Yes,1,66,75.9,75.9,Attitude of support person
1,93274,Male,0,1,0,1,1,0,Fiber optic,0,0,1,0,0,0,Month-to-month,0,0,2,76.2,76.2,Yes,1,83,76.2,76.2,Don't know
1,93277,Male,0,0,1,1,1,0,No,0,0,0,0,0,0,Month-to-month,0,0,1,19.25,19.25,Yes,1,80,19.25,19.25,Attitude of service provider
1,93287,Female,0,1,0,42,1,1,Fiber optic,0,0,1,1,0,0,Month-to-month,1,0,4,84.3,3588.4,Yes,1,100,3540.6,3540.6,Attitude of service provider
1,93292,Female,0,0,0,7,1,0,Fiber optic,0,0,0,0,1,0,Month-to-month,1,0,2,79.0,522.95,Yes,1,92,553.0,553.0,Attitude of support person
1,93312,Female,0,0,0,1,1,0,Fiber optic,0,0,0,0,0,0,Month-to-month,1,0,1,70.25,70.25,Yes,1,89,70.25,70.25,Attitude of support person
1,93401,Female,1,0,0,10,1,0,Fiber optic,0,0,1,0,0,1,Month-to-month,1,1,3,84.6,865.55,Yes,1,94,846.0,846.0,Attitude of support person
1,93426,Female,0,1,1,17,1,1,No,0,0,0,0,0,0,Month-to-month,0,0,2,24.1,409.9,Yes,1,86,409.70000000000005,409.70000000000005,Attitude of service provider
1,93436,Female,0,0,1,1,1,0,DSL,1,1,0,1,0,0,Month-to-month,1,0,4,60.0,60,Yes,1,93,60.0,60.0,Attitude of service provider
1,93437,Male,0,0,0,8,1,1,Fiber optic,0,0,0,0,0,1,Month-to-month,1,0,3,86.55,649.65,Yes,1,80,692.4,692.4,Attitude of service provider
1,93440,Female,1,1,0,1,1,0,No,0,0,0,0,0,0,Month-to-month,1,0,1,20.85,20.85,Yes,1,97,20.85,20.85,Attitude of support person
1,93444,Female,0,0,0,39,0,0,DSL,0,0,1,0,1,1,Month-to-month,1,0,3,50.75,2011.4,Yes,1,94,1979.25,1979.25,Attitude of support person
1,93445,Female,1,1,0,58,1,0,Fiber optic,1,1,0,1,1,1,One year,1,1,6,105.5,6205.5,Yes,1,100,6119.0,6119.0,Attitude of support person
1,93449,Male,1,0,0,6,1,0,Fiber optic,1,0,0,0,1,0,Month-to-month,1,1,3,85.15,503.6,Yes,1,90,510.90000000000003,510.90000000000003,Attitude of service provider
1,93463,Male,0,1,0,22,1,0,DSL,1,0,0,1,0,0,Month-to-month,1,0,3,54.2,1152.7,Yes,1,87,1192.4,1192.4,Attitude of service provider
1,93465,Female,0,1,0,70,1,1,Fiber optic,0,1,1,1,1,1,One year,1,0,7,109.5,7674.55,Yes,1,100,7665.0,7665.0,Attitude of service provider
1,93501,Male,0,1,0,21,1,1,Fiber optic,0,1,1,0,1,1,Month-to-month,0,0,6,104.4,2157.95,Yes,1,77,2192.4,2192.4,Attitude of support person
1,93513,Male,1,1,0,71,1,1,Fiber optic,1,1,0,0,1,1,Month-to-month,1,1,6,105.1,7548.1,Yes,1,66,7462.099999999999,7462.099999999999,Attitude of support person
1,93518,Female,0,0,0,1,1,0,Fiber optic,0,1,0,0,0,0,Month-to-month,1,0,2,75.7,75.7,Yes,1,93,75.7,75.7,Attitude of support person
1,93528,Female,1,1,0,20,1,1,Fiber optic,0,0,1,0,1,0,Month-to-month,0,0,4,90.8,1951,Yes,1,87,1816.0,1816.0,Attitude of service provider
1,93531,Female,0,1,0,4,1,1,Fiber optic,0,1,0,0,1,1,Month-to-month,1,0,5,97.95,384.5,Yes,1,72,391.8,391.8,Attitude of service provider
1,93532,Male,0,0,0,32,1,1,Fiber optic,1,1,0,1,1,1,Month-to-month,1,1,7,108.15,3432.9,Yes,1,69,3460.8,3460.8,Attitude of service provider
1,93536,Male,0,0,0,6,1,0,Fiber optic,0,0,0,0,1,0,Month-to-month,1,1,2,80.5,463.05,Yes,1,96,483.0,483.0,Attitude of support person
1,93545,Female,1,1,0,27,1,1,Fiber optic,1,0,0,1,1,1,Month-to-month,1,1,6,104.3,2867.75,Yes,1,75,2816.1,2816.1,Attitude of support person
1,93549,Male,0,0,0,1,1,0,Fiber optic,0,0,0,0,0,0,Month-to-month,1,0,1,71.35,71.35,Yes,1,92,71.35,71.35,Attitude of support person
1,93553,Female,0,0,0,13,1,1,Fiber optic,0,1,1,1,0,0,Month-to-month,0,0,5,89.4,1132.35,Yes,1,75,1162.2,1162.2,Attitude of service provider
1,93603,Male,0,0,0,1,1,0,No,0,0,0,0,0,0,Month-to-month,0,0,1,20.6,20.6,Yes,1,90,20.6,20.6,Attitude of service provider
1,93606,Male,0,0,0,19,1,1,Fiber optic,0,1,0,0,1,1,Month-to-month,1,0,5,99.95,1931.75,Yes,1,76,1899.05,1899.05,Attitude of service provider
1,93612,Female,0,0,0,10,1,1,Fiber optic,0,1,0,0,0,0,Month-to-month,1,1,3,81.0,818.05,Yes,1,95,810.0,810.0,Attitude of support person
1,93618,Female,1,1,0,13,1,0,Fiber optic,0,0,0,0,0,0,Month-to-month,1,0,1,70.15,916.75,Yes,1,85,911.95,911.95,Don't know
1,93628,Female,0,0,0,1,1,0,Fiber optic,0,0,0,0,0,0,Month-to-month,1,0,1,70.15,70.15,Yes,1,97,70.15,70.15,Attitude of support person
1,93638,Female,1,1,0,68,1,1,Fiber optic,1,1,0,0,0,1,One year,1,1,5,96.55,6581.9,Yes,1,86,6565.4,6565.4,Attitude of service provider
1,93656,Female,0,0,0,39,1,0,Fiber optic,1,0,1,1,1,0,One year,1,0,5,95.55,3692.85,Yes,1,73,3726.45,3726.45,Attitude of service provider
1,93662,Female,1,0,0,1,1,0,Fiber optic,0,0,0,0,0,0,Month-to-month,1,0,1,69.65,69.65,Yes,1,82,69.65,69.65,Attitude of service provider
1,93664,Female,1,0,0,1,1,0,Fiber optic,0,0,0,0,1,1,Month-to-month,1,0,3,89.3,89.3,Yes,1,85,89.3,89.3,Attitude of support person
1,93668,Female,0,0,0,36,1,0,Fiber optic,0,0,1,1,0,1,Month-to-month,1,0,4,87.55,3078.1,Yes,1,92,3151.7999999999997,3151.7999999999997,Attitude of support person
1,93702,Female,1,0,0,15,1,0,Fiber optic,1,0,1,1,0,1,Month-to-month,1,0,5,96.3,1426.75,Yes,1,72,1444.5,1444.5,Attitude of support person
1,93711,Female,0,0,0,5,1,1,Fiber optic,0,0,0,0,1,0,Month-to-month,1,0,3,85.2,474.8,Yes,1,87,426.0,426.0,Attitude of service provider
1,93720,Female,0,0,0,13,0,0,DSL,0,0,0,0,0,1,Month-to-month,1,0,1,35.1,446.1,Yes,1,79,456.3,456.3,Attitude of service provider
1,93726,Male,0,1,0,5,1,1,Fiber optic,0,1,0,0,0,0,Month-to-month,1,0,3,81.3,416.3,Yes,1,100,406.5,406.5,Attitude of service provider
1,93901,Female,0,0,1,2,1,0,No,0,0,0,0,0,0,Month-to-month,1,0,1,19.6,35.85,Yes,1,66,39.2,39.2,Attitude of support person
1,93908,Female,0,1,0,17,1,1,Fiber optic,0,0,0,0,0,1,Month-to-month,1,0,3,85.45,1451.6,Yes,1,94,1452.65,1452.65,Attitude of support person
1,93921,Male,0,1,0,1,1,0,Fiber optic,0,0,0,0,0,0,Month-to-month,1,0,1,71.0,71,Yes,1,89,71.0,71.0,Attitude of support person
1,93925,Male,1,0,0,9,1,1,Fiber optic,0,0,0,0,0,1,Month-to-month,1,0,3,85.05,746.5,Yes,1,74,765.4499999999999,765.4499999999999,Attitude of service provider
1,93927,Male,0,0,1,1,1,0,DSL,0,0,0,0,0,0,Month-to-month,1,0,1,44.4,44.4,Yes,1,82,44.4,44.4,Attitude of service provider
1,93954,Male,1,1,0,1,1,0,Fiber optic,0,0,0,0,0,0,Month-to-month,1,0,1,70.3,70.3,Yes,1,100,70.3,70.3,Attitude of service provider
1,93955,Female,0,1,0,1,1,0,Fiber optic,0,0,0,0,1,0,Month-to-month,1,1,2,79.35,79.35,Yes,1,77,79.35,79.35,Attitude of support person
1,94010,Female,0,0,0,9,1,0,Fiber optic,0,0,0,0,1,1,Month-to-month,1,1,3,90.8,809.75,Yes,1,70,817.1999999999999,817.1999999999999,Attitude of support person
1,94014,Male,0,1,0,20,1,0,Fiber optic,0,0,0,0,0,0,Month-to-month,1,0,1,70.45,1470.95,Yes,1,87,1409.0,1409.0,Attitude of support person
1,94028,Male,1,0,0,70,0,0,DSL,0,0,0,0,1,1,One year,1,0,2,45.25,3264.45,Yes,1,97,3167.5,3167.5,Attitude of service provider
1,94040,Female,0,0,0,3,1,1,Fiber optic,0,0,0,0,0,0,Month-to-month,1,0,2,75.8,246.3,Yes,1,93,227.39999999999998,227.39999999999998,Attitude of service provider
1,94061,Male,1,0,0,20,1,0,Fiber optic,0,0,0,0,0,0,Month-to-month,0,1,1,71.3,1389.2,Yes,1,98,1426.0,1426.0,Attitude of service provider
1,94063,Male,1,1,0,21,1,0,Fiber optic,0,0,0,0,0,0,Month-to-month,1,0,1,69.1,1474.75,Yes,1,67,1451.1,1451.1,Attitude of support person
1,94080,Female,0,1,0,17,1,1,Fiber optic,0,0,1,0,1,0,Month-to-month,0,0,4,88.25,1460.65,Yes,1,68,1500.25,1500.25,Deceased
1,94089,Female,0,0,0,2,1,0,Fiber optic,0,0,0,0,0,0,Month-to-month,0,1,1,70.0,153.05,Yes,1,81,140.0,140.0,Moved
1,94104,Female,0,0,0,21,1,1,Fiber optic,0,0,0,0,1,1,Month-to-month,1,0,4,97.35,2119.5,Yes,1,89,2044.35,2044.35,Moved
1,94112,Male,0,1,1,5,1,1,No,0,0,0,0,0,0,Month-to-month,1,1,2,25.9,135,Yes,1,83,129.5,129.5,Moved
1,94114,Male,0,0,0,24,1,1,DSL,1,0,0,0,0,0,Month-to-month,1,1,3,55.65,1400.55,Yes,1,97,1335.6,1335.6,Competitor had better devices
1,94115,Female,0,0,0,1,1,0,Fiber optic,0,0,0,0,0,0,Month-to-month,1,0,1,69.65,69.65,Yes,1,77,69.65,69.65,Competitor offered higher download speeds
1,94117,Female,0,0,0,10,1,1,Fiber optic,0,0,1,0,1,1,Month-to-month,1,0,5,100.6,1060.2,Yes,1,77,1006.0,1006.0,Competitor offered more data
1,94121,Female,1,0,0,1,1,0,Fiber optic,0,1,0,0,0,1,Month-to-month,1,0,3,86.0,86,Yes,1,82,86.0,86.0,Competitor made better offer
1,94122,Female,0,0,0,53,1,1,Fiber optic,1,0,1,0,1,1,One year,1,1,6,106.95,5785.5,Yes,1,90,5668.35,5668.35,Competitor had better devices
1,94127,Male,0,0,0,3,0,0,DSL,0,1,0,0,0,0,Month-to-month,1,0,1,29.6,79.45,Yes,1,76,88.80000000000001,88.80000000000001,Competitor had better devices
1,94132,Male,1,1,0,46,0,0,DSL,0,1,1,1,1,1,One year,1,1,5,59.9,2816.65,Yes,1,80,2755.4,2755.4,Competitor offered higher download speeds
1,94303,Female,0,1,0,49,1,1,Fiber optic,0,0,0,0,1,1,Month-to-month,1,0,4,95.6,4783.5,Yes,1,69,4684.4,4684.4,Competitor offered higher download speeds
1,94306,Male,0,0,0,11,0,0,DSL,0,0,1,0,1,0,One year,1,0,2,41.6,470.6,Yes,1,81,457.6,457.6,Competitor offered higher download speeds
1,94403,Male,0,0,0,45,1,1,Fiber optic,0,1,0,0,1,1,Month-to-month,1,1,5,100.85,4740,Yes,1,70,4538.25,4538.25,Competitor offered more data
1,94508,Male,0,1,1,37,0,0,DSL,1,1,1,0,0,0,Month-to-month,0,1,3,40.2,1448.8,Yes,1,80,1487.4,1487.4,Competitor offered more data
1,94509,Male,0,1,0,49,1,1,Fiber optic,0,0,0,0,1,0,Month-to-month,0,0,3,84.5,4254.85,Yes,1,85,4140.5,4140.5,Competitor offered more data
1,94514,Female,1,0,0,14,1,1,Fiber optic,0,1,0,0,0,0,Month-to-month,1,0,3,78.95,1101.85,Yes,1,88,1105.3,1105.3,Competitor made better offer
1,94517,Male,0,0,0,1,1,0,No,0,0,0,0,0,0,Month-to-month,0,0,1,20.2,20.2,Yes,1,99,20.2,20.2,Competitor made better offer
1,94521,Female,1,0,0,47,1,1,Fiber optic,0,1,1,0,0,0,Month-to-month,1,1,4,85.2,3969.35,Yes,1,72,4004.4,4004.4,Price too high
1,94553,Male,1,1,0,13,1,0,Fiber optic,0,1,1,0,1,1,Month-to-month,1,0,5,98.0,1237.85,Yes,1,99,1274.0,1274.0,Product dissatisfaction
1,94555,Male,0,1,0,5,1,0,Fiber optic,0,0,1,0,1,1,Month-to-month,1,0,4,94.45,498.1,Yes,1,77,472.25,472.25,Service dissatisfaction
1,94556,Male,1,0,0,3,1,1,Fiber optic,0,1,1,0,1,1,Month-to-month,1,0,6,105.0,294.45,Yes,1,87,315.0,315.0,Lack of self-service on Website
1,94558,Female,1,1,0,26,1,1,Fiber optic,0,1,1,0,0,1,Month-to-month,1,0,5,93.85,2381.55,Yes,1,86,2440.1,2440.1,Network reliability
1,94561,Female,1,1,0,8,1,1,Fiber optic,0,0,0,0,0,1,Month-to-month,1,0,3,84.0,613.4,Yes,1,91,672.0,672.0,Limited range of services
1,94567,Female,0,1,0,9,0,0,DSL,0,0,1,0,1,1,Month-to-month,1,0,3,48.75,442.2,Yes,1,97,438.75,438.75,Lack of affordable download/upload speed
1,94568,Male,0,0,0,1,1,0,Fiber optic,0,0,1,0,1,0,Month-to-month,1,0,3,84.85,84.85,Yes,1,77,84.85,84.85,Long distance charges
1,94569,Male,0,0,0,12,1,0,DSL,1,0,0,1,0,0,Month-to-month,0,0,3,56.65,654.85,Yes,1,90,679.8,679.8,Extra data charges
1,94572,Female,0,0,0,42,1,0,DSL,1,1,1,1,0,1,One year,0,1,6,73.9,3160.55,Yes,1,71,3103.8,3103.8,Price too high
1,94574,Female,0,1,0,33,1,1,No,0,0,0,0,0,0,Two year,1,0,2,24.5,740.3,Yes,1,77,808.5,808.5,Product dissatisfaction
1,94587,Female,0,0,0,31,1,1,Fiber optic,0,0,1,0,0,1,Month-to-month,1,0,4,89.9,2806.9,Yes,1,85,2786.9,2786.9,Service dissatisfaction
1,94588,Male,1,1,0,18,1,0,Fiber optic,0,0,0,0,0,1,Month-to-month,0,0,2,78.55,1422.65,Yes,1,84,1413.8999999999999,1413.8999999999999,Lack of self-service on Website
1,94601,Male,0,1,0,42,1,1,Fiber optic,0,1,1,1,0,1,Month-to-month,1,0,6,99.45,4138.05,Yes,1,96,4176.900000000001,4176.900000000001,Network reliability
1,94602,Male,1,0,0,4,0,0,DSL,0,0,0,0,0,0,Month-to-month,1,1,0,25.2,102.5,Yes,1,72,100.8,100.8,Don't know
1,94603,Female,0,0,0,12,1,1,DSL,0,0,0,1,1,1,One year,0,0,5,74.05,872.65,Yes,1,94,888.5999999999999,888.5999999999999,Don't know
1,94608,Female,1,0,0,15,1,1,DSL,0,0,0,1,0,0,Month-to-month,0,1,3,55.0,757.1,Yes,1,94,825.0,825.0,Don't know
1,94611,Male,0,1,0,7,1,0,Fiber optic,0,1,0,1,1,0,Month-to-month,1,0,4,89.75,608.8,Yes,1,90,628.25,628.25,Poor expertise of online support
1,94706,Male,0,1,0,14,1,1,Fiber optic,0,0,0,0,0,1,Month-to-month,1,0,3,85.15,1139.2,Yes,1,100,1192.1000000000001,1192.1000000000001,Poor expertise of phone support
1,94801,Male,1,1,0,3,1,1,Fiber optic,0,0,0,0,1,1,Month-to-month,1,0,4,94.6,279.55,Yes,1,87,283.79999999999995,283.79999999999995,Competitor had better devices
1,94804,Male,0,0,0,16,1,0,Fiber optic,1,0,0,0,1,1,Month-to-month,1,0,4,94.25,1483.25,Yes,1,73,1508.0,1508.0,Competitor offered higher download speeds
1,94805,Male,0,1,0,65,1,1,DSL,1,1,1,0,0,1,One year,0,1,6,72.45,4653.85,Yes,1,68,4709.25,4709.25,Competitor offered more data
1,94901,Female,0,0,0,42,1,1,Fiber optic,1,0,1,0,1,1,Month-to-month,1,0,6,105.2,4400.75,Yes,1,89,4418.400000000001,4418.400000000001,Competitor made better offer
1,94928,Male,0,1,0,6,1,1,Fiber optic,0,0,0,0,1,0,Month-to-month,1,0,3,82.85,460.25,Yes,1,78,497.09999999999997,497.09999999999997,Competitor had better devices
1,94939,Male,1,1,0,53,1,1,Fiber optic,0,1,1,0,1,1,Month-to-month,1,0,6,103.85,5485.5,Yes,1,87,5504.049999999999,5504.049999999999,Competitor had better devices
1,94945,Female,0,1,0,5,1,0,Fiber optic,0,1,0,0,0,1,Month-to-month,1,0,3,83.6,404.2,Yes,1,93,418.0,418.0,Competitor offered higher download speeds
1,94950,Male,0,0,0,68,1,1,Fiber optic,0,1,1,1,1,1,One year,0,0,7,108.45,7176.55,Yes,1,65,7374.6,7374.6,Competitor offered higher download speeds
1,94965,Female,0,1,0,3,1,1,Fiber optic,0,1,0,0,0,1,Month-to-month,1,1,4,91.5,242.95,Yes,1,76,274.5,274.5,Competitor offered higher download speeds
1,94973,Male,0,1,0,12,1,0,Fiber optic,1,0,0,1,0,0,Month-to-month,0,1,3,80.85,866.45,Yes,1,87,970.1999999999999,970.1999999999999,Competitor offered more data
1,95003,Female,0,0,0,43,0,0,DSL,0,0,1,0,1,1,Month-to-month,1,1,3,49.05,2076.2,Yes,1,92,2109.15,2109.15,Competitor offered more data
1,95005,Male,1,1,0,68,1,1,Fiber optic,0,1,1,0,1,1,Month-to-month,1,0,6,105.3,7299.65,Yes,1,79,7160.4,7160.4,Competitor offered more data
1,95006,Male,1,0,0,25,1,1,Fiber optic,0,1,0,0,1,0,Month-to-month,1,0,4,88.95,2291.2,Yes,1,100,2223.75,2223.75,Competitor made better offer
1,95008,Male,1,1,0,66,1,1,Fiber optic,0,1,1,1,1,1,One year,1,0,7,110.85,7491.75,Yes,1,74,7316.099999999999,7316.099999999999,Competitor made better offer
1,95014,Female,0,1,0,70,1,1,Fiber optic,1,1,1,1,1,1,Two year,1,1,8,114.2,7723.9,Yes,1,73,7994.0,7994.0,Price too high
1,95017,Male,1,1,0,27,0,0,DSL,0,0,0,0,0,1,Month-to-month,0,1,1,36.5,1032,Yes,1,93,985.5,985.5,Product dissatisfaction
1,95018,Female,0,0,0,1,1,0,Fiber optic,0,0,0,0,0,0,Month-to-month,0,0,1,70.75,70.75,Yes,1,93,70.75,70.75,Service dissatisfaction
1,95023,Male,0,0,0,3,0,0,DSL,0,0,1,0,1,0,Month-to-month,1,0,2,40.15,130.75,Yes,1,75,120.44999999999999,120.44999999999999,Lack of self-service on Website
1,95037,Male,1,1,0,29,1,1,Fiber optic,0,0,0,0,1,1,Month-to-month,1,0,4,94.45,2653.65,Yes,1,71,2739.05,2739.05,Network reliability
1,95050,Female,0,1,0,36,1,1,Fiber optic,0,1,1,0,1,0,Month-to-month,1,1,5,97.35,3457.9,Yes,1,86,3504.6,3504.6,Limited range of services
1,95076,Male,0,0,0,1,0,0,DSL,0,0,0,0,1,1,Month-to-month,1,0,2,45.3,45.3,Yes,1,69,45.3,45.3,Lack of affordable download/upload speed
1,95111,Male,0,0,0,2,1,0,Fiber optic,0,0,1,0,1,1,Month-to-month,0,0,4,94.95,178.1,Yes,1,87,189.9,189.9,Long distance charges
1,95113,Female,0,0,1,12,1,0,DSL,0,0,0,0,0,0,Month-to-month,1,0,1,44.55,480.6,Yes,1,89,534.5999999999999,534.5999999999999,Extra data charges
1,95121,Male,0,1,0,1,0,0,DSL,0,0,0,0,0,0,Month-to-month,1,0,0,23.45,23.45,Yes,1,90,23.45,23.45,Price too high
1,95127,Male,0,0,0,1,0,0,DSL,1,0,0,0,0,0,Month-to-month,0,0,1,29.7,29.7,Yes,1,74,29.7,29.7,Product dissatisfaction
1,95129,Female,0,1,0,59,1,1,Fiber optic,0,1,0,0,1,1,Month-to-month,0,0,5,101.1,6039.9,Yes,1,87,5964.9,5964.9,Service dissatisfaction
1,95132,Female,0,0,0,3,1,1,DSL,0,0,0,0,0,0,Month-to-month,1,0,2,50.65,151.3,Yes,1,76,151.95,151.95,Lack of self-service on Website
1,95135,Female,0,0,0,1,1,0,DSL,0,0,0,0,0,1,Month-to-month,1,0,2,55.4,55.4,Yes,1,70,55.4,55.4,Network reliability
1,95136,Female,1,1,0,1,1,1,Fiber optic,0,1,0,0,1,0,Month-to-month,1,0,4,90.6,90.6,Yes,1,93,90.6,90.6,Don't know
1,95139,Male,1,1,0,2,1,1,Fiber optic,0,0,0,0,1,0,Month-to-month,1,0,3,86.85,156.35,Yes,1,78,173.7,173.7,Competitor had better devices
1,95209,Female,1,1,0,29,1,1,Fiber optic,0,0,1,0,1,1,Month-to-month,1,1,5,99.05,2952.85,Yes,1,82,2872.45,2872.45,Competitor offered higher download speeds
1,95220,Female,0,0,0,52,1,1,Fiber optic,1,1,0,1,1,1,One year,1,1,7,111.25,5916.45,Yes,1,90,5785.0,5785.0,Competitor offered more data
1,95222,Male,0,0,0,2,1,0,DSL,1,0,1,0,0,0,Month-to-month,1,0,3,55.1,113.35,Yes,1,70,110.2,110.2,Competitor made better offer
1,95250,Male,0,1,0,13,1,1,Fiber optic,0,0,1,0,1,1,Month-to-month,1,1,5,102.25,1359,Yes,1,66,1329.25,1329.25,Competitor had better devices
1,95251,Male,1,0,0,19,1,0,Fiber optic,0,0,1,0,1,1,Month-to-month,1,1,4,95.9,1777.9,Yes,1,68,1822.1000000000001,1822.1000000000001,Competitor had better devices
1,95258,Female,1,0,0,47,1,1,Fiber optic,0,1,0,1,1,0,Month-to-month,1,0,5,95.05,4504.55,Yes,1,65,4467.349999999999,4467.349999999999,Competitor offered higher download speeds
1,95310,Female,0,0,0,5,1,0,DSL,1,0,0,1,0,0,Month-to-month,0,1,3,53.85,259.8,Yes,1,74,269.25,269.25,Competitor offered higher download speeds
1,95315,Male,1,1,0,52,1,1,Fiber optic,1,0,1,0,1,1,Month-to-month,1,0,6,104.2,5568.35,Yes,1,68,5418.400000000001,5418.400000000001,Competitor offered higher download speeds
1,95316,Female,0,1,0,42,1,1,DSL,0,0,0,0,0,0,Month-to-month,1,0,2,50.25,2203.65,Yes,1,97,2110.5,2110.5,Competitor offered more data
1,95321,Female,0,0,0,25,1,0,Fiber optic,0,1,1,0,1,1,Month-to-month,1,0,5,99.5,2369.05,Yes,1,90,2487.5,2487.5,Competitor offered more data
1,95326,Female,0,0,0,9,1,0,Fiber optic,0,0,0,0,0,0,Month-to-month,0,0,1,71.0,672.55,Yes,1,81,639.0,639.0,Competitor offered more data
1,95327,Female,0,0,0,16,1,0,Fiber optic,0,1,1,0,0,1,Month-to-month,1,1,4,93.2,1573.7,Yes,1,75,1491.2,1491.2,Competitor made better offer
1,95330,Male,0,1,0,5,1,0,No,0,0,0,0,0,0,Month-to-month,0,0,1,19.35,126.05,Yes,1,97,96.75,96.75,Competitor made better offer
1,95334,Male,0,0,0,3,1,0,No,0,0,0,0,0,0,Month-to-month,0,0,1,19.85,64.55,Yes,1,93,59.550000000000004,59.550000000000004,Price too high
1,95350,Female,0,1,0,31,1,1,Fiber optic,0,0,1,1,1,1,Month-to-month,1,0,6,104.2,3243.45,Yes,1,68,3230.2000000000003,3230.2000000000003,Product dissatisfaction
1,95354,Male,0,0,0,1,1,0,Fiber optic,0,0,0,0,0,1,Month-to-month,1,0,2,79.25,79.25,Yes,1,83,79.25,79.25,Service dissatisfaction
1,95355,Female,0,0,0,1,1,0,DSL,0,0,0,0,0,0,Month-to-month,1,1,1,44.9,44.9,Yes,1,76,44.9,44.9,Lack of self-service on Website
1,95358,Male,0,1,0,10,1,0,Fiber optic,0,0,0,0,0,0,Month-to-month,1,0,1,70.1,659.65,Yes,1,92,701.0,701.0,Network reliability
1,95361,Male,0,0,0,4,0,0,DSL,0,0,1,0,0,0,Month-to-month,1,0,1,29.65,118.5,Yes,1,71,118.6,118.6,Limited range of services
1,95364,Male,0,0,0,43,1,1,Fiber optic,0,1,0,0,0,0,Month-to-month,1,0,3,77.85,3365.85,Yes,1,100,3347.5499999999997,3347.5499999999997,Lack of affordable download/upload speed
1,95365,Male,0,0,0,4,1,0,DSL,0,0,0,0,0,1,Month-to-month,0,0,2,54.3,195.3,Yes,1,87,217.2,217.2,Long distance charges
1,95367,Female,1,0,0,11,1,1,Fiber optic,0,0,0,0,1,1,Month-to-month,1,1,4,95.15,997.65,Yes,1,71,1046.65,1046.65,Extra data charges
1,95379,Male,0,1,0,47,1,1,Fiber optic,1,0,1,1,1,1,One year,1,1,7,110.85,5275.8,Yes,1,97,5209.95,5209.95,Price too high
1,95385,Male,0,0,0,1,1,0,Fiber optic,0,0,0,0,0,1,Month-to-month,0,0,2,80.5,80.5,Yes,1,85,80.5,80.5,Product dissatisfaction
1,95401,Male,0,0,0,4,1,1,Fiber optic,0,0,0,0,0,0,Month-to-month,1,1,2,72.2,305.55,Yes,1,89,288.8,288.8,Service dissatisfaction
1,95404,Male,0,0,0,17,1,0,DSL,0,0,0,1,0,0,Month-to-month,0,0,2,51.5,900.5,Yes,1,94,875.5,875.5,Lack of self-service on Website
1,95407,Male,1,0,0,43,1,0,Fiber optic,0,0,0,0,1,1,Month-to-month,1,0,3,89.55,3856.75,Yes,1,73,3850.65,3850.65,Network reliability
1,95412,Male,0,1,0,21,1,1,DSL,1,1,0,1,1,0,One year,0,0,6,77.5,1625,Yes,1,74,1627.5,1627.5,Don't know
1,95420,Male,0,1,0,42,1,1,Fiber optic,0,1,1,0,1,0,Month-to-month,1,1,5,95.25,3959.35,Yes,1,89,4000.5,4000.5,Attitude of service provider
1,95422,Male,1,0,0,46,1,0,Fiber optic,1,0,0,0,0,1,Month-to-month,0,0,3,85.0,3969.4,Yes,1,71,3910.0,3910.0,Attitude of support person
1,95427,Female,0,1,0,5,1,0,Fiber optic,0,0,0,1,1,0,Month-to-month,1,0,3,85.75,470.95,Yes,1,71,428.75,428.75,Attitude of support person
1,95431,Female,1,0,0,6,1,1,Fiber optic,0,1,0,0,1,1,Month-to-month,1,0,5,98.25,560.6,Yes,1,83,589.5,589.5,Attitude of support person
1,95439,Female,1,0,0,1,0,0,DSL,0,0,0,0,0,0,Month-to-month,1,0,0,25.7,25.7,Yes,1,83,25.7,25.7,Attitude of service provider
1,95444,Female,0,1,0,7,1,0,Fiber optic,0,0,0,0,0,0,Month-to-month,1,0,1,69.0,506.9,Yes,1,65,483.0,483.0,Attitude of service provider
1,95449,Male,0,0,0,2,1,0,DSL,0,0,0,0,0,0,Month-to-month,0,1,1,46.05,80.35,Yes,1,72,92.1,92.1,Attitude of service provider
1,95453,Female,1,1,0,1,1,0,Fiber optic,0,1,0,0,0,0,Month-to-month,1,0,2,76.4,76.4,Yes,1,89,76.4,76.4,Attitude of support person
1,95454,Female,0,0,0,5,1,1,Fiber optic,0,0,1,0,1,1,Month-to-month,1,0,5,100.5,514,Yes,1,85,502.5,502.5,Competitor made better offer
1,95458,Male,1,1,1,22,0,0,DSL,1,0,0,0,0,1,Month-to-month,0,0,2,40.05,880.2,Yes,1,75,881.0999999999999,881.0999999999999,Moved
1,95460,Male,0,0,0,1,1,0,Fiber optic,0,0,0,0,0,0,Month-to-month,0,0,1,69.95,69.95,Yes,1,79,69.95,69.95,Moved
1,95463,Male,0,0,0,1,1,1,Fiber optic,0,0,0,0,1,1,Month-to-month,1,0,4,93.3,93.3,Yes,1,65,93.3,93.3,Moved
1,95464,Male,0,0,0,3,1,0,DSL,0,0,1,0,0,0,Month-to-month,1,0,2,49.15,169.05,Yes,1,68,147.45,147.45,Competitor had better devices
1,95494,Female,0,0,0,1,0,0,DSL,0,0,0,0,0,1,Month-to-month,0,0,1,35.05,35.05,Yes,1,89,35.05,35.05,Competitor offered higher download speeds
1,95497,Female,1,0,0,1,1,0,Fiber optic,0,1,0,0,0,0,Month-to-month,1,0,2,73.0,73,Yes,1,76,73.0,73.0,Competitor offered more data
1,95526,Male,1,0,0,33,1,1,Fiber optic,0,1,1,0,0,0,Month-to-month,1,1,4,83.85,2716.3,Yes,1,79,2767.0499999999997,2767.0499999999997,Competitor made better offer
1,95527,Female,0,0,0,1,1,0,Fiber optic,0,0,0,0,0,0,Month-to-month,1,0,1,70.1,70.1,Yes,1,84,70.1,70.1,Competitor had better devices
1,95542,Female,1,0,0,2,1,0,Fiber optic,0,0,0,0,0,0,Month-to-month,1,0,1,70.65,142.35,Yes,1,74,141.3,141.3,Competitor had better devices
1,95547,Male,0,0,0,2,1,0,No,0,0,0,0,0,0,Month-to-month,0,0,1,20.35,33.2,Yes,1,65,40.7,40.7,Competitor offered higher download speeds
1,95553,Female,0,0,0,3,1,0,Fiber optic,1,0,1,0,1,1,Month-to-month,1,1,5,99.0,287.4,Yes,1,77,297.0,297.0,Competitor offered higher download speeds
1,95558,Male,0,0,0,26,1,1,Fiber optic,0,0,0,0,0,1,Month-to-month,1,0,3,83.95,2254.2,Yes,1,85,2182.7000000000003,2182.7000000000003,Competitor offered higher download speeds
1,95560,Male,0,0,0,67,1,1,Fiber optic,1,1,1,1,1,1,Two year,0,1,8,116.2,7752.3,Yes,1,82,7785.400000000001,7785.400000000001,Don't know
1,95562,Female,0,1,0,71,1,1,Fiber optic,0,0,0,0,1,1,Two year,1,1,4,93.7,6585.35,Yes,1,100,6652.7,6652.7,Competitor offered more data
1,95567,Male,0,0,0,1,1,0,No,0,0,0,0,0,0,Month-to-month,0,0,1,19.7,19.7,Yes,1,90,19.7,19.7,Competitor offered more data
1,95589,Female,0,0,0,5,1,1,Fiber optic,0,0,0,0,0,0,Month-to-month,0,0,2,75.55,413.65,Yes,1,79,377.75,377.75,Competitor made better offer
1,95601,Female,0,0,0,9,1,0,Fiber optic,0,0,0,0,1,0,Month-to-month,1,1,2,77.65,714.15,Yes,1,96,698.85,698.85,Competitor made better offer
1,95602,Female,1,0,0,26,1,1,Fiber optic,1,1,0,0,0,1,Month-to-month,1,0,5,95.0,2497.2,Yes,1,90,2470.0,2470.0,Price too high
1,95612,Male,0,0,0,54,1,0,Fiber optic,1,1,0,1,1,1,One year,1,1,6,105.4,5643.4,Yes,1,87,5691.6,5691.6,Product dissatisfaction
1,95614,Male,0,0,0,2,1,0,Fiber optic,0,0,1,0,1,1,Month-to-month,1,0,4,95.85,197.7,Yes,1,66,191.7,191.7,Service dissatisfaction
1,95619,Male,0,0,0,1,1,1,Fiber optic,0,1,0,0,0,0,Month-to-month,1,0,3,79.15,79.15,Yes,1,85,79.15,79.15,Lack of self-service on Website
1,95624,Female,0,1,0,30,1,0,No,0,0,0,0,0,0,Month-to-month,0,1,1,19.65,655.85,Yes,1,79,589.5,589.5,Network reliability
1,95625,Female,0,0,0,4,1,0,Fiber optic,0,0,0,0,1,0,Month-to-month,1,0,2,79.0,303.15,Yes,1,69,316.0,316.0,Limited range of services
1,95628,Female,0,1,0,17,1,0,Fiber optic,1,0,0,1,1,0,Month-to-month,0,0,4,91.85,1574.45,Yes,1,89,1561.4499999999998,1561.4499999999998,Lack of affordable download/upload speed
1,95636,Female,1,0,0,60,1,1,Fiber optic,0,0,1,1,1,1,One year,1,0,6,106.0,6441.4,Yes,1,78,6360.0,6360.0,Long distance charges
1,95642,Male,0,0,1,1,1,0,DSL,0,0,0,1,0,0,Month-to-month,1,0,2,49.9,49.9,Yes,1,72,49.9,49.9,Extra data charges
1,95646,Female,0,0,0,13,1,1,Fiber optic,1,0,0,0,1,1,Month-to-month,1,0,5,100.35,1358.85,Yes,1,69,1304.55,1304.55,Price too high
1,95651,Female,1,1,0,38,1,1,Fiber optic,0,0,0,0,0,0,Month-to-month,1,1,2,74.95,2869.85,Yes,1,82,2848.1,2848.1,Product dissatisfaction
1,95655,Male,1,1,1,1,1,0,DSL,0,0,0,1,0,0,Month-to-month,1,1,2,49.25,49.25,Yes,1,84,49.25,49.25,Service dissatisfaction
1,95662,Male,0,1,0,50,1,1,Fiber optic,0,1,0,1,1,1,Month-to-month,0,0,6,103.7,5071.05,Yes,1,82,5185.0,5185.0,Lack of self-service on Website
1,95668,Male,0,1,0,65,1,1,Fiber optic,1,1,1,0,0,0,One year,0,0,5,89.75,5769.6,Yes,1,72,5833.75,5833.75,Network reliability
1,95672,Female,0,0,0,1,1,0,No,0,0,0,0,0,0,Month-to-month,1,0,1,20.3,20.3,Yes,1,67,20.3,20.3,Don't know
1,95678,Male,1,1,0,7,1,1,Fiber optic,0,0,1,0,1,1,Month-to-month,1,0,5,101.95,700.85,Yes,1,74,713.65,713.65,Don't know
1,95683,Male,1,0,0,2,1,1,Fiber optic,0,0,0,0,1,1,Month-to-month,1,0,4,94.0,181.7,Yes,1,93,188.0,188.0,Don't know
1,95685,Female,0,0,0,45,1,1,Fiber optic,0,1,0,0,1,0,Month-to-month,1,1,4,89.3,4016.85,Yes,1,97,4018.5,4018.5,Poor expertise of online support
1,95690,Female,0,0,0,1,1,0,Fiber optic,0,1,0,0,0,0,Month-to-month,1,1,2,74.3,74.3,Yes,1,69,74.3,74.3,Poor expertise of phone support
1,95692,Male,0,0,0,1,0,0,DSL,0,1,0,1,0,1,Month-to-month,1,0,3,44.65,44.65,Yes,1,66,44.65,44.65,Competitor had better devices
1,95693,Male,0,1,0,13,1,0,Fiber optic,1,0,0,0,0,1,Month-to-month,0,0,3,84.05,1095.3,Yes,1,77,1092.6499999999999,1092.6499999999999,Competitor offered higher download speeds
1,95694,Male,0,0,0,10,1,1,Fiber optic,0,1,0,0,0,0,Month-to-month,1,1,3,80.7,788.8,Yes,1,77,807.0,807.0,Competitor offered more data
1,95714,Male,0,0,0,4,1,1,Fiber optic,0,1,0,0,1,1,Month-to-month,1,0,5,101.7,364.55,Yes,1,91,406.8,406.8,Competitor made better offer
1,95720,Female,0,0,0,1,1,0,No,0,0,0,0,0,0,Month-to-month,0,0,1,20.4,20.4,Yes,1,92,20.4,20.4,Don't know
1,95742,Male,0,1,0,41,1,1,Fiber optic,0,0,1,1,1,1,One year,1,0,6,102.6,4213.35,Yes,1,84,4206.599999999999,4206.599999999999,Competitor had better devices
1,95758,Male,0,1,0,71,1,1,Fiber optic,0,1,1,0,1,1,Two year,1,1,6,106.0,7723.7,Yes,1,81,7526.0,7526.0,Competitor offered higher download speeds
1,95776,Female,0,0,1,3,1,0,DSL,1,0,0,1,0,0,Month-to-month,1,0,3,55.1,154.65,Yes,1,97,165.3,165.3,Competitor offered higher download speeds
1,95820,Male,0,0,0,69,1,1,Fiber optic,0,0,1,1,1,1,Two year,1,1,6,106.5,7348.8,Yes,1,81,7348.5,7348.5,Competitor offered higher download speeds
1,95825,Female,0,1,0,32,1,1,Fiber optic,0,0,1,0,0,1,Month-to-month,1,1,4,91.05,2954.5,Yes,1,80,2913.6,2913.6,Competitor offered more data
1,95829,Female,1,1,0,51,1,1,Fiber optic,1,0,0,0,0,0,Month-to-month,1,0,3,77.5,3807.35,Yes,1,96,3952.5,3952.5,Competitor offered more data
1,95837,Female,0,1,0,72,0,0,DSL,0,1,1,0,1,1,Two year,1,0,4,54.2,3937.45,Yes,1,66,3902.4,3902.4,Competitor offered more data
1,95843,Female,0,0,0,6,1,0,Fiber optic,0,0,0,0,0,0,Month-to-month,1,0,1,69.25,418.4,Yes,1,77,415.5,415.5,Competitor made better offer
1,95914,Male,0,0,0,1,1,0,DSL,0,0,1,0,0,0,Month-to-month,1,0,2,50.5,50.5,Yes,1,83,50.5,50.5,Competitor made better offer
1,95919,Male,1,0,0,1,1,1,Fiber optic,0,0,0,0,0,0,Month-to-month,1,0,2,74.4,74.4,Yes,1,89,74.4,74.4,Price too high
1,95928,Male,0,0,0,31,1,1,DSL,0,1,0,1,1,1,One year,1,0,6,79.45,2587.7,Yes,1,67,2462.9500000000003,2462.9500000000003,Product dissatisfaction
1,95935,Male,0,0,0,58,1,1,Fiber optic,0,0,1,1,1,1,One year,1,0,6,104.65,6219.6,Yes,1,66,6069.700000000001,6069.700000000001,Service dissatisfaction
1,95941,Male,1,1,0,47,1,1,Fiber optic,0,0,1,0,1,1,Month-to-month,1,0,5,100.05,4871.05,Yes,1,91,4702.349999999999,4702.349999999999,Lack of self-service on Website
1,95948,Male,0,0,0,44,1,0,Fiber optic,0,1,0,1,1,1,Month-to-month,0,0,5,100.55,4398.15,Yes,1,81,4424.2,4424.2,Network reliability
1,95950,Male,0,0,0,2,1,0,Fiber optic,0,1,0,0,1,1,Month-to-month,0,0,4,95.65,167.3,Yes,1,82,191.3,191.3,Limited range of services
1,95963,Female,0,0,0,1,1,0,Fiber optic,0,0,1,0,1,1,Month-to-month,0,0,4,94.4,94.4,Yes,1,77,94.4,94.4,Lack of affordable download/upload speed
1,95971,Female,0,0,0,1,1,0,DSL,0,0,0,0,1,0,Month-to-month,1,1,2,55.0,55,Yes,1,98,55.0,55.0,Long distance charges
1,95975,Male,0,0,0,1,1,1,Fiber optic,0,0,1,0,1,1,Month-to-month,1,0,5,101.45,101.45,Yes,1,77,101.45,101.45,Extra data charges
1,95981,Female,0,1,0,5,1,1,DSL,0,0,1,1,1,0,Month-to-month,0,1,5,67.95,350.3,Yes,1,69,339.75,339.75,Price too high
1,95983,Female,0,0,0,1,1,0,Fiber optic,0,0,0,0,0,0,Month-to-month,1,0,1,69.5,69.5,Yes,1,91,69.5,69.5,Product dissatisfaction
1,95984,Male,0,0,0,1,1,0,No,0,0,0,0,0,0,Month-to-month,1,0,1,18.85,18.85,Yes,1,90,18.85,18.85,Service dissatisfaction
1,95987,Female,0,0,0,1,1,0,Fiber optic,0,0,0,0,0,0,Month-to-month,1,0,1,69.2,69.2,Yes,1,82,69.2,69.2,Lack of self-service on Website
1,96001,Male,0,0,0,1,1,0,Fiber optic,0,0,0,0,0,0,Month-to-month,1,0,1,69.65,69.65,Yes,1,67,69.65,69.65,Network reliability
1,96002,Male,1,1,0,40,1,1,Fiber optic,1,0,0,0,1,1,Month-to-month,0,0,5,101.85,4086.3,Yes,1,84,4074.0,4074.0,Don't know
1,96006,Female,0,0,0,1,1,0,Fiber optic,0,1,1,0,0,0,Month-to-month,1,0,3,82.3,82.3,Yes,1,71,82.3,82.3,Competitor had better devices
1,96013,Male,0,0,0,3,1,0,Fiber optic,0,0,0,0,1,0,Month-to-month,0,0,2,79.25,267.6,Yes,1,89,237.75,237.75,Competitor offered higher download speeds
1,96015,Female,0,0,0,13,1,1,Fiber optic,0,0,0,0,0,1,Month-to-month,1,0,3,84.6,1115.2,Yes,1,77,1099.8,1099.8,Competitor offered more data
1,96016,Female,0,1,0,58,1,1,Fiber optic,1,1,0,0,0,1,Month-to-month,1,1,5,93.4,5435.6,Yes,1,73,5417.200000000001,5417.200000000001,Don't know
1,96017,Female,0,1,0,42,1,1,Fiber optic,0,0,0,0,1,1,Month-to-month,1,0,4,94.2,4186.3,Yes,1,95,3956.4,3956.4,Competitor had better devices
1,96019,Male,1,1,0,1,0,0,DSL,0,0,0,0,0,0,Month-to-month,0,0,0,25.05,25.05,Yes,1,95,25.05,25.05,Competitor had better devices
1,96025,Female,0,0,0,29,0,0,DSL,0,0,0,0,0,0,Month-to-month,1,1,0,25.1,712.85,Yes,1,81,727.9000000000001,727.9000000000001,Competitor offered higher download speeds
1,96027,Male,0,0,1,1,1,0,DSL,0,0,1,0,0,0,Month-to-month,0,0,2,48.95,48.95,Yes,1,65,48.95,48.95,Competitor offered higher download speeds
1,96029,Male,0,0,0,1,1,0,DSL,0,0,0,0,0,0,Month-to-month,0,0,1,45.3,45.3,Yes,1,78,45.3,45.3,Competitor offered higher download speeds
1,96032,Male,0,0,0,2,1,0,Fiber optic,0,0,1,0,0,1,Month-to-month,1,0,3,85.85,167.3,Yes,1,67,171.7,171.7,Competitor offered more data
1,96037,Male,0,0,0,10,1,1,Fiber optic,0,0,0,0,1,1,Month-to-month,0,0,4,95.2,930.4,Yes,1,69,952.0,952.0,Competitor offered more data
1,96039,Male,0,0,0,49,1,1,Fiber optic,0,0,0,1,1,1,One year,1,1,5,100.6,5069.65,Yes,1,82,4929.4,4929.4,Competitor offered more data
1,96040,Male,0,1,1,6,1,0,DSL,0,1,1,0,0,0,Month-to-month,1,0,3,55.3,324.25,Yes,1,99,331.79999999999995,331.79999999999995,Competitor made better offer
1,96044,Male,1,0,0,2,1,1,Fiber optic,0,0,0,0,0,0,Month-to-month,1,0,2,74.85,156.4,Yes,1,84,149.7,149.7,Competitor made better offer
1,96052,Male,0,0,0,35,1,0,Fiber optic,0,1,1,0,1,1,One year,1,1,5,102.35,3626.1,Yes,1,80,3582.25,3582.25,Price too high
1,96055,Male,0,1,0,70,1,1,Fiber optic,1,1,1,1,1,1,One year,0,1,8,115.65,7968.85,Yes,1,99,8095.5,8095.5,Product dissatisfaction
1,96056,Male,0,0,0,2,1,0,Fiber optic,0,0,1,1,0,0,Month-to-month,1,0,3,79.85,152.45,Yes,1,91,159.7,159.7,Service dissatisfaction
1,96061,Male,0,0,0,15,1,1,Fiber optic,0,0,0,0,0,0,Month-to-month,1,0,2,76.0,1130.85,Yes,1,74,1140.0,1140.0,Lack of self-service on Website
1,96063,Female,1,0,0,42,1,1,Fiber optic,0,1,1,0,1,1,Month-to-month,1,1,6,104.75,4323.45,Yes,1,79,4399.5,4399.5,Network reliability
1,96064,Female,0,0,0,9,1,0,DSL,1,1,0,0,1,1,Month-to-month,1,0,5,74.65,703.55,Yes,1,90,671.85,671.85,Limited range of services
1,96069,Female,0,0,0,1,1,0,DSL,0,0,0,0,0,1,Month-to-month,1,0,2,56.25,56.25,Yes,1,71,56.25,56.25,Lack of affordable download/upload speed
1,96071,Male,0,1,0,21,1,1,Fiber optic,0,0,1,1,1,1,Month-to-month,1,0,6,106.1,2249.95,Yes,1,69,2228.1,2228.1,Long distance charges
1,96074,Female,1,0,0,2,1,0,Fiber optic,0,0,0,0,0,1,Month-to-month,1,1,2,79.75,159.4,Yes,1,77,159.5,159.5,Extra data charges
1,96076,Female,0,0,0,1,1,0,Fiber optic,0,0,0,0,0,0,Month-to-month,0,0,1,68.65,68.65,Yes,1,99,68.65,68.65,Price too high
1,96086,Male,0,0,0,16,1,0,No,0,0,0,0,0,0,Month-to-month,0,1,1,20.25,327.45,Yes,1,83,324.0,324.0,Product dissatisfaction
1,96091,Female,1,1,0,14,1,1,Fiber optic,0,1,0,0,1,1,Month-to-month,1,0,5,100.2,1369.8,Yes,1,97,1402.8,1402.8,Service dissatisfaction
1,96092,Male,0,1,0,15,1,1,Fiber optic,0,0,0,0,0,0,Month-to-month,1,1,2,74.9,1107.25,Yes,1,97,1123.5,1123.5,Lack of self-service on Website
1,96125,Female,0,0,0,1,1,0,Fiber optic,0,0,0,0,0,0,Month-to-month,1,0,1,70.85,70.85,Yes,1,72,70.85,70.85,Network reliability
1,96126,Male,0,0,0,2,1,0,Fiber optic,0,0,0,0,0,0,Month-to-month,1,1,1,69.8,134.7,Yes,1,74,139.6,139.6,Don't know
1,96130,Male,0,1,0,55,0,0,DSL,0,0,1,1,1,1,Month-to-month,1,1,4,54.55,2978.3,Yes,1,69,3000.25,3000.25,Attitude of service provider
1,96136,Female,0,0,0,7,1,0,DSL,0,0,0,1,1,1,Month-to-month,1,1,4,70.75,450.8,Yes,1,84,495.25,495.25,Attitude of support person
1,96140,Female,0,1,0,13,1,1,Fiber optic,0,1,1,0,1,0,Month-to-month,0,0,5,94.1,1215.6,Yes,1,75,1223.3,1223.3,Don't know
1,96141,Female,0,1,1,3,0,0,DSL,1,0,0,0,0,0,Month-to-month,0,1,1,29.7,91.7,Yes,1,84,89.1,89.1,Attitude of support person
1,96148,Male,1,0,0,66,1,1,Fiber optic,0,1,1,1,1,1,One year,0,1,7,110.9,7432.05,Yes,1,93,7319.400000000001,7319.400000000001,Attitude of service provider
1,96150,Female,0,1,0,38,1,1,Fiber optic,0,0,1,1,1,1,Month-to-month,1,0,6,105.0,4026.4,Yes,1,92,3990.0,3990.0,Attitude of service provider
1,96161,Male,0,0,1,1,0,0,DSL,0,0,0,0,0,0,Month-to-month,1,0,0,25.3,25.3,Yes,1,99,25.3,25.3,Attitude of service provider
1,90001,Male,0,0,0,22,1,0,DSL,0,1,0,1,0,0,One year,1,1,3,55.15,1193.05,Yes,1,84,1213.3,1213.3,Attitude of support person
1,90002,Male,0,0,0,1,1,0,No,0,0,0,0,0,0,Month-to-month,1,0,1,20.1,20.1,Yes,1,70,20.1,20.1,Competitor made better offer
1,90005,Male,0,1,0,1,1,0,Fiber optic,0,0,0,0,0,0,Month-to-month,1,0,1,69.9,69.9,Yes,1,84,69.9,69.9,Moved
1,90010,Male,0,0,0,43,1,1,Fiber optic,0,1,0,0,1,1,Month-to-month,1,0,5,101.4,4528,Yes,1,79,4360.2,4360.2,Moved
1,90014,Male,0,0,0,1,1,0,Fiber optic,0,0,0,0,0,1,Month-to-month,1,0,2,80.8,80.8,Yes,1,82,80.8,80.8,Moved
1,90016,Male,0,0,0,2,1,1,DSL,0,0,0,0,0,1,Month-to-month,0,1,3,62.05,118.3,Yes,1,96,124.1,124.1,Competitor had better devices
1,90017,Male,1,0,0,1,1,1,Fiber optic,0,0,0,0,0,0,Month-to-month,1,0,2,76.45,76.45,Yes,1,95,76.45,76.45,Competitor offered higher download speeds
1,90019,Female,1,0,0,12,1,1,Fiber optic,0,1,0,0,1,0,Month-to-month,1,0,4,91.3,1094.5,Yes,1,94,1095.6,1095.6,Competitor offered more data
1,90020,Male,1,1,0,6,1,0,Fiber optic,0,0,1,0,1,1,Month-to-month,1,0,4,95.75,573.75,Yes,1,89,574.5,574.5,Competitor made better offer
1,90026,Female,0,1,0,34,1,1,DSL,1,1,0,1,0,0,Month-to-month,0,0,5,62.65,2274.9,Yes,1,91,2130.1,2130.1,Competitor had better devices
1,90027,Female,0,0,0,1,1,1,Fiber optic,0,0,0,0,0,0,Month-to-month,1,0,2,74.5,74.5,Yes,1,69,74.5,74.5,Competitor had better devices
1,90028,Female,0,1,0,10,1,1,Fiber optic,0,1,1,0,1,1,Month-to-month,1,1,6,102.1,1068.85,Yes,1,78,1021.0,1021.0,Competitor offered higher download speeds
1,90036,Female,0,0,0,16,1,0,DSL,1,0,0,0,0,0,Month-to-month,1,0,2,50.15,762.25,Yes,1,69,802.4,802.4,Competitor offered higher download speeds
1,90049,Female,0,1,0,7,1,1,Fiber optic,0,0,0,0,1,0,Month-to-month,1,0,3,86.5,582.5,Yes,1,74,605.5,605.5,Competitor offered higher download speeds
1,90059,Male,1,0,0,27,1,1,Fiber optic,0,1,0,0,0,0,Month-to-month,1,0,3,81.45,2122.05,Yes,1,83,2199.15,2199.15,Competitor offered more data
1,90062,Male,0,1,0,1,1,0,Fiber optic,0,0,0,0,0,0,Month-to-month,1,0,1,69.15,69.15,Yes,1,87,69.15,69.15,Competitor offered more data
1,90069,Female,0,0,0,9,1,0,Fiber optic,0,0,0,0,0,1,Month-to-month,1,0,2,79.55,723.4,Yes,1,81,715.9499999999999,715.9499999999999,Competitor offered more data
1,90241,Female,0,0,0,48,1,0,Fiber optic,0,1,1,1,1,0,Two year,1,0,5,95.5,4627.85,Yes,1,97,4584.0,4584.0,Competitor made better offer
1,90242,Male,1,0,0,3,1,1,Fiber optic,0,0,1,0,1,0,Month-to-month,0,0,4,91.05,289.1,Yes,1,99,273.15,273.15,Competitor made better offer
1,90254,Female,1,1,0,2,1,1,Fiber optic,0,0,1,0,0,0,Month-to-month,0,0,3,79.2,172.85,Yes,1,67,158.4,158.4,Price too high
1,90292,Female,0,0,0,2,0,0,DSL,0,0,0,0,1,1,Month-to-month,1,0,2,45.25,85.5,Yes,1,74,90.5,90.5,Product dissatisfaction
1,90304,Female,1,0,0,14,1,1,Fiber optic,0,0,0,0,0,0,Month-to-month,1,0,2,74.3,1096.25,Yes,1,71,1040.2,1040.2,Service dissatisfaction
1,90502,Female,0,1,0,3,1,1,Fiber optic,0,0,0,0,0,0,Month-to-month,1,1,2,74.1,228,Yes,1,69,222.29999999999998,222.29999999999998,Lack of self-service on Website
1,90503,Male,1,1,0,57,1,1,Fiber optic,0,0,1,0,1,1,Month-to-month,0,0,5,100.6,5746.15,Yes,1,74,5734.2,5734.2,Network reliability
1,90504,Male,0,0,0,3,1,1,Fiber optic,0,0,0,0,0,0,Month-to-month,0,0,2,75.0,209.1,Yes,1,88,225.0,225.0,Limited range of services
1,90605,Female,1,0,0,64,1,0,DSL,1,1,0,1,1,0,Two year,1,1,5,70.2,4481,Yes,1,89,4492.8,4492.8,Lack of affordable download/upload speed
1,90620,Female,1,0,0,2,1,0,Fiber optic,0,0,0,0,0,0,Month-to-month,0,0,1,70.75,154.85,Yes,1,96,141.5,141.5,Long distance charges
1,90660,Male,0,0,0,12,1,0,DSL,0,0,0,1,0,0,Month-to-month,0,1,2,50.25,593.75,Yes,1,67,603.0,603.0,Extra data charges
1,90706,Female,1,0,0,40,1,0,Fiber optic,1,1,0,0,0,0,Month-to-month,1,1,3,79.2,3233.85,Yes,1,94,3168.0,3168.0,Price too high
1,90710,Female,0,0,0,12,1,0,Fiber optic,0,0,1,0,1,1,Month-to-month,1,0,4,96.0,1062.1,Yes,1,89,1152.0,1152.0,Product dissatisfaction
1,90716,Female,0,0,0,54,1,1,Fiber optic,0,0,0,1,1,1,Month-to-month,1,0,5,100.1,5440.9,Yes,1,75,5405.4,5405.4,Service dissatisfaction
1,90717,Female,0,1,1,4,1,0,DSL,0,1,0,1,0,0,Month-to-month,0,0,3,56.5,235.1,Yes,1,99,226.0,226.0,Lack of self-service on Website
1,90723,Female,1,0,0,1,1,0,Fiber optic,0,0,1,0,0,1,Month-to-month,1,0,3,85.0,85,Yes,1,93,85.0,85.0,Network reliability
1,90802,Male,0,1,0,51,0,0,DSL,1,1,1,0,1,1,One year,0,0,5,59.3,3014.65,Yes,1,95,3024.2999999999997,3024.2999999999997,Don't know
1,90805,Male,0,0,1,4,1,0,DSL,1,0,0,0,0,0,Month-to-month,1,0,2,49.4,184.4,Yes,1,84,197.6,197.6,Don't know
1,90807,Male,0,0,0,35,1,0,DSL,0,0,0,0,1,0,Month-to-month,0,0,2,55.0,2010.55,Yes,1,100,1925.0,1925.0,Don't know
1,90810,Female,0,0,0,1,1,0,Fiber optic,0,0,0,0,0,0,Month-to-month,1,0,1,69.2,69.2,Yes,1,81,69.2,69.2,Poor expertise of online support
1,91010,Male,0,0,0,38,1,0,DSL,0,0,1,1,0,1,One year,1,0,4,62.3,2354.8,Yes,1,83,2367.4,2367.4,Poor expertise of phone support
1,91011,Male,1,1,0,37,1,1,Fiber optic,0,0,0,0,1,1,Month-to-month,1,0,4,92.5,3473.4,Yes,1,95,3422.5,3422.5,Competitor had better devices
1,91103,Male,0,0,0,3,1,0,Fiber optic,0,0,0,0,0,0,Month-to-month,0,0,1,69.65,220.1,Yes,1,84,208.95000000000002,208.95000000000002,Competitor offered higher download speeds
1,91107,Male,0,0,0,61,1,1,Fiber optic,1,0,1,1,1,1,Two year,1,1,7,111.6,6876.05,Yes,1,87,6807.599999999999,6807.599999999999,Competitor offered more data
1,91108,Female,0,0,0,11,1,0,DSL,1,0,0,0,0,0,Month-to-month,0,1,2,48.55,501,Yes,1,92,534.05,534.05,Competitor made better offer
1,91203,Female,0,0,0,1,1,0,No,0,0,0,0,0,0,Month-to-month,1,0,1,20.2,20.2,Yes,1,69,20.2,20.2,Competitor had better devices
1,91205,Male,0,0,0,19,0,0,DSL,0,0,1,0,1,0,Month-to-month,1,0,2,39.65,733.35,Yes,1,78,753.35,753.35,Competitor had better devices
1,91206,Male,0,0,0,56,1,1,No,0,0,0,0,0,0,One year,0,0,2,24.9,1334,Yes,1,92,1394.3999999999999,1394.3999999999999,Competitor offered higher download speeds
1,91301,Male,0,1,1,2,1,1,DSL,1,0,0,0,0,0,Month-to-month,0,0,3,56.7,113.55,Yes,1,77,113.4,113.4,Competitor offered higher download speeds
1,91306,Female,0,1,0,14,1,0,Fiber optic,1,1,0,1,1,1,One year,0,0,6,105.95,1348.9,Yes,1,84,1483.3,1483.3,Competitor offered higher download speeds
1,91331,Male,1,1,0,4,1,1,Fiber optic,0,0,0,0,0,0,Month-to-month,0,0,2,74.95,308.7,Yes,1,69,299.8,299.8,Competitor offered more data
1,91335,Male,0,0,0,15,0,0,DSL,0,0,0,1,0,0,Month-to-month,1,0,1,29.7,438.25,Yes,1,82,445.5,445.5,Competitor offered more data
1,91340,Male,0,1,0,1,0,0,DSL,0,0,1,0,1,1,Month-to-month,1,0,3,50.35,50.35,Yes,1,65,50.35,50.35,Competitor offered more data
1,91343,Female,0,1,0,64,0,0,DSL,1,0,1,1,0,1,Two year,0,0,4,47.85,3147.5,Yes,1,66,3062.4,3062.4,Competitor made better offer
1,91350,Male,0,0,0,1,1,0,Fiber optic,0,0,0,0,0,0,Month-to-month,1,0,1,70.3,70.3,Yes,1,78,70.3,70.3,Don't know
1,91354,Male,1,0,0,55,1,1,Fiber optic,1,0,0,0,1,1,Month-to-month,1,0,5,98.8,5617.75,Yes,1,69,5434.0,5434.0,Price too high
1,91356,Female,0,0,0,18,1,1,Fiber optic,0,0,0,1,1,1,Month-to-month,1,1,5,99.85,1776.95,Yes,1,100,1797.3,1797.3,Product dissatisfaction
1,91360,Male,1,1,0,32,1,0,Fiber optic,0,0,0,0,0,1,Month-to-month,1,1,2,80.3,2483.05,Yes,1,94,2569.6,2569.6,Service dissatisfaction
1,91362,Female,1,0,0,66,1,1,Fiber optic,0,1,0,0,0,0,Month-to-month,1,1,3,80.45,5224.35,Yes,1,79,5309.7,5309.7,Lack of self-service on Website
1,91402,Male,0,0,0,7,1,1,Fiber optic,0,0,0,0,0,1,Month-to-month,1,0,3,86.8,620.35,Yes,1,66,607.6,607.6,Network reliability
1,91423,Male,1,1,0,6,1,0,Fiber optic,0,1,0,0,0,1,Month-to-month,1,0,3,84.2,519.15,Yes,1,72,505.20000000000005,505.20000000000005,Limited range of services
1,91501,Male,0,0,0,13,1,1,Fiber optic,0,0,0,1,1,1,Month-to-month,1,0,5,99.0,1301.7,Yes,1,81,1287.0,1287.0,Lack of affordable download/upload speed
1,91502,Female,0,0,0,11,1,1,Fiber optic,0,0,1,0,1,1,Month-to-month,1,0,5,100.75,1129.75,Yes,1,65,1108.25,1108.25,Long distance charges
1,91601,Female,0,1,0,9,1,1,Fiber optic,1,1,1,0,0,0,Month-to-month,0,1,5,91.75,865.8,Yes,1,91,825.75,825.75,Extra data charges
1,91605,Female,0,0,0,1,1,1,Fiber optic,0,0,1,0,0,0,Month-to-month,1,0,3,79.55,79.55,Yes,1,93,79.55,79.55,Price too high
1,91710,Female,0,0,0,54,1,1,Fiber optic,0,1,1,1,1,1,Month-to-month,0,0,7,111.1,6014.85,Yes,1,93,5999.4,5999.4,Product dissatisfaction
1,91730,Female,0,1,0,25,1,1,Fiber optic,0,0,1,0,0,1,Month-to-month,1,0,4,89.1,2368.4,Yes,1,96,2227.5,2227.5,Service dissatisfaction
1,91732,Female,0,0,0,37,1,1,Fiber optic,0,1,1,0,1,1,Month-to-month,1,1,6,101.9,3545.35,Yes,1,83,3770.3,3770.3,Lack of self-service on Website
1,91733,Female,0,1,1,14,1,1,Fiber optic,0,0,0,1,1,0,Month-to-month,1,0,4,91.65,1301,Yes,1,65,1283.1000000000001,1283.1000000000001,Network reliability
1,91737,Female,1,0,0,4,1,1,Fiber optic,0,0,1,0,0,1,Month-to-month,1,0,4,88.85,372.45,Yes,1,74,355.4,355.4,Don't know
1,91740,Female,1,0,0,3,0,0,DSL,0,0,0,0,0,0,Month-to-month,0,0,0,25.3,77.75,Yes,1,74,75.9,75.9,Attitude of support person
1,91744,Male,0,0,0,1,1,1,Fiber optic,0,0,0,0,1,1,Month-to-month,1,0,4,95.45,95.45,Yes,1,71,95.45,95.45,Attitude of support person
1,91746,Male,0,0,0,13,1,0,Fiber optic,0,0,0,0,1,1,Month-to-month,1,0,3,91.1,1135.7,Yes,1,78,1184.3,1184.3,Attitude of support person
1,91748,Female,0,1,0,45,1,0,DSL,0,1,0,1,0,0,One year,1,1,3,54.15,2319.8,Yes,1,92,2436.75,2436.75,Attitude of service provider
1,91763,Female,0,0,0,1,1,0,Fiber optic,0,0,0,0,0,0,Month-to-month,0,1,1,69.7,69.7,Yes,1,98,69.7,69.7,Attitude of service provider
1,91764,Female,0,0,0,6,1,0,Fiber optic,0,0,0,0,1,1,Month-to-month,1,0,3,89.5,573.3,Yes,1,82,537.0,537.0,Attitude of service provider
1,91773,Male,0,1,0,3,0,0,DSL,0,0,0,0,0,1,Month-to-month,1,0,1,35.15,99.75,Yes,1,83,105.44999999999999,105.44999999999999,Attitude of support person
1,91775,Male,0,0,1,12,1,1,Fiber optic,0,0,0,0,0,0,Month-to-month,1,1,2,73.75,871.4,Yes,1,78,885.0,885.0,Attitude of support person
1,91776,Female,1,0,0,8,1,1,Fiber optic,0,0,1,0,1,1,Month-to-month,0,0,5,101.35,780.5,Yes,1,68,810.8,810.8,Attitude of support person
1,91792,Female,0,1,1,6,1,0,DSL,1,1,0,0,0,0,Month-to-month,0,1,3,55.9,365.35,Yes,1,87,335.4,335.4,Attitude of service provider
1,91801,Male,1,1,0,3,1,1,Fiber optic,0,1,1,0,1,1,Month-to-month,1,0,6,105.9,334.65,Yes,1,71,317.70000000000005,317.70000000000005,Attitude of service provider
1,91901,Female,0,0,0,1,1,0,DSL,0,0,0,0,0,0,Month-to-month,0,0,1,43.95,43.95,Yes,1,76,43.95,43.95,Attitude of service provider
1,91906,Male,0,0,0,1,1,0,DSL,0,0,0,0,0,0,Month-to-month,1,1,1,45.1,45.1,Yes,1,77,45.1,45.1,Don't know
1,91931,Female,0,0,0,41,1,0,Fiber optic,0,0,0,0,0,0,Month-to-month,0,1,1,70.25,2868.05,Yes,1,69,2880.25,2880.25,Attitude of support person
1,91932,Male,0,0,1,9,1,0,DSL,0,0,0,0,1,0,Month-to-month,0,0,2,55.35,449.75,Yes,1,70,498.15000000000003,498.15000000000003,Attitude of support person
1,91948,Male,1,1,0,43,1,1,Fiber optic,0,1,1,0,1,1,Month-to-month,1,0,6,103.0,4414.3,Yes,1,99,4429.0,4429.0,Attitude of service provider
1,91977,Female,0,1,0,33,1,0,Fiber optic,1,0,1,1,1,1,One year,1,0,6,103.75,3361.05,Yes,1,81,3423.75,3423.75,Attitude of service provider
1,92008,Male,0,0,0,1,1,0,Fiber optic,0,0,0,0,0,0,Month-to-month,1,0,1,69.35,69.35,Yes,1,88,69.35,69.35,Attitude of service provider
1,92014,Female,0,0,0,56,1,0,Fiber optic,0,1,0,0,0,0,Month-to-month,1,0,2,73.85,4092.85,Yes,1,72,4135.599999999999,4135.599999999999,Attitude of support person
1,92024,Female,0,1,0,3,1,1,Fiber optic,0,0,0,0,0,0,Month-to-month,1,1,2,75.15,216.75,Yes,1,78,225.45000000000002,225.45000000000002,Attitude of support person
1,92027,Male,0,0,0,1,1,0,Fiber optic,0,0,0,0,0,0,Month-to-month,1,0,1,69.6,69.6,Yes,1,87,69.6,69.6,Attitude of support person
1,92036,Male,0,1,1,5,1,1,Fiber optic,0,1,0,0,0,0,Month-to-month,1,0,3,80.15,385,Yes,1,84,400.75,400.75,Attitude of service provider
1,92060,Female,0,1,1,1,0,0,DSL,1,0,0,0,0,0,Month-to-month,0,1,1,30.5,30.5,Yes,1,74,30.5,30.5,Attitude of service provider
1,92064,Male,0,1,0,70,1,1,Fiber optic,0,1,0,0,1,1,Two year,0,1,5,98.3,6859.5,Yes,1,98,6881.0,6881.0,Attitude of service provider
1,92075,Female,0,0,0,48,1,1,Fiber optic,0,1,1,0,1,1,Month-to-month,1,1,6,107.4,5121.3,Yes,1,89,5155.200000000001,5155.200000000001,Attitude of support person
1,92078,Female,1,0,0,13,1,1,Fiber optic,0,0,0,0,0,1,Month-to-month,1,0,3,82.0,1127.2,Yes,1,99,1066.0,1066.0,Attitude of support person
1,92103,Female,0,1,0,24,1,1,Fiber optic,0,0,0,0,0,0,Month-to-month,1,1,2,75.4,1747.85,Yes,1,74,1809.6000000000001,1809.6000000000001,Attitude of support person
1,92104,Female,1,1,0,27,1,0,Fiber optic,1,0,1,0,1,1,Month-to-month,1,0,5,101.25,2754.45,Yes,1,77,2733.75,2733.75,Attitude of service provider
1,92109,Male,1,0,0,25,1,1,Fiber optic,0,1,0,0,1,0,Month-to-month,1,0,4,89.5,2196.15,Yes,1,90,2237.5,2237.5,Attitude of service provider
1,92110,Female,1,0,0,22,1,1,Fiber optic,0,0,0,0,0,0,Month-to-month,1,1,2,74.4,1692.6,Yes,1,81,1636.8000000000002,1636.8000000000002,Attitude of service provider
1,92111,Male,0,0,0,1,1,0,No,0,0,0,0,0,0,Month-to-month,0,0,1,20.5,20.5,Yes,1,84,20.5,20.5,Attitude of support person
1,92113,Male,0,0,0,4,1,1,Fiber optic,0,0,0,0,0,0,Month-to-month,1,0,2,74.35,265.35,Yes,1,73,297.4,297.4,Attitude of support person
1,92114,Female,1,1,0,18,1,1,Fiber optic,0,0,0,1,1,1,Month-to-month,0,1,5,99.75,1836.25,Yes,1,68,1795.5,1795.5,Attitude of support person
1,92115,Female,1,0,0,56,1,1,Fiber optic,0,1,1,1,1,1,One year,1,0,7,111.95,6418.9,Yes,1,91,6269.2,6269.2,Attitude of service provider
1,92123,Male,1,0,0,16,0,0,DSL,0,1,0,0,1,0,Month-to-month,1,0,2,39.0,679.85,Yes,1,92,624.0,624.0,Attitude of service provider
1,92130,Female,0,1,0,30,1,1,Fiber optic,0,1,0,1,1,0,Month-to-month,1,1,5,94.1,2804.45,Yes,1,94,2823.0,2823.0,Attitude of service provider
1,92201,Female,0,0,0,8,1,1,Fiber optic,0,0,0,0,1,1,Month-to-month,0,1,4,95.65,778.1,Yes,1,95,765.2,765.2,Attitude of support person
1,92210,Female,1,1,0,50,1,1,Fiber optic,0,1,0,0,1,0,Month-to-month,1,0,4,88.05,4367.35,Yes,1,87,4402.5,4402.5,Competitor made better offer
1,92223,Female,0,1,0,41,1,0,DSL,0,1,0,1,0,1,One year,1,1,4,66.5,2728.6,Yes,1,65,2726.5,2726.5,Moved
1,92230,Male,0,0,0,3,0,0,DSL,1,1,0,0,0,0,Month-to-month,1,0,2,35.45,106.85,Yes,1,70,106.35000000000001,106.35000000000001,Moved
1,92233,Male,0,0,0,3,1,0,DSL,0,1,0,0,0,0,Month-to-month,1,0,2,49.9,130.1,Yes,1,73,149.7,149.7,Moved
1,92241,Male,0,0,0,40,1,1,Fiber optic,0,1,1,0,1,1,Month-to-month,1,1,6,104.5,4036.85,Yes,1,93,4180.0,4180.0,Competitor had better devices
1,92243,Female,1,0,0,3,1,1,Fiber optic,0,0,0,0,0,0,Month-to-month,1,1,2,75.05,256.25,Yes,1,83,225.14999999999998,225.14999999999998,Competitor offered higher download speeds
1,92249,Male,0,0,0,23,1,1,Fiber optic,0,0,1,0,0,0,Month-to-month,1,0,3,81.0,1917.1,Yes,1,78,1863.0,1863.0,Competitor offered more data
1,92250,Female,1,1,0,1,1,1,Fiber optic,0,0,0,0,0,0,Month-to-month,1,0,2,74.45,74.45,Yes,1,94,74.45,74.45,Competitor made better offer
1,92251,Female,0,0,0,4,1,0,DSL,1,1,0,1,0,0,Month-to-month,1,0,4,60.4,272.15,Yes,1,90,241.6,241.6,Competitor had better devices
1,92259,Male,0,1,1,1,1,0,Fiber optic,0,0,0,0,0,0,Month-to-month,1,0,1,70.65,70.65,Yes,1,82,70.65,70.65,Competitor had better devices
1,92264,Male,0,0,0,12,1,0,DSL,0,0,0,1,1,0,One year,1,0,3,59.8,727.8,Yes,1,69,717.5999999999999,717.5999999999999,Competitor offered higher download speeds
1,92273,Female,0,0,0,9,1,0,DSL,0,0,0,0,0,0,Month-to-month,1,1,1,44.2,403.35,Yes,1,87,397.8,397.8,Competitor offered higher download speeds
1,92280,Male,1,0,0,1,1,1,Fiber optic,0,0,0,0,0,0,Month-to-month,1,0,2,75.75,75.75,Yes,1,97,75.75,75.75,Competitor offered higher download speeds
1,92282,Female,0,0,0,67,1,1,Fiber optic,1,1,1,0,1,0,Month-to-month,1,1,6,102.95,6886.25,Yes,1,70,6897.650000000001,6897.650000000001,Competitor offered more data
1,92307,Male,1,1,0,4,1,1,Fiber optic,0,0,0,0,0,0,Month-to-month,1,0,2,74.4,306.6,Yes,1,77,297.6,297.6,Competitor offered more data
1,90001,Female,0,1,0,1,0,0,DSL,0,1,0,0,0,0,Month-to-month,1,0,1,29.85,29.85,No,0,27,29.85,29.85,Don't know
1,90002,Male,0,0,0,34,1,0,DSL,1,0,1,0,0,0,One year,0,0,3,56.95,1889.5,No,0,61,1936.3000000000002,1936.3000000000002,Don't know
1,90004,Male,0,0,0,45,0,0,DSL,1,0,1,1,0,0,One year,0,1,3,42.3,1840.75,No,0,66,1903.4999999999998,1903.4999999999998,Don't know
1,90007,Male,0,0,1,22,1,1,Fiber optic,0,1,0,0,1,0,Month-to-month,1,1,4,89.1,1949.4,No,0,43,1960.1999999999998,1960.1999999999998,Don't know
1,90008,Female,0,0,0,10,0,0,DSL,1,0,0,0,0,0,Month-to-month,0,0,1,29.75,301.9,No,0,51,297.5,297.5,Don't know
1,90011,Male,0,0,0,62,1,0,DSL,1,1,0,0,0,0,One year,0,1,3,56.15,3487.95,No,0,58,3481.2999999999997,3481.2999999999997,Don't know
1,90012,Male,0,1,1,13,1,0,DSL,1,0,0,0,0,0,Month-to-month,1,0,2,49.95,587.45,No,0,76,649.35,649.35,Don't know
1,90013,Male,0,0,0,16,1,0,No,0,0,0,0,0,0,Two year,0,1,1,18.95,326.8,No,0,39,303.2,303.2,Don't know
1,90014,Male,0,1,0,58,1,1,Fiber optic,0,0,1,0,1,1,One year,0,1,5,100.35,5681.1,No,0,71,5820.299999999999,5820.299999999999,Don't know
1,90016,Male,0,0,0,25,1,0,Fiber optic,1,0,1,1,1,1,Month-to-month,1,0,6,105.5,2686.05,No,0,75,2637.5,2637.5,Don't know
1,90017,Female,0,1,0,69,1,1,Fiber optic,1,1,1,1,1,1,Two year,0,1,8,113.25,7895.15,No,0,43,7814.25,7814.25,Don't know
1,90018,Female,0,0,0,52,1,0,No,0,0,0,0,0,0,One year,0,0,1,20.65,1022.95,No,0,35,1073.8,1073.8,Don't know
1,90019,Male,0,0,0,71,1,1,Fiber optic,1,0,1,0,1,1,Two year,0,1,6,106.7,7382.25,No,0,73,7575.7,7575.7,Don't know
1,90021,Female,0,0,0,21,1,0,Fiber optic,0,1,1,0,0,1,Month-to-month,1,0,4,90.05,1862.9,No,0,57,1891.05,1891.05,Don't know
1,90023,Male,0,1,0,12,1,0,No,0,0,0,0,0,0,One year,0,1,1,19.8,202.25,No,0,77,237.60000000000002,237.60000000000002,Don't know
1,90025,Female,0,1,0,58,1,1,DSL,0,1,0,1,0,0,Two year,1,1,4,59.9,3505.1,No,0,53,3474.2,3474.2,Don't know
1,90026,Male,0,1,1,49,1,0,DSL,1,1,0,1,0,0,Month-to-month,0,1,4,59.6,2970.3,No,0,79,2920.4,2920.4,Don't know
1,90027,Female,0,0,0,30,1,0,DSL,1,1,0,0,0,0,Month-to-month,1,1,3,55.3,1530.6,No,0,65,1659.0,1659.0,Don't know
1,90031,Male,0,1,0,72,1,1,DSL,1,1,1,1,1,1,Two year,1,1,8,90.25,6369.45,No,0,21,6498.0,6498.0,Don't know
1,90033,Female,1,1,0,71,1,1,Fiber optic,1,1,1,1,0,0,Two year,1,1,6,96.35,6766.95,No,0,38,6840.849999999999,6840.849999999999,Don't know
1,90034,Male,1,1,0,2,1,0,Fiber optic,0,0,1,0,1,1,Month-to-month,1,1,4,95.5,181.65,No,0,69,191.0,191.0,Don't know
1,90035,Female,0,1,0,27,1,0,DSL,1,1,1,1,0,0,One year,0,0,5,66.15,1874.45,No,0,66,1786.0500000000002,1786.0500000000002,Don't know
1,90036,Male,0,0,0,1,1,0,No,0,0,0,0,0,0,Month-to-month,0,1,1,20.2,20.2,No,0,77,20.2,20.2,Don't know
1,90037,Male,1,0,0,1,1,0,DSL,0,0,0,0,0,0,Month-to-month,0,1,1,45.25,45.25,No,0,40,45.25,45.25,Don't know
1,90038,Female,0,1,0,72,1,1,Fiber optic,1,1,0,1,1,0,Two year,0,1,6,99.9,7251.7,No,0,79,7192.8,7192.8,Don't know
1,90040,Female,0,0,0,46,1,0,Fiber optic,0,0,1,0,0,0,Month-to-month,1,1,2,74.8,3548.3,No,0,41,3440.7999999999997,3440.7999999999997,Don't know
1,90043,Male,0,1,0,10,1,0,DSL,0,1,0,0,0,0,One year,0,0,2,49.55,475.7,No,0,22,495.5,495.5,Don't know
1,90044,Female,0,1,0,70,1,1,DSL,1,1,0,0,1,0,Two year,1,1,5,69.2,4872.35,No,0,25,4844.0,4844.0,Don't know
1,90045,Female,0,1,0,17,1,0,No,0,0,0,0,0,0,One year,0,0,1,20.75,418.25,No,0,64,352.75,352.75,Don't know
1,90046,Female,0,0,0,63,1,1,DSL,1,1,1,1,1,0,Two year,1,1,7,79.85,4861.45,No,0,70,5030.549999999999,5030.549999999999,Don't know
1,90047,Female,0,1,0,13,1,1,DSL,1,1,0,1,1,0,Month-to-month,1,0,6,76.2,981.45,No,0,41,990.6,990.6,Don't know
1,90048,Female,0,0,0,49,1,1,Fiber optic,0,0,0,0,0,1,Month-to-month,1,0,3,84.5,3906.7,No,0,71,4140.5,4140.5,Don't know
1,90049,Male,0,0,0,2,1,0,DSL,0,1,0,0,0,0,Month-to-month,0,0,2,49.25,97,No,0,57,98.5,98.5,Don't know
1,90057,Male,0,0,0,52,1,1,DSL,1,0,0,1,1,1,Two year,1,1,6,79.75,4217.8,No,0,49,4147.0,4147.0,Don't know
1,90058,Female,0,1,0,69,1,1,DSL,1,0,1,1,0,0,Two year,1,1,5,64.15,4254.1,No,0,62,4426.35,4426.35,Don't know
1,90059,Female,1,0,0,43,1,1,Fiber optic,0,1,0,0,1,0,Month-to-month,1,0,4,90.25,3838.75,No,0,52,3880.75,3880.75,Don't know
1,90062,Female,1,1,0,25,1,1,DSL,1,0,0,1,1,0,Month-to-month,1,1,5,69.5,1752.65,No,0,25,1737.5,1737.5,Don't know
1,90064,Female,1,1,0,60,1,0,DSL,1,1,1,1,0,1,One year,1,1,6,74.85,4456.35,No,0,59,4491.0,4491.0,Don't know
1,90066,Female,0,1,0,63,1,1,Fiber optic,1,0,0,0,1,1,One year,1,1,5,99.65,6311.2,No,0,79,6277.950000000001,6277.950000000001,Don't know
1,90067,Male,1,1,0,66,1,1,Fiber optic,0,1,1,1,1,1,One year,1,0,7,108.45,7076.35,No,0,74,7157.7,7157.7,Don't know
1,90068,Female,0,1,0,34,1,1,No,0,0,0,0,0,0,Two year,0,1,2,24.95,894.3,No,0,62,848.3,848.3,Don't know
1,90069,Female,0,0,0,72,1,1,Fiber optic,0,0,1,1,1,1,Two year,1,1,6,107.5,7853.7,No,0,53,7740.0,7740.0,Don't know
1,90071,Female,0,1,0,47,1,1,Fiber optic,0,0,1,0,1,1,Month-to-month,1,0,5,100.5,4707.1,No,0,70,4723.5,4723.5,Don't know
1,90077,Male,0,0,0,60,1,1,Fiber optic,0,1,0,0,1,0,Month-to-month,1,1,4,89.9,5450.7,No,0,35,5394.0,5394.0,Don't know
1,90201,Male,0,1,0,72,0,0,DSL,1,1,1,0,0,0,Two year,0,1,3,42.1,2962,No,0,29,3031.2000000000003,3031.2000000000003,Don't know
1,90210,Female,0,1,0,18,1,0,DSL,0,0,1,1,0,0,One year,1,1,3,54.4,957.1,No,0,33,979.1999999999999,979.1999999999999,Don't know
1,90212,Female,0,0,0,3,1,0,DSL,0,1,0,1,1,1,Month-to-month,1,0,5,75.3,244.1,No,0,35,225.89999999999998,225.89999999999998,Don't know
1,90220,Male,0,1,0,47,1,1,Fiber optic,0,1,0,0,0,0,One year,1,0,3,78.9,3650.35,No,0,61,3708.3,3708.3,Don't know
1,90221,Female,0,0,0,31,1,0,DSL,0,1,1,1,1,1,Two year,0,0,6,79.2,2497.2,No,0,78,2455.2000000000003,2455.2000000000003,Don't know
1,90222,Female,0,1,0,50,1,0,No,0,0,0,0,0,0,Two year,0,1,1,20.15,930.9,No,0,20,1007.4999999999999,1007.4999999999999,Don't know
1,90230,Male,0,0,0,10,1,0,Fiber optic,1,0,1,0,0,0,Month-to-month,1,0,3,79.85,887.35,No,0,38,798.5,798.5,Don't know
1,90232,Male,0,0,0,1,1,0,DSL,0,0,0,1,0,0,Month-to-month,0,0,2,49.05,49.05,No,0,30,49.05,49.05,Don't know
1,90240,Female,0,1,0,52,1,0,No,0,0,0,0,0,0,One year,1,0,1,20.4,1090.65,No,0,26,1060.8,1060.8,Don't know
1,90241,Male,1,1,0,64,1,1,Fiber optic,1,0,1,1,1,1,Two year,1,1,7,111.6,7099,No,0,69,7142.4,7142.4,Don't know
1,90242,Male,0,1,0,62,1,1,No,0,0,0,0,0,0,Two year,1,1,2,24.25,1424.6,No,0,33,1503.5,1503.5,Don't know
1,90245,Female,0,0,1,3,1,0,DSL,1,0,0,1,0,1,Month-to-month,1,1,4,64.5,177.4,No,0,54,193.5,193.5,Don't know
1,90247,Female,1,0,0,56,1,1,Fiber optic,1,1,1,0,1,1,One year,0,0,7,110.5,6139.5,No,0,21,6188.0,6188.0,Don't know
1,90248,Female,0,0,0,46,1,0,DSL,0,0,0,0,0,1,One year,0,1,2,55.65,2688.85,No,0,56,2559.9,2559.9,Don't know
1,90249,Female,0,1,1,8,1,0,DSL,1,1,0,0,0,0,Month-to-month,0,0,3,54.65,482.25,No,0,43,437.2,437.2,Don't know
1,90250,Male,1,0,0,30,1,0,DSL,1,1,0,0,1,1,Month-to-month,1,0,5,74.75,2111.3,No,0,55,2242.5,2242.5,Don't know
1,90254,Female,0,1,0,45,1,1,No,0,0,0,0,0,0,One year,1,1,2,25.9,1216.6,No,0,78,1165.5,1165.5,Don't know
1,90260,Female,0,1,1,11,0,0,DSL,1,0,0,0,1,1,Month-to-month,0,0,3,50.55,565.35,No,0,28,556.05,556.05,Don't know
1,90263,Female,0,0,0,42,1,0,Fiber optic,0,1,1,1,1,1,Month-to-month,1,1,6,103.8,4327.5,No,0,37,4359.599999999999,4359.599999999999,Don't know
1,90265,Female,0,1,0,49,1,0,No,0,0,0,0,0,0,Two year,1,1,1,20.15,973.35,No,0,37,987.3499999999999,987.3499999999999,Don't know
1,90266,Male,0,0,0,9,1,1,Fiber optic,0,1,0,0,1,1,Month-to-month,1,1,5,99.3,918.75,No,0,69,893.6999999999999,893.6999999999999,Don't know
1,90270,Female,0,1,0,35,1,0,DSL,1,0,0,0,1,0,One year,1,1,3,62.15,2215.45,No,0,39,2175.25,2175.25,Don't know
1,90272,Female,0,1,0,48,1,0,No,0,0,0,0,0,0,Two year,0,1,1,20.65,1057,No,0,25,991.1999999999999,991.1999999999999,Don't know
1,90274,Female,0,1,0,46,1,0,No,0,0,0,0,0,0,Two year,1,0,1,19.95,927.1,No,0,80,917.6999999999999,917.6999999999999,Don't know
1,90275,Male,0,1,0,29,0,0,DSL,0,0,0,0,1,0,Month-to-month,0,0,1,33.75,1009.25,No,0,62,978.75,978.75,Don't know
1,90277,Male,0,1,1,30,1,0,Fiber optic,0,1,1,0,0,0,Month-to-month,0,1,3,82.05,2570.2,No,0,9,2461.5,2461.5,Don't know
1,90278,Male,1,0,0,1,1,0,Fiber optic,0,0,0,1,0,0,Month-to-month,0,0,2,74.7,74.7,No,0,60,74.7,74.7,Don't know
1,90280,Male,0,1,0,66,1,1,DSL,1,0,1,1,1,1,Two year,1,0,7,84.0,5714.25,No,0,24,5544.0,5544.0,Don't know
1,90290,Female,0,0,0,65,1,1,Fiber optic,1,1,1,0,1,1,Month-to-month,1,1,7,111.05,7107,No,0,38,7218.25,7218.25,Don't know
1,90291,Male,0,0,0,72,1,1,Fiber optic,0,1,1,0,1,1,Two year,1,1,6,100.9,7459.05,No,0,54,7264.8,7264.8,Don't know
1,90293,Male,0,1,0,71,1,1,DSL,1,1,0,1,0,0,One year,1,1,5,66.85,4748.7,No,0,26,4746.349999999999,4746.349999999999,Don't know
1,90302,Male,0,0,0,52,1,0,No,0,0,0,0,0,0,Two year,0,1,1,21.0,1107.2,No,0,66,1092.0,1092.0,Don't know
1,90304,Male,0,0,0,1,1,0,No,0,0,0,0,0,0,Month-to-month,0,0,1,20.2,20.2,No,0,77,20.2,20.2,Don't know
1,90305,Female,0,1,1,1,1,0,No,0,0,0,0,0,0,Month-to-month,0,0,1,19.45,19.45,No,0,26,19.45,19.45,Don't know
1,90401,Male,0,0,0,38,1,1,Fiber optic,0,0,1,1,1,0,One year,0,1,5,95.0,3605.6,No,0,63,3610.0,3610.0,Don't know
1,90402,Female,1,1,0,66,0,0,DSL,0,1,1,0,1,0,One year,0,1,3,45.55,3027.25,No,0,28,3006.2999999999997,3006.2999999999997,Don't know
1,90404,Male,0,0,0,5,0,0,DSL,0,0,0,0,0,0,Month-to-month,0,0,0,24.3,100.2,No,0,61,121.5,121.5,Don't know
1,90405,Female,0,1,0,72,1,1,Fiber optic,1,1,0,0,1,1,One year,1,0,6,104.15,7303.05,No,0,21,7498.8,7498.8,Don't know
1,90501,Female,0,0,0,32,0,0,DSL,1,0,0,0,0,0,One year,0,0,1,30.15,927.65,No,0,60,964.8,964.8,Don't know
1,90502,Male,0,0,0,43,1,1,Fiber optic,0,0,0,0,1,1,One year,0,0,4,94.35,3921.3,No,0,53,4057.0499999999997,4057.0499999999997,Don't know
1,90503,Male,0,1,0,72,1,0,No,0,0,0,0,0,0,Two year,0,1,1,19.4,1363.25,No,0,23,1396.8,1396.8,Don't know
1,90505,Female,0,0,0,52,1,0,DSL,1,0,1,1,0,0,One year,0,1,4,57.95,3042.25,No,0,28,3013.4,3013.4,Don't know
1,90601,Female,0,0,0,43,1,0,Fiber optic,0,1,1,0,1,0,Month-to-month,1,0,4,91.65,3954.1,No,0,65,3940.9500000000003,3940.9500000000003,Don't know
1,90603,Female,0,1,0,64,0,0,DSL,0,1,0,1,1,1,Two year,1,0,4,54.6,3423.5,No,0,35,3494.4,3494.4,Don't know
1,90604,Male,0,1,1,3,1,0,Fiber optic,1,1,0,0,1,0,Month-to-month,0,0,4,89.85,248.4,No,0,22,269.54999999999995,269.54999999999995,Don't know
1,90605,Female,0,0,0,36,0,0,DSL,1,0,0,0,0,0,Two year,0,1,1,31.05,1126.35,No,0,54,1117.8,1117.8,Don't know
1,90620,Female,0,0,0,41,1,0,No,0,0,0,0,0,0,Two year,0,0,1,20.65,835.15,No,0,59,846.65,846.65,Don't know
1,90621,Male,0,1,1,27,1,1,Fiber optic,0,1,0,1,0,0,Month-to-month,1,1,4,85.2,2151.6,No,0,28,2300.4,2300.4,Don't know
1,90623,Female,0,1,0,56,1,1,Fiber optic,0,0,1,0,1,1,One year,1,1,5,99.8,5515.45,No,0,43,5588.8,5588.8,Don't know
1,90630,Female,0,0,0,6,1,0,No,0,0,0,0,0,0,Month-to-month,0,0,1,20.7,112.75,No,0,47,124.19999999999999,124.19999999999999,Don't know
1,90638,Female,0,1,1,7,1,0,DSL,1,0,0,0,0,0,Month-to-month,0,0,2,50.7,350.35,No,0,59,354.90000000000003,354.90000000000003,Don't know
1,90640,Female,0,1,1,4,1,0,No,0,0,0,0,0,0,Month-to-month,0,0,1,20.85,62.9,No,0,76,83.4,83.4,Don't know
1,90650,Male,0,0,0,33,1,0,Fiber optic,1,0,0,1,1,0,Two year,1,0,4,88.95,3027.65,No,0,32,2935.35,2935.35,Don't know
1,90670,Male,0,1,0,72,1,1,No,0,0,0,0,0,0,Two year,1,1,2,23.55,1723.95,No,0,59,1695.6000000000001,1695.6000000000001,Don't know
1,90680,Male,0,0,0,1,1,0,No,0,0,0,0,0,0,Month-to-month,0,0,1,19.75,19.75,No,0,68,19.75,19.75,Don't know
1,90701,Male,1,0,0,71,0,0,DSL,1,1,0,0,1,1,One year,1,0,4,56.45,3985.35,No,0,68,4007.9500000000003,4007.9500000000003,Don't know
1,90703,Female,0,0,0,13,1,1,Fiber optic,0,0,0,0,0,1,Month-to-month,1,0,3,85.95,1215.65,No,0,58,1117.3500000000001,1117.3500000000001,Don't know
1,90706,Male,0,0,0,67,1,0,DSL,0,0,0,1,0,0,Two year,0,1,2,50.55,3260.1,No,0,63,3386.85,3386.85,Don't know
1,90713,Female,0,0,0,43,1,1,No,0,0,0,0,0,0,Two year,1,1,2,25.7,1188.2,No,0,79,1105.1,1105.1,Don't know
1,90715,Female,0,0,0,23,1,0,Fiber optic,1,0,0,0,0,0,Month-to-month,1,1,2,75.0,1778.5,No,0,29,1725.0,1725.0,Don't know
1,90716,Female,0,1,0,64,1,0,No,0,0,0,0,0,0,Two year,0,0,1,20.2,1277.75,No,0,51,1292.8,1292.8,Don't know
1,90717,Male,0,0,0,57,1,0,No,0,0,0,0,0,0,Two year,1,0,1,19.6,1170.55,No,0,40,1117.2,1117.2,Don't know
1,90723,Female,1,1,0,72,1,1,DSL,1,1,1,1,1,1,Two year,1,1,8,88.05,6425.65,No,0,8,6339.599999999999,6339.599999999999,Don't know
1,90732,Female,0,1,0,61,1,1,Fiber optic,0,1,0,0,1,1,Two year,1,1,5,101.05,5971.25,No,0,60,6164.05,6164.05,Don't know
1,90740,Male,0,0,0,64,1,1,Fiber optic,1,1,0,0,0,0,One year,1,1,4,84.3,5289.05,No,0,53,5395.2,5395.2,Don't know
1,90742,Male,1,1,0,71,1,1,No,0,0,0,0,0,0,Two year,0,1,2,23.95,1756.2,No,0,52,1700.45,1700.45,Don't know
1,90743,Female,0,1,0,65,1,1,Fiber optic,1,1,0,1,1,0,Two year,1,1,6,99.05,6416.7,No,0,59,6438.25,6438.25,Don't know
1,90744,Male,0,0,0,3,1,0,No,0,0,0,0,0,0,One year,0,0,1,19.6,61.35,No,0,33,58.800000000000004,58.800000000000004,Don't know
1,90746,Male,0,0,0,30,1,0,DSL,0,1,1,0,1,0,One year,0,1,4,64.5,1929.95,No,0,30,1935.0,1935.0,Don't know
1,90802,Male,0,1,1,15,1,0,DSL,0,1,1,1,0,1,Month-to-month,1,0,5,69.5,1071.4,No,0,35,1042.5,1042.5,Don't know
1,90803,Female,0,1,1,8,1,0,DSL,0,0,0,1,1,1,Month-to-month,1,0,4,68.55,564.35,No,0,58,548.4,548.4,Don't know
1,90805,Female,0,1,0,70,1,1,Fiber optic,1,1,1,0,1,1,One year,1,1,7,108.15,7930.55,No,0,41,7570.5,7570.5,Don't know
1,90806,Male,0,1,0,62,1,0,DSL,1,1,1,1,1,1,Two year,0,0,7,86.1,5215.25,No,0,62,5338.2,5338.2,Don't know
1,90807,Female,0,1,1,6,1,0,No,0,0,0,0,0,0,Month-to-month,0,0,1,19.7,113.5,No,0,43,118.19999999999999,118.19999999999999,Don't know
1,90808,Female,0,1,1,14,1,0,Fiber optic,0,0,0,0,0,1,Month-to-month,1,1,2,80.9,1152.8,No,0,46,1132.6000000000001,1132.6000000000001,Don't know
1,90810,Female,0,0,0,22,1,1,Fiber optic,0,0,0,0,1,0,Month-to-month,1,1,3,84.15,1821.95,No,0,32,1851.3000000000002,1851.3000000000002,Don't know
1,90813,Male,0,1,0,22,1,0,No,0,0,0,0,0,0,One year,0,0,1,20.15,419.9,No,0,72,443.29999999999995,443.29999999999995,Don't know
1,90814,Male,0,1,0,16,1,0,DSL,1,0,1,0,1,0,Two year,0,0,4,64.25,1024,No,0,77,1028.0,1028.0,Don't know
1,90815,Male,0,0,0,10,1,1,No,0,0,0,0,0,0,Two year,0,1,2,25.7,251.6,No,0,8,257.0,257.0,Don't know
1,90822,Female,0,0,1,13,1,0,DSL,1,1,0,0,0,0,Month-to-month,1,0,3,56.0,764.55,No,0,22,728.0,728.0,Don't know
1,91006,Female,0,0,0,2,1,0,Fiber optic,0,0,0,0,0,0,Month-to-month,1,0,1,69.7,135.2,No,0,43,139.4,139.4,Don't know
1,91007,Male,0,0,0,53,1,1,DSL,0,1,1,1,0,1,Two year,1,1,6,73.9,3958.25,No,0,55,3916.7000000000003,3916.7000000000003,Don't know
1,91010,Female,0,1,0,11,1,0,No,0,0,0,0,0,0,One year,0,0,1,20.6,233.9,No,0,29,226.60000000000002,226.60000000000002,Don't know
1,91011,Male,0,1,0,69,1,0,No,0,0,0,0,0,0,Two year,0,0,1,19.9,1363.45,No,0,54,1373.1,1373.1,Don't know
1,91020,Male,0,1,0,72,1,1,DSL,1,1,1,1,1,1,Two year,1,1,8,89.05,6254.45,No,0,54,6411.599999999999,6411.599999999999,Don't know
1,91030,Female,0,1,1,16,1,0,No,0,0,0,0,0,0,Month-to-month,0,0,1,20.4,321.4,No,0,62,326.4,326.4,Don't know
1,91040,Male,0,1,0,43,1,0,Fiber optic,1,0,1,1,0,0,One year,1,1,4,84.25,3539.25,No,0,51,3622.75,3622.75,Don't know
1,91101,Male,0,1,0,14,1,0,DSL,0,1,1,1,1,1,Two year,0,0,6,81.95,1181.75,No,0,52,1147.3,1147.3,Don't know
1,91104,Female,0,0,0,32,1,0,No,0,0,0,0,0,0,One year,0,1,1,20.55,654.55,No,0,77,657.6,657.6,Don't know
1,91105,Female,0,1,0,34,1,1,No,0,0,0,0,0,0,Month-to-month,0,0,2,24.7,780.2,No,0,72,839.8,839.8,Don't know
1,91108,Female,0,1,1,15,1,1,Fiber optic,0,1,1,0,1,1,Month-to-month,1,1,6,105.35,1559.25,No,0,66,1580.25,1580.25,Don't know
1,91201,Male,0,1,0,61,1,0,No,0,0,0,0,0,0,One year,1,1,1,20.55,1252,No,0,42,1253.55,1253.55,Don't know
1,91203,Female,0,0,0,1,1,0,DSL,0,0,0,0,0,0,Month-to-month,0,0,1,45.3,45.3,No,0,48,45.3,45.3,Don't know
1,91205,Male,0,1,0,33,1,0,DSL,1,0,1,0,1,1,One year,0,1,5,74.75,2453.3,No,0,26,2466.75,2466.75,Don't know
1,91208,Male,0,0,0,20,1,0,DSL,0,1,0,0,0,0,Month-to-month,1,0,2,51.8,1023.85,No,0,24,1036.0,1036.0,Don't know
1,91214,Male,0,0,0,3,0,0,DSL,0,0,0,1,0,0,Month-to-month,0,0,1,30.4,82.15,No,0,55,91.19999999999999,91.19999999999999,Don't know
1,91301,Female,0,0,0,13,1,0,No,0,0,0,0,0,0,One year,0,0,1,19.65,244.8,No,0,49,255.45,255.45,Don't know
1,91302,Female,0,1,0,40,1,1,DSL,0,1,0,0,0,0,Month-to-month,0,1,3,56.6,2379.1,No,0,72,2264.0,2264.0,Don't know
1,91303,Male,0,1,0,43,1,1,DSL,1,0,0,1,0,1,One year,1,1,5,71.9,3173.35,No,0,23,3091.7000000000003,3091.7000000000003,Don't know
1,91306,Female,0,1,0,69,1,0,No,0,0,0,0,0,0,Two year,0,1,1,19.75,1375.4,No,0,72,1362.75,1362.75,Don't know
1,91307,Female,0,1,0,72,1,1,Fiber optic,1,1,1,0,1,1,Two year,0,1,7,109.7,8129.3,No,0,74,7898.400000000001,7898.400000000001,Don't know
1,91311,Male,0,1,0,59,1,0,No,0,0,0,0,0,0,Two year,0,1,1,19.3,1192.7,No,0,28,1138.7,1138.7,Don't know
1,91316,Female,0,1,0,20,1,0,Fiber optic,1,1,0,1,1,0,Month-to-month,1,0,5,96.55,1901.65,No,0,36,1931.0,1931.0,Don't know
1,91320,Male,0,1,1,24,1,1,No,0,0,0,0,0,0,Two year,1,1,2,24.1,587.4,No,0,26,578.4000000000001,578.4000000000001,Don't know
1,91321,Male,0,0,0,59,1,1,Fiber optic,0,1,1,1,1,1,Month-to-month,1,0,7,111.35,6519.75,No,0,62,6569.65,6569.65,Don't know
1,91324,Male,0,1,1,72,1,1,Fiber optic,0,1,1,1,1,1,Two year,1,1,7,112.25,8041.65,No,0,55,8082.0,8082.0,Don't know
1,91325,Male,0,0,1,1,1,0,No,0,0,0,0,0,0,Month-to-month,0,0,1,20.75,20.75,No,0,25,20.75,20.75,Don't know
1,91326,Female,0,1,0,27,1,0,Fiber optic,1,0,0,1,1,1,One year,1,1,5,101.9,2681.15,No,0,69,2751.3,2751.3,Don't know
1,91331,Female,0,0,0,14,1,0,Fiber optic,0,1,0,1,0,0,Month-to-month,1,1,3,80.05,1112.3,No,0,53,1120.7,1120.7,Don't know
1,91335,Male,0,1,1,71,1,1,Fiber optic,1,0,1,0,1,1,Two year,0,0,6,105.55,7405.5,No,0,63,7494.05,7494.05,Don't know
1,91340,Male,0,0,1,13,1,0,Fiber optic,0,0,0,0,1,0,Month-to-month,1,1,2,78.3,1033.95,No,0,26,1017.9,1017.9,Don't know
1,91342,Male,0,0,0,44,1,0,Fiber optic,0,0,0,0,0,0,Month-to-month,0,1,1,68.85,2958.95,No,0,51,3029.3999999999996,3029.3999999999996,Don't know
1,91343,Female,0,0,0,33,1,0,Fiber optic,0,1,0,1,0,0,One year,1,1,3,79.95,2684.85,No,0,52,2638.35,2638.35,Don't know
1,91344,Male,0,1,0,72,0,0,DSL,1,1,1,1,0,1,Two year,1,1,5,55.45,4179.2,No,0,32,3992.4,3992.4,Don't know
1,91351,Male,0,1,0,64,1,0,Fiber optic,0,1,1,1,1,1,One year,1,1,6,102.45,6654.1,No,0,58,6556.8,6556.8,Don't know
1,91354,Female,0,0,0,1,0,0,DSL,0,0,0,0,0,0,Month-to-month,0,0,0,25.25,25.25,No,0,73,25.25,25.25,Don't know
1,91355,Male,0,0,1,61,1,0,No,0,0,0,0,0,0,Two year,0,0,1,19.75,1124.2,No,0,76,1204.75,1204.75,Don't know
1,91356,Female,0,1,0,29,1,0,No,0,0,0,0,0,0,One year,0,0,1,20.0,540.05,No,0,34,580.0,580.0,Don't know
1,91360,Male,1,1,0,23,1,1,Fiber optic,0,0,0,0,0,1,Month-to-month,0,0,3,86.8,1975.85,No,0,38,1996.3999999999999,1996.3999999999999,Don't know
1,91361,Female,0,1,0,57,0,0,DSL,1,1,1,0,1,1,Month-to-month,1,1,5,58.75,3437.45,No,0,38,3348.75,3348.75,Don't know
1,91362,Male,0,1,0,72,0,0,DSL,1,1,1,1,0,0,Two year,0,1,4,45.25,3139.8,No,0,22,3258.0,3258.0,Don't know
1,91364,Male,0,1,0,66,0,0,DSL,1,1,1,1,1,0,Two year,1,1,5,56.6,3789.2,No,0,77,3735.6,3735.6,Don't know
1,91367,Male,0,1,0,65,1,1,DSL,0,1,1,1,1,1,Two year,1,1,7,84.2,5324.5,No,0,33,5473.0,5473.0,Don't know
1,91377,Female,0,0,0,8,1,0,Fiber optic,0,0,0,0,1,0,Month-to-month,1,1,2,80.0,624.6,No,0,22,640.0,640.0,Don't know
1,91384,Female,0,1,0,71,1,1,No,0,0,0,0,0,0,Two year,0,1,2,24.75,1836.9,No,0,51,1757.25,1757.25,Don't know
1,91401,Male,0,1,0,1,1,0,No,0,0,0,0,0,0,One year,1,0,1,20.2,20.2,No,0,21,20.2,20.2,Don't know
1,91403,Female,0,0,0,12,1,0,No,0,0,0,0,0,0,One year,1,1,1,19.35,219.35,No,0,57,232.20000000000002,232.20000000000002,Don't know
1,91405,Male,0,0,0,24,0,0,DSL,1,0,0,0,1,1,One year,1,0,3,50.6,1288.75,No,0,32,1214.4,1214.4,Don't know
1,91406,Female,0,1,0,31,1,0,DSL,1,0,1,1,1,1,One year,1,0,6,81.15,2545.75,No,0,54,2515.65,2515.65,Don't know
1,91423,Male,0,0,0,30,1,1,Fiber optic,0,0,0,1,0,1,Month-to-month,1,1,4,89.9,2723.15,No,0,33,2697.0,2697.0,Don't know
1,91436,Female,0,1,0,47,1,1,DSL,1,1,0,1,1,1,Two year,1,1,7,85.3,4107.25,No,0,30,4009.1,4009.1,Don't know
1,91501,Male,0,0,0,54,1,1,Fiber optic,1,1,0,1,1,1,Two year,1,1,7,108.0,5760.65,No,0,73,5832.0,5832.0,Don't know
1,91502,Male,0,0,0,50,1,0,Fiber optic,1,1,0,1,0,1,Month-to-month,1,1,5,93.5,4747.5,No,0,70,4675.0,4675.0,Don't know
1,91505,Female,0,0,0,72,1,0,No,0,0,0,0,0,0,Two year,0,1,1,20.25,1566.9,No,0,49,1458.0,1458.0,Don't know
1,91506,Female,0,0,0,29,1,1,No,0,0,0,0,0,0,Month-to-month,0,0,2,25.15,702,No,0,46,729.3499999999999,729.3499999999999,Don't know
1,91602,Female,0,0,0,10,0,0,DSL,0,0,0,1,0,0,Two year,1,0,1,29.6,299.05,No,0,62,296.0,296.0,Don't know
1,91604,Male,0,1,0,18,1,1,Fiber optic,0,0,0,0,0,0,Month-to-month,1,0,2,73.15,1305.95,No,0,73,1316.7,1316.7,Don't know
1,91606,Male,0,0,0,16,1,0,No,0,0,0,0,0,0,Two year,0,0,1,19.75,284.35,No,0,53,316.0,316.0,Don't know
1,91607,Female,0,0,0,72,1,1,DSL,0,1,1,1,1,1,Two year,0,1,7,86.6,6350.5,No,0,37,6235.2,6235.2,Don't know
1,91701,Male,0,0,0,72,1,1,Fiber optic,0,1,1,1,1,1,Two year,0,1,7,109.2,7878.3,No,0,26,7862.400000000001,7862.400000000001,Don't know
1,91702,Female,0,1,0,41,1,0,DSL,1,0,0,1,1,1,One year,1,1,5,74.7,3187.65,No,0,56,3062.7000000000003,3062.7000000000003,Don't know
1,91706,Female,1,1,0,65,1,0,Fiber optic,1,1,1,0,0,1,Month-to-month,0,0,5,94.4,6126.15,No,0,7,6136.0,6136.0,Don't know
1,91709,Female,1,0,0,13,1,0,DSL,0,1,1,0,0,0,Month-to-month,1,0,3,54.8,731.3,No,0,7,712.4,712.4,Don't know
1,91710,Male,1,0,0,4,1,0,Fiber optic,1,0,0,0,0,0,Month-to-month,0,0,2,75.35,273.4,No,0,40,301.4,301.4,Don't know
1,91711,Male,0,0,0,41,1,1,DSL,0,0,1,0,0,1,One year,0,0,4,65.0,2531.8,No,0,57,2665.0,2665.0,Don't know
1,91724,Male,0,0,0,42,1,1,Fiber optic,1,1,1,0,0,1,One year,1,0,6,99.0,4298.45,No,0,46,4158.0,4158.0,Don't know
1,91730,Female,0,1,0,51,1,0,Fiber optic,1,1,1,0,1,0,One year,1,0,5,93.5,4619.55,No,0,68,4768.5,4768.5,Don't know
1,91733,Male,0,0,0,32,1,1,DSL,0,1,1,1,1,1,One year,0,1,7,83.7,2633.3,No,0,71,2678.4,2678.4,Don't know
1,91737,Male,0,0,0,10,1,0,No,0,0,0,0,0,0,Month-to-month,1,0,1,19.85,193.05,No,0,58,198.5,198.5,Don't know
1,91739,Female,0,1,0,67,0,0,DSL,0,1,1,1,1,1,Two year,1,0,5,59.55,4103.9,No,0,56,3989.85,3989.85,Don't know
1,91740,Female,0,1,1,61,1,1,Fiber optic,1,1,1,1,1,1,Two year,0,1,8,115.1,7008.15,No,0,38,7021.099999999999,7021.099999999999,Don't know
1,91741,Male,0,0,0,50,1,1,Fiber optic,1,1,1,1,1,1,One year,0,1,8,114.35,5791.1,No,0,33,5717.5,5717.5,Don't know
1,91745,Female,1,1,0,29,0,0,DSL,1,0,1,0,0,1,Month-to-month,1,0,3,45.0,1228.65,No,0,50,1305.0,1305.0,Don't know
1,91750,Male,1,1,0,57,1,1,Fiber optic,0,1,0,0,0,1,Month-to-month,1,0,4,89.85,4925.35,No,0,36,5121.45,5121.45,Don't know
1,91752,Female,0,0,0,31,0,0,DSL,1,1,0,1,0,1,Two year,1,1,4,49.85,1520.1,No,0,67,1545.3500000000001,1545.3500000000001,Don't know
1,91754,Female,0,1,0,45,1,1,Fiber optic,1,1,1,1,1,1,One year,0,0,8,113.3,5032.25,No,0,61,5098.5,5098.5,Don't know
1,91755,Female,0,1,0,61,1,1,DSL,1,1,1,1,1,1,Two year,0,0,8,88.1,5526.75,No,0,40,5374.099999999999,5374.099999999999,Don't know
1,91759,Male,0,0,0,50,1,1,No,0,0,0,0,0,0,Two year,0,1,2,24.9,1195.25,No,0,68,1245.0,1245.0,Don't know
1,91761,Female,1,0,0,19,1,0,Fiber optic,1,1,0,1,1,1,Month-to-month,1,0,6,105.0,2007.25,No,0,59,1995.0,1995.0,Don't know
1,91763,Female,0,1,0,71,1,1,No,0,0,0,0,0,0,Two year,1,1,2,24.25,1732.95,No,0,59,1721.75,1721.75,Don't know
1,91765,Male,0,1,0,57,1,0,DSL,1,1,0,1,0,0,Two year,1,0,4,59.75,3450.15,No,0,68,3405.75,3405.75,Don't know
1,91767,Male,1,1,0,20,1,1,Fiber optic,0,1,0,1,1,1,Month-to-month,0,0,6,107.05,2172.05,No,0,65,2141.0,2141.0,Don't know
1,91775,Male,1,1,0,21,1,0,DSL,1,1,0,0,0,1,Month-to-month,1,1,4,64.95,1339.8,No,0,23,1363.95,1363.95,Don't know
1,91776,Male,0,0,0,14,0,0,DSL,0,0,1,1,1,1,Month-to-month,1,0,4,55.0,771.95,No,0,23,770.0,770.0,Don't know
1,91780,Female,0,0,0,5,1,0,DSL,0,1,0,0,0,0,Month-to-month,0,1,2,50.55,244.75,No,0,54,252.75,252.75,Don't know
1,91784,Female,0,0,0,6,1,0,DSL,1,1,0,0,0,0,Month-to-month,0,0,3,55.15,322.9,No,0,42,330.9,330.9,Don't know
1,91786,Female,0,0,0,10,1,0,DSL,0,1,0,0,0,0,Month-to-month,0,0,2,51.2,498.25,No,0,47,512.0,512.0,Don't know
1,91789,Female,0,0,1,1,1,1,No,0,0,0,0,0,0,Month-to-month,0,0,2,25.4,25.4,No,0,38,25.4,25.4,Don't know
1,91790,Female,0,0,0,68,1,1,DSL,1,0,0,0,0,0,Month-to-month,0,0,3,54.45,3687.75,No,0,24,3702.6000000000004,3702.6000000000004,Don't know
1,91792,Female,0,0,0,22,1,1,Fiber optic,0,0,0,0,0,0,One year,1,1,2,76.0,1783.6,No,0,41,1672.0,1672.0,Don't know
1,91801,Female,0,0,0,20,1,0,DSL,0,0,0,0,0,0,Month-to-month,1,0,1,44.35,927.15,No,0,59,887.0,887.0,Don't know
1,91906,Male,0,0,0,35,1,0,DSL,1,1,1,0,0,0,One year,0,0,4,61.2,2021.2,No,0,70,2142.0,2142.0,Don't know
1,91910,Male,0,1,0,23,1,0,Fiber optic,0,1,1,1,0,0,One year,0,0,4,86.8,1940.8,No,0,54,1996.3999999999999,1996.3999999999999,Don't know
1,91911,Female,1,0,0,6,1,0,Fiber optic,0,0,0,0,1,1,Month-to-month,1,0,3,89.35,567.8,No,0,75,536.0999999999999,536.0999999999999,Don't know
1,91913,Female,0,0,0,12,1,0,No,0,0,0,0,0,0,Month-to-month,0,0,1,19.7,220.35,No,0,71,236.39999999999998,236.39999999999998,Don't know
1,91914,Male,0,0,0,1,1,0,No,0,0,0,0,0,0,Month-to-month,0,0,1,20.25,20.25,No,0,57,20.25,20.25,Don't know
1,91915,Female,0,1,1,71,1,0,Fiber optic,0,0,1,0,0,0,Two year,0,0,2,76.05,5436.45,No,0,26,5399.55,5399.55,Don't know
1,91916,Male,1,1,0,35,1,1,Fiber optic,0,0,1,0,1,1,Month-to-month,1,0,5,100.8,3437.5,No,0,38,3528.0,3528.0,Don't know
1,91917,Male,0,1,1,40,1,1,DSL,0,0,1,0,1,1,Month-to-month,1,0,5,74.55,3015.75,No,0,64,2982.0,2982.0,Don't know
1,91932,Male,0,0,0,23,1,0,DSL,0,0,0,0,1,1,One year,1,1,3,64.9,1509.8,No,0,50,1492.7,1492.7,Don't know
1,91935,Male,0,0,0,4,1,0,Fiber optic,0,0,1,1,0,1,Month-to-month,1,0,4,90.4,356.65,No,0,35,361.6,361.6,Don't know
1,91941,Female,0,1,0,68,0,0,DSL,0,1,1,1,1,1,Two year,0,1,5,60.3,4109,No,0,24,4100.4,4100.4,Don't know
1,91942,Male,0,0,1,38,1,1,Fiber optic,0,1,0,0,0,0,Month-to-month,1,0,3,81.85,3141.7,No,0,55,3110.2999999999997,3110.2999999999997,Don't know
1,91945,Male,0,1,1,52,1,1,No,0,0,0,0,0,0,Two year,0,0,2,24.8,1229.1,No,0,76,1289.6000000000001,1289.6000000000001,Don't know
1,91950,Male,0,1,0,29,1,0,DSL,0,0,1,1,1,1,Two year,0,0,5,75.55,2054.4,No,0,44,2190.95,2190.95,Don't know
1,91962,Male,1,1,1,38,1,1,Fiber optic,0,1,0,0,1,1,Month-to-month,0,0,5,101.15,3741.85,No,0,78,3843.7000000000003,3843.7000000000003,Don't know
1,91963,Male,0,0,0,48,1,1,DSL,1,0,1,0,1,1,One year,1,1,6,78.75,3682.45,No,0,69,3780.0,3780.0,Don't know
1,91977,Female,0,0,0,1,1,0,No,0,0,0,0,0,0,Month-to-month,1,1,1,19.25,19.25,No,0,66,19.25,19.25,Don't know
1,91978,Female,0,0,0,22,1,0,Fiber optic,1,0,0,1,0,1,Month-to-month,1,0,4,89.05,1886.25,No,0,75,1959.1,1959.1,Don't know
1,91980,Female,0,0,0,43,1,1,Fiber optic,1,1,1,1,1,1,Two year,0,1,8,115.05,4895.1,No,0,57,4947.15,4947.15,Don't know
1,92003,Female,1,1,0,5,1,0,Fiber optic,0,0,0,0,0,0,Month-to-month,1,0,1,69.35,341.6,No,0,41,346.75,346.75,Don't know
1,92007,Male,0,1,0,51,1,1,Fiber optic,1,1,0,1,1,1,One year,0,1,7,110.05,5686.4,No,0,56,5612.55,5612.55,Don't know
1,92008,Male,0,0,0,71,1,0,No,0,0,0,0,0,0,Two year,1,1,1,19.9,1355.1,No,0,28,1412.8999999999999,1412.8999999999999,Don't know
1,92019,Male,0,1,0,35,1,1,Fiber optic,0,0,0,1,1,0,Month-to-month,1,1,4,91.5,3236.35,No,0,78,3202.5,3202.5,Don't know
1,92021,Female,0,1,0,72,0,0,DSL,0,1,1,1,1,1,Two year,1,0,5,60.0,4264,No,0,43,4320.0,4320.0,Don't know
1,92024,Male,0,0,0,1,1,0,DSL,0,0,0,0,0,0,Month-to-month,1,0,1,44.8,44.8,No,0,31,44.8,44.8,Don't know
1,92025,Female,0,1,0,9,1,0,DSL,1,0,0,0,0,0,One year,0,0,2,48.6,422.3,No,0,46,437.40000000000003,437.40000000000003,Don't know
1,92026,Male,0,0,0,69,0,0,DSL,1,1,0,1,1,1,Two year,1,1,5,60.05,4176.7,No,0,22,4143.45,4143.45,Don't know
1,92027,Female,0,1,0,52,1,1,Fiber optic,0,1,0,1,1,1,Month-to-month,1,1,6,102.7,5138.1,No,0,63,5340.400000000001,5340.400000000001,Don't know
1,92028,Female,1,1,0,11,1,0,Fiber optic,0,0,0,1,1,0,Month-to-month,1,0,3,82.9,880.05,No,0,21,911.9000000000001,911.9000000000001,Don't know
1,92036,Female,1,1,1,28,0,0,DSL,0,0,0,0,1,0,Month-to-month,1,0,1,35.9,973.65,No,0,34,1005.1999999999999,1005.1999999999999,Don't know
1,92037,Female,1,0,0,17,1,1,Fiber optic,0,0,1,0,0,0,Month-to-month,1,1,3,82.65,1470.05,No,0,26,1405.0500000000002,1405.0500000000002,Don't know
1,92040,Female,0,1,1,35,1,0,No,0,0,0,0,0,0,Two year,1,0,1,19.85,739.35,No,0,46,694.75,694.75,Don't know
1,92054,Female,0,0,0,8,1,0,No,0,0,0,0,0,0,One year,1,0,1,19.2,161.95,No,0,40,153.6,153.6,Don't know
1,92056,Male,0,0,0,46,1,1,Fiber optic,0,1,1,0,1,0,One year,1,1,5,94.9,4422.95,No,0,50,4365.400000000001,4365.400000000001,Don't know
1,92064,Female,0,0,0,68,1,1,DSL,1,1,1,1,1,1,Two year,1,0,8,88.15,6148.45,No,0,46,5994.200000000001,5994.200000000001,Don't know
1,92065,Female,0,0,0,36,1,0,Fiber optic,0,1,0,0,1,1,Month-to-month,1,1,4,94.8,3565.65,No,0,22,3412.7999999999997,3412.7999999999997,Don't know
1,92067,Female,1,0,0,32,1,0,DSL,0,1,0,1,0,0,Month-to-month,0,1,3,54.65,1830.1,No,0,56,1748.8,1748.8,Don't know
1,92069,Female,0,1,0,71,1,1,DSL,1,1,1,1,1,1,Two year,0,1,8,85.75,6223.8,No,0,57,6088.25,6088.25,Don't know
1,92070,Female,0,1,1,66,1,1,DSL,1,1,1,0,0,0,Month-to-month,1,1,5,67.45,4508.65,No,0,26,4451.7,4451.7,Don't know
1,92071,Male,0,0,0,63,1,0,No,0,0,0,0,0,0,One year,0,0,1,20.5,1328.15,No,0,28,1291.5,1291.5,Don't know
1,92075,Female,0,0,0,41,1,0,No,0,0,0,0,0,0,One year,1,1,1,20.25,865,No,0,25,830.25,830.25,Don't know
1,92078,Female,1,0,0,1,1,1,Fiber optic,0,0,0,0,0,0,Month-to-month,1,0,2,72.1,72.1,No,0,50,72.1,72.1,Don't know
1,92083,Female,0,1,0,70,1,0,No,0,0,0,0,0,0,Two year,0,1,1,19.45,1303.5,No,0,57,1361.5,1361.5,Don't know
1,92084,Female,0,0,0,23,0,0,DSL,0,0,0,0,1,1,Month-to-month,1,0,2,44.95,996.85,No,0,65,1033.8500000000001,1033.8500000000001,Don't know
1,92086,Female,1,1,0,64,1,0,Fiber optic,1,1,1,0,0,1,One year,0,1,5,97.0,6430.9,No,0,68,6208.0,6208.0,Don't know
1,92091,Male,0,1,0,37,1,1,DSL,1,0,1,1,0,0,Two year,1,1,5,62.8,2278.75,No,0,66,2323.6,2323.6,Don't know
1,92101,Male,0,0,0,17,1,0,DSL,0,0,0,0,0,0,One year,0,0,1,44.6,681.4,No,0,67,758.2,758.2,Don't know
1,92102,Female,1,0,0,7,1,0,Fiber optic,0,0,0,0,1,1,Month-to-month,1,0,3,89.15,574.35,No,0,25,624.0500000000001,624.0500000000001,Don't know
1,92106,Female,1,0,0,16,1,1,DSL,1,0,0,0,0,0,Month-to-month,1,0,3,54.1,889,No,0,38,865.6,865.6,Don't know
1,92107,Male,0,1,0,64,1,1,Fiber optic,0,1,0,1,1,1,Two year,1,0,6,105.25,6823.4,No,0,72,6736.0,6736.0,Don't know
1,92109,Male,0,1,0,42,1,1,Fiber optic,1,0,0,0,1,1,One year,0,0,5,97.1,4016.75,No,0,71,4078.2,4078.2,Don't know
1,92110,Male,0,0,1,5,1,0,No,0,0,0,0,0,0,Month-to-month,0,0,1,20.2,83.75,No,0,58,101.0,101.0,Don't know
1,92111,Female,0,0,0,41,1,0,Fiber optic,0,1,0,1,1,1,Two year,1,1,5,98.8,3959.15,No,0,69,4050.7999999999997,4050.7999999999997,Don't know
1,92113,Male,0,1,0,58,1,0,DSL,0,0,1,0,0,0,One year,0,1,2,50.3,2878.55,No,0,30,2917.3999999999996,2917.3999999999996,Don't know
1,92114,Female,0,0,0,47,1,0,No,0,0,0,0,0,0,Two year,1,0,1,20.55,945.7,No,0,53,965.85,965.85,Don't know
1,92115,Male,0,0,0,18,1,0,Fiber optic,0,0,0,1,0,0,Month-to-month,1,1,2,75.9,1373.05,No,0,62,1366.2,1366.2,Don't know
1,92117,Male,0,1,0,23,1,0,DSL,1,0,0,0,0,1,Month-to-month,1,1,3,59.95,1406,No,0,42,1378.8500000000001,1378.8500000000001,Don't know
1,92118,Female,0,0,0,1,1,0,No,0,0,0,0,0,0,Month-to-month,0,0,1,19.15,19.15,No,0,51,19.15,19.15,Don't know
1,92119,Male,0,1,0,71,1,1,Fiber optic,0,0,1,0,1,1,One year,1,1,5,98.65,6962.85,No,0,28,7004.150000000001,7004.150000000001,Don't know
1,92120,Male,0,1,1,72,1,1,Fiber optic,1,1,1,1,1,1,Two year,1,1,8,112.6,8126.65,No,0,70,8107.2,8107.2,Don't know
1,92121,Male,0,1,0,33,1,0,No,0,0,0,0,0,0,One year,0,0,1,20.6,690.25,No,0,52,679.8000000000001,679.8000000000001,Don't know
1,92123,Male,0,0,0,24,0,0,DSL,1,0,0,1,0,0,Two year,0,0,2,35.75,830.8,No,0,64,858.0,858.0,Don't know
1,92124,Female,0,1,0,56,1,1,Fiber optic,0,1,1,1,0,1,One year,1,1,6,99.75,5608.4,No,0,68,5586.0,5586.0,Don't know
1,92126,Male,0,0,0,37,1,0,Fiber optic,0,1,0,0,1,1,Month-to-month,1,1,4,96.1,3646.8,No,0,75,3555.7,3555.7,Don't know
1,92127,Female,0,0,0,43,1,1,DSL,0,1,1,1,1,1,One year,0,1,7,85.1,3662.25,No,0,5,3659.2999999999997,3659.2999999999997,Don't know
1,92128,Male,0,0,0,1,0,0,DSL,0,0,0,0,0,0,Month-to-month,0,0,0,25.35,25.35,No,0,51,25.35,25.35,Don't know
1,92130,Female,0,0,0,61,1,1,DSL,1,1,1,1,1,1,Two year,0,0,8,89.65,5308.7,No,0,48,5468.650000000001,5468.650000000001,Don't know
1,92131,Male,0,0,0,17,1,1,Fiber optic,0,0,1,1,0,0,One year,0,0,4,86.75,1410.25,No,0,29,1474.75,1474.75,Don't know
1,92139,Female,0,1,0,41,1,0,Fiber optic,0,1,1,1,0,0,One year,1,1,4,86.2,3339.05,No,0,62,3534.2000000000003,3534.2000000000003,Don't know
1,92173,Male,1,1,0,72,0,0,DSL,1,1,1,1,1,1,Two year,1,1,6,64.8,4732.35,No,0,68,4665.599999999999,4665.599999999999,Don't know
1,92203,Male,0,0,0,48,1,1,Fiber optic,0,1,1,0,1,1,Two year,1,1,6,108.1,5067.45,No,0,76,5188.799999999999,5188.799999999999,Don't know
1,92220,Female,0,0,0,42,0,0,DSL,1,1,1,1,0,1,One year,1,0,5,54.75,2348.45,No,0,62,2299.5,2299.5,Don't know
1,92223,Male,0,0,0,44,1,1,Fiber optic,0,0,1,0,0,1,Month-to-month,1,0,4,90.4,4063,No,0,63,3977.6000000000004,3977.6000000000004,Don't know
1,92225,Male,0,0,1,1,1,0,DSL,0,0,0,0,0,0,Month-to-month,0,0,1,44.0,44,No,0,29,44.0,44.0,Don't know
1,92227,Female,0,0,0,27,1,1,Fiber optic,0,0,0,0,1,1,Month-to-month,1,1,4,95.6,2595.25,No,0,21,2581.2,2581.2,Don't know
1,92230,Male,1,1,0,27,1,1,DSL,0,1,1,1,1,1,Month-to-month,1,1,7,84.8,2309.55,No,0,75,2289.6,2289.6,Don't know
1,92231,Female,1,0,0,2,1,0,DSL,0,0,0,0,0,0,Month-to-month,1,0,1,44.3,89.3,No,0,44,88.6,88.6,Don't know
1,92233,Female,0,0,0,19,1,0,No,0,0,0,0,0,0,Month-to-month,0,0,1,19.9,367.55,No,0,21,378.09999999999997,378.09999999999997,Don't know
1,92234,Female,1,1,0,42,1,1,Fiber optic,0,0,0,0,1,1,Month-to-month,1,0,4,95.05,3944.5,No,0,34,3992.1,3992.1,Don't know
1,92236,Female,0,0,0,66,1,1,DSL,1,1,1,1,1,1,Two year,1,1,8,90.05,5965.95,No,0,74,5943.3,5943.3,Don't know
1,92239,Male,1,1,0,33,1,1,Fiber optic,1,0,1,1,1,1,Month-to-month,1,1,7,109.9,3694.7,No,0,59,3626.7000000000003,3626.7000000000003,Don't know
1,92241,Male,1,0,0,33,0,0,DSL,0,0,1,1,1,1,Month-to-month,1,0,4,54.6,1803.7,No,0,30,1801.8,1801.8,Don't know
1,92242,Female,0,1,0,23,1,0,No,0,0,0,0,0,0,One year,0,0,1,20.05,415.1,No,0,9,461.15000000000003,461.15000000000003,Don't know
1,92243,Female,0,0,0,32,1,0,No,0,0,0,0,0,0,One year,0,1,1,19.75,624.15,No,0,46,632.0,632.0,Don't know
1,92249,Female,0,0,0,11,1,0,No,0,0,0,0,0,0,One year,0,1,1,20.05,237.7,No,0,48,220.55,220.55,Don't know
1,92251,Female,0,1,0,68,1,0,DSL,1,0,0,1,0,0,One year,0,1,3,55.9,3848.8,No,0,77,3801.2,3801.2,Don't know
1,92252,Male,0,0,0,20,1,0,No,0,0,0,0,0,0,Two year,1,0,1,19.7,419.4,No,0,56,394.0,394.0,Don't know
1,92253,Male,0,0,0,72,1,0,No,0,0,0,0,0,0,Two year,1,1,1,19.8,1468.75,No,0,9,1425.6000000000001,1425.6000000000001,Don't know
1,92254,Male,0,1,0,60,1,1,Fiber optic,1,0,1,0,1,0,One year,1,1,5,95.4,5812,No,0,46,5724.0,5724.0,Don't know
1,92256,Male,1,1,1,32,1,0,Fiber optic,0,1,0,0,1,1,Month-to-month,1,0,4,93.95,2861.45,No,0,62,3006.4,3006.4,Don't know
1,92260,Female,0,1,0,46,1,1,No,0,0,0,0,0,0,One year,1,1,2,24.45,1066.15,No,0,76,1124.7,1124.7,Don't know
1,92262,Female,0,1,0,29,1,1,Fiber optic,0,0,0,0,0,0,Month-to-month,1,0,2,74.95,2149.05,No,0,80,2173.55,2173.55,Don't know
1,92264,Male,0,0,0,51,1,1,Fiber optic,0,1,1,1,0,0,Month-to-month,1,0,5,87.35,4473,No,0,28,4454.849999999999,4454.849999999999,Don't know
1,92266,Female,1,1,0,48,1,0,Fiber optic,0,0,0,0,0,0,Month-to-month,1,1,1,70.65,3545.05,No,0,71,3391.2000000000003,3391.2000000000003,Don't know
1,92267,Female,0,1,1,16,1,0,Fiber optic,0,1,0,0,0,0,Month-to-month,0,1,2,73.25,1195.75,No,0,22,1172.0,1172.0,Don't know
1,92268,Male,0,1,0,70,1,1,Fiber optic,0,1,1,1,0,1,Two year,1,1,6,98.7,6858.9,No,0,57,6909.0,6909.0,Don't know
1,92270,Female,0,1,1,40,1,1,No,0,0,0,0,0,0,Two year,1,0,2,24.8,1024.7,No,0,72,992.0,992.0,Don't know
1,92275,Female,0,1,1,5,1,1,No,0,0,0,0,0,0,Month-to-month,1,0,2,24.3,132.25,No,0,20,121.5,121.5,Don't know
1,92276,Female,0,0,0,7,1,0,Fiber optic,0,0,0,0,0,0,Month-to-month,1,1,1,69.85,515.45,No,0,51,488.94999999999993,488.94999999999993,Don't know
1,92277,Male,0,0,0,29,1,1,Fiber optic,0,1,1,1,0,1,One year,0,1,6,100.55,2830.45,No,0,77,2915.95,2915.95,Don't know
1,92278,Male,0,1,0,44,1,1,No,0,0,0,0,0,0,One year,0,0,2,25.7,1110.5,No,0,80,1130.8,1130.8,Don't know
1,92280,Female,0,0,0,10,0,0,DSL,1,1,1,0,0,0,Month-to-month,0,1,3,40.7,449.3,No,0,26,407.0,407.0,Don't know
1,92281,Female,1,1,0,55,1,1,DSL,0,0,0,0,0,0,Month-to-month,0,1,2,51.65,2838.55,No,0,24,2840.75,2840.75,Don't know
1,92282,Male,1,1,0,52,1,1,Fiber optic,0,1,1,0,1,1,One year,1,1,6,105.1,5376.4,No,0,47,5465.2,5465.2,Don't know
1,92283,Female,0,1,1,10,1,1,Fiber optic,0,0,0,0,0,1,Month-to-month,0,0,3,85.95,858.6,No,0,20,859.5,859.5,Don't know
1,92284,Male,0,0,0,18,1,1,Fiber optic,0,0,0,0,0,0,Month-to-month,1,1,2,75.6,1395.05,No,0,78,1360.8,1360.8,Don't know
1,92285,Female,0,1,0,68,1,1,DSL,1,0,0,1,0,0,One year,0,1,4,58.25,3975.7,No,0,74,3961.0,3961.0,Don't know
1,92304,Female,0,1,0,72,0,0,DSL,1,1,1,1,1,1,Two year,1,1,6,65.2,4784.45,No,0,27,4694.400000000001,4694.400000000001,Don't know
1,92305,Male,0,0,0,2,1,0,DSL,1,0,1,0,0,0,Month-to-month,0,0,3,53.45,119.5,No,0,25,106.9,106.9,Don't know
1,92308,Male,0,1,0,41,1,0,No,0,0,0,0,0,0,Two year,1,0,1,19.75,899.45,No,0,53,809.75,809.75,Don't know
1,92309,Female,0,0,0,26,0,0,DSL,0,0,1,1,1,0,Month-to-month,1,1,3,44.45,1183.8,No,0,26,1155.7,1155.7,Don't know
1,92310,Male,0,1,0,36,1,0,No,0,0,0,0,0,0,One year,0,1,1,20.85,720.05,No,0,78,750.6,750.6,Don't know
1,92311,Male,0,1,0,72,1,1,Fiber optic,1,1,1,1,1,1,Two year,1,1,8,114.05,8468.2,No,0,39,8211.6,8211.6,Don't know
1,92313,Male,0,1,0,35,1,1,Fiber optic,0,0,0,1,0,1,Month-to-month,1,1,4,89.85,3161.2,No,0,78,3144.75,3144.75,Don't know
1,92314,Male,0,0,0,1,1,0,DSL,0,0,1,1,0,0,Month-to-month,0,0,3,55.05,55.05,No,0,32,55.05,55.05,Don't know
1,92315,Female,0,1,1,16,1,1,Fiber optic,1,0,1,1,1,1,Month-to-month,1,0,7,112.95,1882.55,No,0,70,1807.2,1807.2,Don't know
1,92316,Female,1,0,0,49,1,1,Fiber optic,1,0,0,0,1,1,Month-to-month,0,1,5,101.55,5070.4,No,0,22,4975.95,4975.95,Don't know
1,92320,Female,0,1,0,54,1,1,Fiber optic,1,1,1,1,1,1,One year,1,0,8,114.65,6049.5,No,0,67,6191.1,6191.1,Don't know
1,92321,Female,0,0,1,18,1,1,DSL,1,0,0,0,0,1,Month-to-month,0,0,4,64.8,1166.7,No,0,37,1166.3999999999999,1166.3999999999999,Don't know
1,92324,Female,0,1,0,36,1,0,Fiber optic,0,0,0,0,0,1,Month-to-month,0,0,2,80.4,2937.65,No,0,35,2894.4,2894.4,Don't know
1,92328,Female,0,1,0,52,1,1,No,0,0,0,0,0,0,Two year,1,1,2,25.05,1270.25,No,0,42,1302.6000000000001,1302.6000000000001,Don't know
1,92332,Male,0,1,1,8,1,0,Fiber optic,0,0,1,0,1,1,Month-to-month,1,0,4,94.75,759.55,No,0,44,758.0,758.0,Don't know
1,92333,Male,0,1,0,72,1,0,Fiber optic,1,1,0,1,1,1,Two year,0,1,6,105.5,7611.55,No,0,25,7596.0,7596.0,Don't know
1,92335,Female,0,0,0,64,1,1,No,0,0,0,0,0,0,One year,0,0,2,24.7,1642.75,No,0,32,1580.8,1580.8,Don't know
1,92336,Female,1,0,0,22,1,0,DSL,1,0,1,1,0,1,Month-to-month,1,0,5,69.75,1545.4,No,0,32,1534.5,1534.5,Don't know
1,92337,Male,0,1,0,60,0,0,DSL,0,1,1,1,1,1,Month-to-month,1,1,5,60.2,3582.4,No,0,76,3612.0,3612.0,Don't know
1,92339,Female,0,1,0,61,1,1,No,0,0,0,0,0,0,Two year,0,0,2,24.4,1417.9,No,0,23,1488.3999999999999,1488.3999999999999,Don't know
1,92341,Female,0,0,0,24,1,1,Fiber optic,0,1,1,0,1,1,Month-to-month,1,0,6,104.15,2494.65,No,0,61,2499.6000000000004,2499.6000000000004,Don't know
1,92342,Male,0,1,0,28,1,0,Fiber optic,0,1,1,1,1,0,One year,0,1,5,92.9,2768.35,No,0,51,2601.2000000000003,2601.2000000000003,Don't know
1,92345,Female,0,1,0,30,1,0,DSL,0,1,1,1,1,1,Two year,0,1,6,80.8,2369.3,No,0,46,2424.0,2424.0,Don't know
1,92346,Male,0,1,0,2,1,0,No,0,0,0,0,0,0,Month-to-month,0,0,1,20.0,38,No,0,77,40.0,40.0,Don't know
1,92347,Male,0,0,0,1,1,1,Fiber optic,0,0,0,0,0,0,Month-to-month,1,0,2,75.1,75.1,No,0,28,75.1,75.1,Don't know
1,92352,Male,0,0,1,6,1,0,No,0,0,0,0,0,0,Month-to-month,0,0,1,19.65,100.9,No,0,34,117.89999999999999,117.89999999999999,Don't know
1,92354,Female,0,1,0,24,1,0,DSL,0,1,0,0,1,1,Month-to-month,1,1,4,69.45,1614.05,No,0,35,1666.8000000000002,1666.8000000000002,Don't know
1,92359,Male,1,1,0,72,1,1,Fiber optic,1,1,1,1,1,1,Two year,1,1,8,116.05,8404.9,No,0,64,8355.6,8355.6,Don't know
1,92363,Male,0,0,0,70,0,0,DSL,0,0,0,1,0,1,Two year,1,0,2,40.05,2799.75,No,0,57,2803.5,2803.5,Don't know
1,92364,Male,1,1,0,64,1,1,Fiber optic,0,0,1,1,1,1,Two year,0,0,6,102.1,6538.45,No,0,28,6534.4,6534.4,Don't know
1,92365,Male,0,1,0,72,1,1,Fiber optic,0,1,0,0,1,0,One year,1,0,4,89.7,6588.95,No,0,76,6458.400000000001,6458.400000000001,Don't know
1,92368,Female,0,0,0,44,1,0,No,0,0,0,0,0,0,Two year,0,0,1,19.9,868.1,No,0,63,875.5999999999999,875.5999999999999,Don't know
1,92372,Female,1,0,0,17,1,0,No,0,0,0,0,0,0,One year,0,0,1,20.65,330.6,No,0,40,351.04999999999995,351.04999999999995,Don't know
1,92374,Male,0,1,0,9,1,0,DSL,0,0,1,0,1,1,Month-to-month,1,0,4,70.05,564.4,No,0,69,630.4499999999999,630.4499999999999,Don't know
1,92376,Male,0,1,0,24,1,0,DSL,1,0,0,1,0,0,Month-to-month,0,0,3,53.6,1315.35,No,0,47,1286.4,1286.4,Don't know
1,92384,Male,1,1,1,35,1,0,DSL,0,1,0,1,1,1,Month-to-month,1,0,5,76.05,2747.2,No,0,38,2661.75,2661.75,Don't know
1,92386,Female,0,1,1,7,1,0,DSL,1,1,1,1,1,0,Month-to-month,1,0,6,75.7,554.05,No,0,37,529.9,529.9,Don't know
1,92394,Male,0,1,1,11,1,0,No,0,0,0,0,0,0,Two year,0,0,1,19.65,225.75,No,0,33,216.14999999999998,216.14999999999998,Don't know
1,92398,Female,1,0,0,20,1,0,Fiber optic,0,0,0,0,0,1,Month-to-month,1,0,2,81.45,1671.6,No,0,27,1629.0,1629.0,Don't know
1,92399,Female,0,1,0,72,1,1,Fiber optic,0,1,1,1,1,1,One year,1,1,7,108.5,8003.8,No,0,56,7812.0,7812.0,Don't know
1,92404,Male,0,1,1,72,1,1,Fiber optic,0,0,0,0,0,1,Two year,1,1,3,84.5,6130.85,No,0,50,6084.0,6084.0,Don't know
1,92405,Female,0,0,0,15,1,1,Fiber optic,0,1,0,0,1,1,Month-to-month,1,0,5,100.15,1415,No,0,65,1502.25,1502.25,Don't know
1,92407,Male,0,0,0,72,1,1,DSL,0,1,1,1,1,1,Two year,1,1,7,88.6,6201.95,No,0,52,6379.2,6379.2,Don't know
1,92408,Female,0,1,0,0,0,0,DSL,1,0,1,1,1,0,Two year,1,1,4,52.55, ,No,0,36,0.0,0.0,Don't know
1,92411,Male,0,1,1,63,1,1,Fiber optic,0,1,1,0,1,1,Two year,1,1,6,104.8,6597.25,No,0,20,6602.4,6602.4,Don't know
1,92501,Female,0,0,0,2,1,0,DSL,0,1,0,0,1,0,Month-to-month,1,0,3,59.0,114.15,No,0,33,118.0,118.0,Don't know
1,92504,Male,1,1,0,61,1,1,DSL,0,1,0,0,0,1,One year,0,1,4,64.05,3902.6,No,0,29,3907.0499999999997,3907.0499999999997,Don't know
1,92505,Male,0,0,0,1,1,0,No,0,0,0,0,0,0,Month-to-month,0,0,1,20.4,20.4,No,0,46,20.4,20.4,Don't know
1,92507,Male,0,1,0,28,1,0,DSL,1,1,0,1,0,0,Month-to-month,0,0,4,60.9,1785.65,No,0,76,1705.2,1705.2,Don't know
1,92508,Female,0,1,0,70,1,0,No,0,0,0,0,0,0,Two year,0,1,1,19.8,1397.65,No,0,30,1386.0,1386.0,Don't know
1,92530,Male,0,0,0,34,1,1,Fiber optic,1,1,1,1,1,1,One year,0,1,8,116.25,3899.05,No,0,22,3952.5,3952.5,Don't know
1,92532,Female,1,1,0,71,1,1,Fiber optic,1,0,0,0,0,0,Two year,1,1,3,80.7,5676,No,0,54,5729.7,5729.7,Don't know
1,92536,Female,0,1,0,70,1,1,DSL,1,0,0,0,0,1,One year,0,1,4,65.2,4543.15,No,0,20,4564.0,4564.0,Don't know
1,92539,Female,0,1,1,52,1,0,Fiber optic,1,0,1,1,0,0,Month-to-month,1,1,4,84.05,4326.8,No,0,48,4370.599999999999,4370.599999999999,Don't know
1,92543,Male,0,0,0,69,1,1,DSL,1,1,1,1,1,0,Two year,1,1,7,79.45,5502.55,No,0,28,5482.05,5482.05,Don't know
1,92545,Male,0,0,1,11,1,1,Fiber optic,0,0,1,0,0,0,Month-to-month,1,0,3,78.0,851.8,No,0,23,858.0,858.0,Don't know
1,92551,Female,0,0,0,1,1,0,No,0,0,0,0,0,0,Month-to-month,0,0,1,19.85,19.85,No,0,51,19.85,19.85,Don't know
1,92553,Male,1,1,0,20,1,0,Fiber optic,1,0,1,1,0,1,One year,0,1,5,94.3,1818.3,No,0,32,1886.0,1886.0,Don't know
1,92555,Male,0,0,0,61,1,1,Fiber optic,1,0,1,0,1,1,Month-to-month,1,0,6,106.45,6300.15,No,0,65,6493.45,6493.45,Don't know
1,92561,Female,0,0,0,56,1,1,Fiber optic,0,1,0,1,1,1,Month-to-month,1,1,6,105.45,5916.95,No,0,55,5905.2,5905.2,Don't know
1,92562,Male,0,0,0,30,1,1,Fiber optic,1,1,1,1,0,0,Month-to-month,1,1,6,95.0,2852.4,No,0,64,2850.0,2850.0,Don't know
1,92567,Female,0,0,0,28,1,0,DSL,1,0,0,1,0,0,One year,0,0,3,54.3,1546.3,No,0,30,1520.3999999999999,1520.3999999999999,Don't know
1,92570,Female,1,1,0,5,1,0,Fiber optic,0,0,0,0,0,0,Month-to-month,0,0,1,70.05,302.6,No,0,24,350.25,350.25,Don't know
1,92582,Male,0,0,0,12,1,0,No,0,0,0,0,0,0,Month-to-month,0,1,1,20.05,265.45,No,0,56,240.60000000000002,240.60000000000002,Don't know
1,92583,Male,0,1,1,67,1,1,Fiber optic,0,1,1,0,1,1,One year,1,0,6,105.4,6989.45,No,0,45,7061.8,7061.8,Don't know
1,92584,Male,1,1,0,29,1,1,DSL,0,0,0,0,0,0,Month-to-month,1,0,2,51.6,1442,No,0,39,1496.4,1496.4,Don't know
1,92585,Male,0,1,1,55,1,1,Fiber optic,0,0,0,0,0,1,Month-to-month,0,1,3,85.5,4713.4,No,0,20,4702.5,4702.5,Don't know
1,92590,Male,0,0,0,52,1,0,Fiber optic,1,0,1,0,1,0,One year,0,0,4,91.25,4738.3,No,0,29,4745.0,4745.0,Don't know
1,92591,Male,1,1,1,72,1,1,Fiber optic,1,1,1,1,1,1,Two year,1,1,8,115.75,8399.15,No,0,60,8334.0,8334.0,Don't know
1,92592,Male,0,1,1,58,1,1,Fiber optic,0,1,0,1,1,0,One year,1,1,5,94.7,5430.35,No,0,49,5492.6,5492.6,Don't know
1,92595,Male,0,1,1,35,1,0,No,0,0,0,0,0,0,Two year,0,0,1,19.6,686.95,No,0,20,686.0,686.0,Don't know
1,92596,Female,1,0,0,56,1,1,Fiber optic,0,1,1,1,1,0,Two year,1,1,6,99.9,5706.3,No,0,45,5594.400000000001,5594.400000000001,Don't know
1,92602,Female,0,1,1,24,1,0,No,0,0,0,0,0,0,Two year,1,1,1,21.1,490.65,No,0,46,506.40000000000003,506.40000000000003,Don't know
1,92604,Male,0,1,1,70,1,0,No,0,0,0,0,0,0,Two year,0,1,1,20.05,1360.25,No,0,64,1403.5,1403.5,Don't know
1,92606,Male,0,0,0,2,1,0,Fiber optic,0,0,0,0,1,0,Month-to-month,1,0,2,79.95,174.45,No,0,44,159.9,159.9,Don't know
1,92610,Male,1,1,1,68,1,1,Fiber optic,0,0,1,1,1,1,One year,1,1,6,107.15,7379.8,No,0,66,7286.200000000001,7286.200000000001,Don't know
1,92614,Male,0,0,0,12,1,1,Fiber optic,0,0,1,0,1,0,Month-to-month,1,0,4,89.55,1021.75,No,0,79,1074.6,1074.6,Don't know
1,92618,Female,0,1,0,63,1,1,Fiber optic,0,1,0,0,0,0,Month-to-month,1,1,3,81.55,5029.05,No,0,41,5137.65,5137.65,Don't know
1,92620,Female,0,1,0,33,1,0,DSL,1,1,1,0,0,0,One year,1,0,4,58.45,1955.4,No,0,21,1928.8500000000001,1928.8500000000001,Don't know
1,92624,Female,0,1,0,69,1,0,Fiber optic,0,1,0,0,1,1,One year,1,1,4,95.65,6744.2,No,0,45,6599.85,6599.85,Don't know
1,92625,Female,0,1,0,60,1,0,DSL,0,1,1,1,1,1,Two year,1,1,6,80.6,4946.7,No,0,52,4836.0,4836.0,Don't know
1,92626,Female,0,1,1,72,1,1,Fiber optic,1,1,1,1,1,1,Two year,1,1,8,113.1,8248.5,No,0,23,8143.2,8143.2,Don't know
1,92627,Female,0,0,0,11,1,1,DSL,0,0,0,0,0,1,Month-to-month,1,0,3,58.95,601.6,No,0,21,648.45,648.45,Don't know
1,92629,Female,0,0,0,1,1,0,No,0,0,0,0,0,0,Month-to-month,0,0,1,19.55,19.55,No,0,80,19.55,19.55,Don't know
1,92647,Male,0,1,1,34,1,0,Fiber optic,0,0,0,0,0,1,One year,1,1,2,78.95,2647.2,No,0,43,2684.3,2684.3,Don't know
1,92649,Female,0,0,0,65,1,1,Fiber optic,0,1,0,1,1,1,One year,1,1,6,105.05,6744.25,No,0,73,6828.25,6828.25,Don't know
1,92651,Male,1,1,0,50,1,1,Fiber optic,1,1,1,0,1,0,One year,1,1,6,101.9,5265.5,No,0,25,5095.0,5095.0,Don't know
1,92653,Male,0,0,0,15,1,0,No,0,0,0,0,0,0,Month-to-month,0,0,1,19.75,311.6,No,0,29,296.25,296.25,Don't know
1,92655,Male,0,1,1,72,1,1,Fiber optic,1,1,1,0,1,1,Two year,1,1,7,110.3,7966.9,No,0,73,7941.599999999999,7941.599999999999,Don't know
1,92656,Female,0,1,1,72,1,1,Fiber optic,1,1,1,1,1,1,Two year,1,1,8,115.6,8220.4,No,0,65,8323.199999999999,8323.199999999999,Don't know
1,92657,Male,0,1,1,55,1,0,No,0,0,0,0,0,0,Two year,0,1,1,19.35,1153.25,No,0,49,1064.25,1064.25,Don't know
1,92660,Female,0,1,1,23,1,1,No,0,0,0,0,0,0,Two year,1,1,2,25.6,514.75,No,0,78,588.8000000000001,588.8000000000001,Don't know
1,92662,Female,0,1,0,56,1,1,DSL,1,0,1,0,0,1,One year,1,1,5,68.75,3808,No,0,64,3850.0,3850.0,Don't know
1,92663,Female,0,0,0,1,1,0,No,0,0,0,0,0,0,Month-to-month,0,1,1,19.9,19.9,No,0,49,19.9,19.9,Don't know
1,92672,Male,0,0,0,38,1,0,DSL,1,1,0,1,1,0,One year,0,0,5,70.6,2708.2,No,0,67,2682.7999999999997,2682.7999999999997,Don't know
1,92673,Male,0,0,0,11,1,0,Fiber optic,0,0,0,0,0,0,Month-to-month,0,0,1,70.2,760.05,No,0,34,772.2,772.2,Don't know
1,92675,Male,0,0,0,1,1,0,DSL,0,0,0,1,0,0,Month-to-month,1,0,2,49.3,49.3,No,0,45,49.3,49.3,Don't know
1,92676,Male,0,1,0,56,1,1,Fiber optic,0,1,0,1,1,1,One year,1,0,6,107.25,6033.3,No,0,70,6006.0,6006.0,Don't know
1,92677,Male,0,1,0,3,1,1,No,0,0,0,0,0,0,Month-to-month,1,0,2,23.6,89.05,No,0,27,70.80000000000001,70.80000000000001,Don't know
1,92679,Male,0,1,1,7,1,0,DSL,1,0,0,0,1,1,Month-to-month,0,1,4,69.7,516.15,No,0,50,487.90000000000003,487.90000000000003,Don't know
1,92683,Male,0,1,1,59,1,1,Fiber optic,0,0,1,0,1,1,Two year,1,1,5,99.5,5861.75,No,0,35,5870.5,5870.5,Don't know
1,92688,Male,0,0,0,7,1,0,DSL,0,0,1,1,1,0,Month-to-month,0,1,4,64.3,445.95,No,0,40,450.09999999999997,450.09999999999997,Don't know
1,92691,Male,0,1,0,71,1,0,DSL,1,0,1,1,0,1,Two year,1,1,5,70.85,4973.4,No,0,25,5030.349999999999,5030.349999999999,Don't know
1,92692,Male,0,1,1,15,1,0,Fiber optic,1,0,0,1,1,1,One year,0,0,5,101.9,1667.25,No,0,28,1528.5,1528.5,Don't know
1,92694,Male,0,1,0,71,1,1,DSL,1,1,0,1,1,0,Two year,0,1,6,73.5,5357.75,No,0,31,5218.5,5218.5,Don't know
1,92703,Female,0,0,0,11,0,0,DSL,0,1,1,1,0,0,One year,1,1,3,40.4,422.6,No,0,62,444.4,444.4,Don't know
1,92704,Female,0,1,1,60,1,0,No,0,0,0,0,0,0,Two year,1,1,1,19.25,1103.25,No,0,52,1155.0,1155.0,Don't know
1,92705,Male,1,0,0,47,1,1,DSL,0,1,0,1,0,0,Two year,0,1,4,59.6,2754,No,0,33,2801.2000000000003,2801.2000000000003,Don't know
1,92706,Female,0,0,0,11,1,0,DSL,0,0,1,1,0,1,One year,0,1,4,64.9,697.25,No,0,49,713.9000000000001,713.9000000000001,Don't know
1,92708,Female,1,1,0,28,1,1,Fiber optic,0,1,1,1,1,1,Month-to-month,1,0,7,110.85,3204.4,No,0,58,3103.7999999999997,3103.7999999999997,Don't know
1,92780,Male,0,1,0,61,1,0,DSL,1,1,0,1,1,1,Two year,1,0,6,81.05,4747.65,No,0,20,4944.05,4944.05,Don't know
1,92782,Male,0,1,1,31,1,1,Fiber optic,1,0,1,0,1,0,One year,0,1,5,98.05,3082.1,No,0,80,3039.5499999999997,3039.5499999999997,Don't know
1,92801,Male,0,0,0,9,1,0,Fiber optic,0,0,0,0,0,0,Month-to-month,1,0,1,70.5,597.9,No,0,37,634.5,634.5,Don't know
1,92802,Male,1,1,0,35,1,1,Fiber optic,1,1,0,0,0,1,Month-to-month,1,0,5,94.55,3365.4,No,0,69,3309.25,3309.25,Don't know
1,92804,Male,0,0,0,2,1,0,No,0,0,0,0,0,0,Month-to-month,1,0,1,19.65,38.8,No,0,65,39.3,39.3,Don't know
1,92808,Female,0,1,1,1,1,0,No,0,0,0,0,0,0,Month-to-month,1,0,1,19.0,19,No,0,44,19.0,19.0,Don't know
1,92821,Female,0,0,0,3,1,0,No,0,0,0,0,0,0,Month-to-month,1,0,1,20.0,61.7,No,0,21,60.0,60.0,Don't know
1,92831,Male,0,0,0,52,1,0,DSL,1,1,0,0,1,0,Two year,1,1,4,63.25,3342.45,No,0,43,3289.0,3289.0,Don't know
1,92832,Male,0,1,0,5,1,0,No,0,0,0,0,0,0,One year,0,0,1,20.1,85.1,No,0,42,100.5,100.5,Don't know
1,92833,Male,0,1,0,72,1,1,Fiber optic,1,1,1,0,0,1,Two year,1,0,6,99.15,7422.1,No,0,46,7138.8,7138.8,Don't know
1,92835,Male,0,1,0,71,1,1,DSL,1,1,1,1,1,1,Two year,0,0,8,90.4,6668.05,No,0,40,6418.400000000001,6418.400000000001,Don't know
1,92840,Male,0,1,0,72,1,1,Fiber optic,1,0,1,1,1,1,Two year,1,1,7,111.9,8071.05,No,0,80,8056.8,8056.8,Don't know
1,92841,Male,0,1,0,46,1,1,No,0,0,0,0,0,0,One year,0,0,2,24.9,1174.8,No,0,41,1145.3999999999999,1145.3999999999999,Don't know
1,92843,Male,0,1,0,63,1,1,DSL,1,1,1,0,1,1,Two year,0,1,7,83.5,5435,No,0,75,5260.5,5260.5,Don't know
1,92844,Male,0,0,0,30,1,0,Fiber optic,1,1,1,0,0,0,Month-to-month,1,1,4,84.3,2438.6,No,0,66,2529.0,2529.0,Don't know
1,92845,Male,0,0,0,1,1,0,DSL,0,0,0,0,0,0,Month-to-month,0,0,1,45.6,45.6,No,0,50,45.6,45.6,Don't know
1,92861,Male,0,0,0,16,0,0,DSL,1,1,1,1,1,0,Two year,0,0,5,54.85,916.15,No,0,40,877.6,877.6,Don't know
1,92865,Male,0,0,0,4,1,1,DSL,0,0,0,1,0,1,Month-to-month,0,0,4,65.55,237.2,No,0,46,262.2,262.2,Don't know
1,92866,Male,0,1,0,51,1,1,Fiber optic,0,1,0,0,0,1,One year,1,1,4,90.35,4614.55,No,0,26,4607.849999999999,4607.849999999999,Don't know
1,92867,Male,0,1,0,65,1,0,No,0,0,0,0,0,0,Two year,1,1,1,20.4,1414.45,No,0,80,1326.0,1326.0,Don't know
1,92868,Male,0,0,0,16,1,0,Fiber optic,0,0,0,1,0,0,Month-to-month,1,1,2,74.55,1170.5,No,0,70,1192.8,1192.8,Don't know
1,92869,Male,0,0,0,2,1,0,No,0,0,0,0,0,0,One year,0,0,1,19.95,47.7,No,0,61,39.9,39.9,Don't know
1,92870,Female,0,1,1,66,1,1,Fiber optic,0,0,0,0,0,0,One year,1,1,2,74.25,4859.25,No,0,45,4900.5,4900.5,Don't know
1,92879,Male,0,0,0,46,1,1,Fiber optic,0,1,1,1,1,1,Two year,0,0,7,108.65,4903.2,No,0,25,4997.900000000001,4997.900000000001,Don't know
1,92880,Female,0,0,0,32,1,1,Fiber optic,1,0,1,1,1,1,One year,1,1,7,109.55,3608,No,0,72,3505.6,3505.6,Don't know
1,92881,Male,0,1,0,72,1,1,DSL,1,0,1,1,1,1,Two year,0,1,7,86.65,6094.25,No,0,61,6238.8,6238.8,Don't know
1,92882,Male,0,1,0,38,1,0,DSL,1,0,1,1,1,1,Two year,0,1,6,81.0,3084.9,No,0,75,3078.0,3078.0,Don't know
1,92883,Male,0,0,0,51,1,0,DSL,0,0,0,1,0,0,One year,0,1,2,47.85,2356.75,No,0,56,2440.35,2440.35,Don't know
1,92886,Male,0,1,1,72,1,1,Fiber optic,1,1,1,1,1,1,Two year,0,1,8,114.55,8306.05,No,0,51,8247.6,8247.6,Don't know
1,93004,Male,0,0,1,66,1,0,No,0,0,0,0,0,0,Two year,0,0,1,20.55,1357.1,No,0,74,1356.3,1356.3,Don't know
1,93010,Female,1,0,0,44,1,1,Fiber optic,1,1,1,0,1,1,One year,1,1,7,109.8,4860.35,No,0,35,4831.2,4831.2,Don't know
1,93012,Male,0,0,0,50,1,1,DSL,0,0,1,1,0,1,Two year,0,1,5,69.5,3418.2,No,0,76,3475.0,3475.0,Don't know
1,93013,Female,0,0,0,15,1,1,DSL,0,0,0,0,0,0,Month-to-month,0,0,2,48.85,631.4,No,0,78,732.75,732.75,Don't know
1,93015,Male,0,0,0,8,0,0,DSL,0,0,0,0,0,0,Month-to-month,1,1,0,25.25,186.3,No,0,33,202.0,202.0,Don't know
1,93021,Female,1,0,0,66,1,1,Fiber optic,0,0,1,1,1,1,One year,1,1,6,102.85,6976.75,No,0,40,6788.099999999999,6788.099999999999,Don't know
1,93022,Female,0,0,0,57,1,1,Fiber optic,1,1,0,1,0,0,Month-to-month,1,1,5,87.55,4884.85,No,0,43,4990.349999999999,4990.349999999999,Don't know
1,93023,Female,0,0,0,7,1,1,Fiber optic,0,1,0,0,0,0,Month-to-month,1,1,3,78.55,522.95,No,0,61,549.85,549.85,Don't know
1,93030,Male,1,1,1,10,0,0,DSL,0,0,0,0,0,1,Month-to-month,1,1,1,34.55,362.6,No,0,55,345.5,345.5,Don't know
1,93033,Female,0,0,0,62,1,1,Fiber optic,1,1,1,0,0,0,One year,1,0,5,92.05,5755.8,No,0,71,5707.099999999999,5707.099999999999,Don't know
1,93035,Male,0,1,1,40,1,0,Fiber optic,0,0,1,0,1,0,One year,1,0,3,85.05,3355.65,No,0,50,3402.0,3402.0,Don't know
1,93040,Female,0,0,0,20,1,0,No,0,0,0,0,0,0,Two year,0,0,1,19.7,406.95,No,0,76,394.0,394.0,Don't know
1,93060,Female,0,1,0,25,1,0,Fiber optic,0,0,0,1,1,1,Month-to-month,1,0,4,95.15,2395.7,No,0,52,2378.75,2378.75,Don't know
1,93063,Male,0,1,0,23,1,1,Fiber optic,0,1,1,0,0,0,Month-to-month,0,0,4,84.25,1968.1,No,0,33,1937.75,1937.75,Don't know
1,93065,Female,1,1,0,66,1,1,Fiber optic,0,1,1,0,1,1,One year,0,1,6,104.6,6819.45,No,0,27,6903.599999999999,6903.599999999999,Don't know
1,93066,Female,1,0,0,72,1,1,Fiber optic,0,1,1,1,1,1,Two year,0,0,7,111.65,7943.45,No,0,75,8038.8,8038.8,Don't know
1,93103,Female,0,1,0,46,1,1,DSL,1,0,0,0,0,0,Month-to-month,0,1,3,55.0,2473.95,No,0,40,2530.0,2530.0,Don't know
1,93105,Male,0,1,0,72,1,1,DSL,1,1,1,1,1,1,Two year,0,1,8,89.85,6562.9,No,0,50,6469.2,6469.2,Don't know
1,93108,Male,0,0,0,10,1,0,No,0,0,0,0,0,0,One year,0,0,1,20.35,176.3,No,0,38,203.5,203.5,Don't know
1,93109,Female,0,0,0,40,0,0,DSL,1,0,0,1,1,1,One year,1,1,4,54.55,2236.2,No,0,74,2182.0,2182.0,Don't know
1,93111,Male,0,0,0,31,1,0,Fiber optic,0,0,1,1,1,1,Two year,0,1,5,99.45,3109.9,No,0,64,3082.9500000000003,3082.9500000000003,Don't know
1,93117,Female,0,1,0,68,1,1,DSL,1,1,1,1,0,0,Two year,0,1,6,70.9,4911.35,No,0,50,4821.200000000001,4821.200000000001,Don't know
1,93203,Male,0,1,1,68,1,1,No,0,0,0,0,0,0,Two year,0,1,2,25.4,1620.2,No,0,72,1727.1999999999998,1727.1999999999998,Don't know
1,93206,Female,1,0,0,49,1,0,Fiber optic,0,1,1,0,0,1,One year,1,1,4,89.85,4287.2,No,0,30,4402.65,4402.65,Don't know
1,93207,Female,0,1,1,15,1,1,No,0,0,0,0,0,0,Month-to-month,1,0,2,25.25,394.85,No,0,59,378.75,378.75,Don't know
1,93212,Male,0,1,0,50,1,1,DSL,0,0,1,1,1,0,One year,1,0,5,69.65,3442.15,No,0,27,3482.5000000000005,3482.5000000000005,Don't know
1,93218,Male,1,0,0,24,1,0,Fiber optic,0,0,0,0,0,0,Month-to-month,0,1,1,70.0,1732.6,No,0,77,1680.0,1680.0,Don't know
1,93222,Male,0,1,1,35,1,0,No,0,0,0,0,0,0,Two year,0,0,1,20.1,655.3,No,0,65,703.5,703.5,Don't know
1,93223,Female,0,0,0,17,1,1,No,0,0,0,0,0,0,Month-to-month,0,0,2,24.8,475.25,No,0,66,421.6,421.6,Don't know
1,93225,Male,0,0,0,10,1,0,Fiber optic,0,0,0,1,1,1,Month-to-month,1,1,4,95.1,865.1,No,0,33,951.0,951.0,Don't know
1,93226,Male,0,1,0,68,1,1,DSL,1,1,1,1,1,1,Two year,1,1,8,88.85,6132.7,No,0,42,6041.799999999999,6041.799999999999,Don't know
1,93230,Male,0,1,0,45,1,0,DSL,1,1,1,0,1,1,One year,0,1,6,78.8,3597.5,No,0,37,3546.0,3546.0,Don't know
1,93235,Male,0,1,0,37,1,0,No,0,0,0,0,0,0,Month-to-month,0,1,1,20.35,697.65,No,0,24,752.95,752.95,Don't know
1,93239,Female,0,0,0,10,1,0,DSL,0,0,0,0,0,0,Month-to-month,0,0,1,45.25,428.7,No,0,38,452.5,452.5,Don't know
1,93240,Male,0,0,0,1,1,0,No,0,0,0,0,0,0,Month-to-month,0,0,1,20.05,20.05,No,0,21,20.05,20.05,Don't know
1,93241,Male,0,1,0,65,1,1,DSL,1,1,0,0,0,1,Two year,1,0,5,69.55,4459.15,No,0,74,4520.75,4520.75,Don't know
1,93242,Female,0,1,1,57,1,0,No,0,0,0,0,0,0,Two year,0,1,1,19.5,1167.6,No,0,45,1111.5,1111.5,Don't know
1,93243,Female,0,0,0,3,1,0,Fiber optic,0,0,1,0,0,0,Month-to-month,1,0,2,74.75,238.1,No,0,21,224.25,224.25,Don't know
1,93245,Male,0,0,0,49,0,0,DSL,0,0,1,0,0,0,Month-to-month,1,1,1,30.2,1453.1,No,0,42,1479.8,1479.8,Don't know
1,93249,Female,0,1,0,70,0,0,DSL,0,1,1,1,1,1,Two year,0,1,5,57.8,4039.3,No,0,42,4046.0,4046.0,Don't know
1,93250,Female,0,1,0,53,1,0,No,0,0,0,0,0,0,One year,1,1,1,19.85,1039.45,No,0,42,1052.0500000000002,1052.0500000000002,Don't know
1,93251,Male,0,1,1,53,1,1,No,0,0,0,0,0,0,Two year,0,1,2,25.55,1336.1,No,0,46,1354.15,1354.15,Don't know
1,93254,Male,0,0,0,22,1,1,No,0,0,0,0,0,0,Month-to-month,1,1,2,24.85,493.4,No,0,51,546.7,546.7,Don't know
1,93256,Male,1,0,0,65,1,1,Fiber optic,1,0,1,1,1,1,Two year,1,0,7,110.35,7246.15,No,0,79,7172.75,7172.75,Don't know
1,93257,Female,0,0,0,48,1,1,No,0,0,0,0,0,0,One year,0,1,2,24.55,1203.95,No,0,41,1178.4,1178.4,Don't know
1,93261,Male,0,0,0,3,1,1,Fiber optic,0,1,1,0,1,1,Month-to-month,0,0,6,107.95,313.6,No,0,77,323.85,323.85,Don't know
1,93262,Male,0,1,0,45,1,1,Fiber optic,0,1,0,0,0,0,Month-to-month,0,1,3,81.4,3775.85,No,0,55,3663.0000000000005,3663.0000000000005,Don't know
1,93265,Female,0,1,0,61,1,0,DSL,0,0,1,1,1,1,Two year,1,1,5,73.8,4616.05,No,0,58,4501.8,4501.8,Don't know
1,93266,Male,0,0,0,3,1,0,DSL,1,0,0,1,1,0,Month-to-month,1,1,4,64.4,195.65,No,0,20,193.20000000000002,193.20000000000002,Don't know
1,93267,Female,1,0,0,40,1,1,Fiber optic,0,0,1,1,1,1,One year,1,1,6,103.75,4188.4,No,0,20,4150.0,4150.0,Don't know
1,93268,Female,0,0,0,1,1,0,Fiber optic,0,0,0,0,0,0,Month-to-month,0,0,1,71.1,71.1,No,0,64,71.1,71.1,Don't know
1,93270,Female,0,0,0,1,1,0,DSL,0,0,0,1,0,0,Month-to-month,1,0,2,49.9,49.9,No,0,56,49.9,49.9,Don't know
1,93271,Male,0,0,0,51,1,1,No,0,0,0,0,0,0,One year,1,1,2,24.6,1266.4,No,0,75,1254.6000000000001,1254.6000000000001,Don't know
1,93274,Male,0,0,0,52,0,0,DSL,0,1,0,0,0,0,One year,0,0,1,30.1,1623.4,No,0,51,1565.2,1565.2,Don't know
1,93276,Male,0,0,0,51,1,1,Fiber optic,0,0,0,0,0,1,Month-to-month,0,1,3,83.4,4149.45,No,0,65,4253.400000000001,4253.400000000001,Don't know
1,93277,Male,0,0,0,1,1,0,No,0,0,0,0,0,0,Month-to-month,1,0,1,20.45,20.45,No,0,48,20.45,20.45,Don't know
1,93280,Male,0,1,0,31,1,1,DSL,1,1,0,1,0,1,One year,1,1,6,75.25,2344.5,No,0,43,2332.75,2332.75,Don't know
1,93283,Male,0,0,0,47,1,0,No,0,0,0,0,0,0,One year,0,1,1,20.55,1013.05,No,0,56,965.85,965.85,Don't know
1,93286,Female,1,0,0,22,1,0,No,0,0,0,0,0,0,One year,1,0,1,20.05,417,No,0,21,441.1,441.1,Don't know
1,93287,Female,0,1,0,1,1,0,No,0,0,0,0,0,0,Month-to-month,1,0,1,20.65,20.65,No,0,59,20.65,20.65,Don't know
1,93291,Male,0,1,0,72,1,1,DSL,0,1,1,1,1,1,Two year,1,1,7,85.15,6316.2,No,0,76,6130.8,6130.8,Don't know
1,93301,Male,1,1,1,47,1,0,Fiber optic,0,1,0,0,1,0,One year,1,1,3,84.95,4018.05,No,0,68,3992.65,3992.65,Don't know
1,93304,Male,0,1,0,72,1,1,DSL,1,0,1,1,0,0,Two year,1,1,5,66.5,4811.6,No,0,49,4788.0,4788.0,Don't know
1,93305,Male,0,1,0,66,1,1,DSL,0,0,1,0,1,0,Two year,1,1,4,63.3,4189.7,No,0,60,4177.8,4177.8,Don't know
1,93306,Male,0,0,0,35,1,1,Fiber optic,0,0,0,0,1,0,Month-to-month,0,0,3,83.15,2848.45,No,0,65,2910.25,2910.25,Don't know
1,93307,Male,0,0,0,29,1,1,Fiber optic,0,0,0,0,0,1,Month-to-month,1,0,3,84.9,2516.2,No,0,69,2462.1000000000004,2462.1000000000004,Don't know
1,93308,Female,0,0,0,2,1,0,No,0,0,0,0,0,0,Month-to-month,1,0,1,20.55,33.6,No,0,25,41.1,41.1,Don't know
1,93309,Male,0,0,0,4,1,0,DSL,0,1,0,0,0,0,Month-to-month,0,0,2,49.25,208.45,No,0,37,197.0,197.0,Don't know
1,93312,Female,0,0,0,65,1,0,DSL,1,1,0,1,0,0,Two year,1,0,4,59.6,3739.8,No,0,75,3874.0,3874.0,Don't know
1,93313,Male,1,0,0,27,1,1,Fiber optic,0,1,0,1,1,1,One year,1,1,6,104.65,2964,No,0,31,2825.55,2825.55,Don't know
1,93401,Male,0,1,0,29,1,0,Fiber optic,0,0,1,0,0,0,Month-to-month,1,1,2,75.3,2263.4,No,0,40,2183.7,2183.7,Don't know
1,93402,Male,0,1,1,29,1,1,DSL,0,1,1,0,1,1,Month-to-month,0,1,6,80.1,2211.8,No,0,70,2322.8999999999996,2322.8999999999996,Don't know
1,93420,Female,0,1,0,20,1,0,Fiber optic,0,0,1,1,0,0,Month-to-month,1,0,3,81.0,1683.7,No,0,22,1620.0,1620.0,Don't know
1,93422,Female,0,0,0,58,1,1,No,0,0,0,0,0,0,Two year,1,1,2,24.7,1519,No,0,54,1432.6,1432.6,Don't know
1,93424,Female,0,0,1,14,1,1,Fiber optic,1,0,0,1,0,0,Month-to-month,1,0,4,86.0,1164.05,No,0,33,1204.0,1204.0,Don't know
1,93426,Male,0,1,0,72,1,1,No,0,0,0,0,0,0,Two year,0,0,2,25.4,1710.9,No,0,30,1828.8,1828.8,Don't know
1,93427,Male,0,0,0,46,1,1,Fiber optic,1,0,0,0,1,0,Month-to-month,1,1,4,89.15,4245.55,No,0,43,4100.900000000001,4100.900000000001,Don't know
1,93428,Female,0,1,0,71,0,0,DSL,0,1,1,1,1,1,Two year,0,1,5,58.25,4145.9,No,0,76,4135.75,4135.75,Don't know
1,93429,Male,0,0,0,32,1,1,Fiber optic,0,0,0,0,0,1,Month-to-month,1,1,3,85.65,2664.3,No,0,26,2740.8,2740.8,Don't know
1,93430,Female,0,0,0,26,0,0,DSL,0,0,1,0,1,1,Month-to-month,1,1,3,50.35,1277.5,No,0,48,1309.1000000000001,1309.1000000000001,Don't know
1,93432,Male,1,1,0,68,1,1,Fiber optic,0,0,1,0,0,0,Month-to-month,1,1,3,80.35,5589.3,No,0,28,5463.799999999999,5463.799999999999,Don't know
1,93433,Male,0,1,0,2,1,0,No,0,0,0,0,0,0,One year,0,0,1,20.2,34.75,No,0,44,40.4,40.4,Don't know
1,93434,Male,0,1,0,61,1,0,No,0,0,0,0,0,0,Two year,0,1,1,20.55,1305.95,No,0,36,1253.55,1253.55,Don't know
1,93441,Male,1,1,0,9,1,0,No,0,0,0,0,0,0,Month-to-month,1,0,1,21.25,204.55,No,0,69,191.25,191.25,Don't know
1,93442,Female,0,0,0,22,1,1,No,0,0,0,0,0,0,Two year,0,0,2,26.25,605.9,No,0,64,577.5,577.5,Don't know
1,93444,Female,0,1,1,5,1,0,Fiber optic,0,0,0,0,1,0,Month-to-month,1,0,2,80.85,356.1,No,0,69,404.25,404.25,Don't know
1,93446,Male,0,0,0,65,1,1,DSL,0,1,1,1,0,1,Two year,1,1,6,74.2,4805.65,No,0,39,4823.0,4823.0,Don't know
1,93450,Male,0,0,0,5,1,0,No,0,0,0,0,0,0,Month-to-month,0,0,1,20.35,92.75,No,0,76,101.75,101.75,Don't know
1,93451,Male,0,1,1,25,1,0,Fiber optic,0,1,0,0,0,0,Month-to-month,1,0,2,75.5,1901.05,No,0,33,1887.5,1887.5,Don't know
1,93452,Female,0,1,0,72,1,1,Fiber optic,1,0,0,0,0,0,Two year,0,1,3,79.05,5730.7,No,0,40,5691.599999999999,5691.599999999999,Don't know
1,93453,Female,0,1,0,27,1,1,Fiber optic,0,0,1,0,0,1,Month-to-month,0,1,4,90.15,2423.4,No,0,67,2434.05,2434.05,Don't know
1,93454,Male,0,1,1,32,0,0,DSL,0,0,1,0,1,1,Month-to-month,0,1,3,50.6,1653.45,No,0,40,1619.2,1619.2,Don't know
1,93455,Female,0,0,0,30,1,1,Fiber optic,0,1,1,1,1,1,One year,0,1,7,110.45,3327.05,No,0,45,3313.5,3313.5,Don't know
1,93458,Male,0,1,0,70,1,0,Fiber optic,1,1,1,1,0,1,Two year,0,1,6,101.0,7085.5,No,0,48,7070.0,7070.0,Don't know
1,93460,Male,1,0,0,42,1,1,Fiber optic,0,1,0,0,0,0,Month-to-month,1,1,3,79.35,3344.1,No,0,79,3332.7,3332.7,Don't know
1,93461,Female,1,1,0,72,1,1,DSL,1,1,1,1,1,1,Two year,1,1,8,89.85,6697.35,No,0,56,6469.2,6469.2,Don't know
1,93463,Female,0,0,0,47,1,1,DSL,1,0,1,1,0,0,Two year,1,0,5,65.0,2879.9,No,0,40,3055.0,3055.0,Don't know
1,93465,Female,0,0,0,2,1,0,Fiber optic,1,0,1,0,0,0,Month-to-month,1,0,3,80.45,137.1,No,0,67,160.9,160.9,Don't know
1,93505,Female,0,1,0,61,1,1,No,0,0,0,0,0,0,Two year,1,0,2,24.1,1551.6,No,0,21,1470.1000000000001,1470.1000000000001,Don't know
1,93510,Female,0,0,0,5,1,0,DSL,0,0,0,0,0,0,Month-to-month,1,1,1,44.05,202.15,No,0,74,220.25,220.25,Don't know
1,93512,Female,1,1,0,72,1,1,Fiber optic,0,1,1,1,1,1,Two year,1,1,7,110.8,7882.25,No,0,80,7977.599999999999,7977.599999999999,Don't know
1,93513,Male,1,1,0,72,1,1,Fiber optic,1,1,1,1,1,1,Two year,1,1,8,114.95,8196.4,No,0,61,8276.4,8276.4,Don't know
1,93514,Female,1,0,0,3,1,0,Fiber optic,0,0,1,0,0,0,Month-to-month,0,0,2,75.05,202.9,No,0,56,225.14999999999998,225.14999999999998,Don't know
1,93516,Male,0,1,0,48,1,0,No,0,0,0,0,0,0,Two year,0,0,1,19.25,855.1,No,0,46,924.0,924.0,Don't know
1,93517,Female,0,0,0,63,1,0,Fiber optic,0,0,1,1,1,0,One year,1,1,4,90.05,5817,No,0,45,5673.15,5673.15,Don't know
1,93518,Female,0,0,0,27,1,0,DSL,1,1,0,0,0,0,Month-to-month,1,0,3,56.7,1652.95,No,0,79,1530.9,1530.9,Don't know
1,93522,Male,0,1,0,70,1,0,DSL,1,1,1,0,1,1,Two year,1,1,6,80.15,5600.15,No,0,70,5610.5,5610.5,Don't know
1,93523,Male,0,1,1,7,1,0,DSL,1,0,1,1,0,1,Month-to-month,1,1,5,71.35,515.75,No,0,30,499.44999999999993,499.44999999999993,Don't know
1,93526,Male,0,0,0,0,1,0,No,0,0,0,0,0,0,Two year,0,0,1,20.25, ,No,0,68,0.0,0.0,Don't know
1,93527,Female,0,1,0,2,1,0,Fiber optic,1,1,0,0,1,0,Month-to-month,0,0,4,90.35,190.5,No,0,29,180.7,180.7,Don't know
1,93529,Male,0,0,0,66,1,0,No,0,0,0,0,0,0,Two year,0,1,1,19.7,1253.8,No,0,36,1300.2,1300.2,Don't know
1,93530,Female,0,0,0,3,1,0,No,0,0,0,0,0,0,Month-to-month,0,0,1,19.85,57.2,No,0,59,59.550000000000004,59.550000000000004,Don't know
1,93532,Female,0,1,0,72,1,1,Fiber optic,1,1,0,1,0,0,Two year,1,1,5,90.35,6563.4,No,0,49,6505.2,6505.2,Don't know
1,93534,Male,0,0,0,1,1,0,No,0,0,0,0,0,0,Month-to-month,0,0,1,20.8,20.8,No,0,38,20.8,20.8,Don't know
1,93541,Female,0,1,0,72,1,1,DSL,1,0,1,1,0,0,Two year,0,1,5,66.85,4758.8,No,0,32,4813.2,4813.2,Don't know
1,93543,Male,0,1,0,65,1,0,No,0,0,0,0,0,0,Two year,0,0,1,19.9,1292.6,No,0,34,1293.5,1293.5,Don't know
1,93544,Female,0,0,0,11,0,0,DSL,0,0,0,0,1,0,Month-to-month,1,0,1,35.8,363.15,No,0,44,393.79999999999995,393.79999999999995,Don't know
1,93545,Male,0,0,0,22,1,1,Fiber optic,0,1,0,0,0,0,Month-to-month,1,0,3,78.85,1600.25,No,0,75,1734.6999999999998,1734.6999999999998,Don't know
1,93546,Male,0,0,0,14,1,0,No,0,0,0,0,0,0,One year,0,1,1,20.4,275.7,No,0,50,285.59999999999997,285.59999999999997,Don't know
1,93549,Male,0,0,0,41,1,0,Fiber optic,0,0,0,1,0,0,Month-to-month,1,0,2,74.25,3089.1,No,0,78,3044.25,3044.25,Don't know
1,93550,Male,0,1,0,17,1,0,DSL,1,1,0,0,0,1,One year,0,0,4,64.8,1175.6,No,0,70,1101.6,1101.6,Don't know
1,93551,Male,0,0,0,11,1,0,No,0,0,0,0,0,0,Month-to-month,1,1,1,20.45,237.3,No,0,29,224.95,224.95,Don't know
1,93560,Female,0,1,0,72,1,1,Fiber optic,1,1,1,0,1,1,Two year,1,1,7,110.65,8065.65,No,0,22,7966.8,7966.8,Don't know
1,93561,Female,0,1,1,3,0,0,DSL,0,1,0,0,0,1,Month-to-month,0,0,2,40.3,92.5,No,0,65,120.89999999999999,120.89999999999999,Don't know
1,93563,Female,0,1,0,59,1,1,Fiber optic,1,1,1,1,0,1,One year,1,1,7,107.0,6152.3,No,0,51,6313.0,6313.0,Don't know
1,93601,Male,0,1,0,71,1,0,DSL,0,1,0,1,1,1,Two year,1,1,5,73.35,5154.5,No,0,68,5207.849999999999,5207.849999999999,Don't know
1,93602,Female,0,1,1,5,1,0,DSL,0,0,0,0,0,0,Month-to-month,0,0,1,44.8,220.45,No,0,64,224.0,224.0,Don't know
1,93603,Male,0,1,1,27,1,0,DSL,1,1,0,0,0,0,Month-to-month,1,1,3,54.75,1510.3,No,0,41,1478.25,1478.25,Don't know
1,93605,Male,0,0,0,63,0,0,DSL,1,1,0,1,0,0,One year,1,1,3,40.6,2588.95,No,0,80,2557.8,2557.8,Don't know
1,93608,Male,0,1,0,72,1,1,DSL,1,0,0,0,0,0,Two year,0,1,3,55.3,3983.6,No,0,64,3981.6,3981.6,Don't know
1,93609,Female,0,1,0,34,1,1,DSL,1,0,0,1,0,0,Month-to-month,1,1,4,60.85,2003.6,No,0,73,2068.9,2068.9,Don't know
1,93610,Female,0,1,0,24,1,1,DSL,1,1,0,0,1,1,One year,0,0,6,78.4,1832.4,No,0,77,1881.6000000000001,1881.6000000000001,Don't know
1,93611,Male,0,0,0,72,1,1,DSL,1,1,1,1,0,0,Two year,0,1,6,69.65,4908.25,No,0,32,5014.8,5014.8,Don't know
1,93612,Female,0,1,0,60,0,0,DSL,1,0,1,1,1,1,Two year,0,1,5,59.85,3590.2,No,0,37,3591.0,3591.0,Don't know
1,93614,Male,0,0,0,68,1,1,DSL,1,1,1,0,0,1,One year,1,1,6,76.9,5023,No,0,53,5229.200000000001,5229.200000000001,Don't know
1,93615,Female,0,1,0,8,1,0,No,0,0,0,0,0,0,Two year,1,0,1,19.85,146.6,No,0,65,158.8,158.8,Don't know
1,93616,Female,0,0,0,34,1,0,DSL,1,0,1,1,1,0,Two year,0,1,5,67.65,2339.3,No,0,40,2300.1000000000004,2300.1000000000004,Don't know
1,93618,Female,0,0,0,6,0,0,DSL,0,0,0,0,1,1,Month-to-month,0,1,2,45.0,298.7,No,0,72,270.0,270.0,Don't know
1,93620,Male,0,1,0,2,1,0,DSL,0,1,0,1,0,1,Month-to-month,1,0,4,64.2,143.65,No,0,56,128.4,128.4,Don't know
1,93621,Male,0,0,0,31,1,1,Fiber optic,0,0,0,1,0,0,One year,0,1,3,81.7,2548.65,No,0,68,2532.7000000000003,2532.7000000000003,Don't know
1,93622,Female,0,1,1,20,1,1,No,0,0,0,0,0,0,Month-to-month,1,1,2,25.55,507.4,No,0,35,511.0,511.0,Don't know
1,93623,Female,0,1,1,1,1,0,No,0,0,0,0,0,0,Month-to-month,0,0,1,20.0,20,No,0,33,20.0,20.0,Don't know
1,93625,Female,1,1,0,70,1,1,Fiber optic,0,0,0,0,0,0,Two year,1,1,2,75.65,5411.4,No,0,30,5295.5,5295.5,Don't know
1,93627,Male,0,1,0,39,1,1,No,0,0,0,0,0,0,Two year,1,0,2,23.8,903.8,No,0,30,928.2,928.2,Don't know
1,93628,Female,0,1,0,46,1,0,DSL,0,1,0,1,1,0,Two year,1,1,4,64.2,3009.5,No,0,41,2953.2000000000003,2953.2000000000003,Don't know
1,93631,Female,0,1,0,72,1,1,DSL,0,0,1,0,1,1,Two year,1,1,5,76.8,5468.45,No,0,34,5529.599999999999,5529.599999999999,Don't know
1,93634,Male,0,0,0,18,1,0,DSL,0,0,1,1,0,0,Month-to-month,0,1,3,55.2,1058.1,No,0,44,993.6,993.6,Don't know
1,93635,Male,0,1,0,71,1,1,Fiber optic,1,0,1,1,1,1,Two year,1,1,7,108.55,7616,No,0,58,7707.05,7707.05,Don't know
1,93643,Female,0,1,0,42,1,1,No,0,0,0,0,0,0,Two year,0,0,2,25.25,1108.2,No,0,53,1060.5,1060.5,Don't know
1,93644,Male,0,1,0,34,0,0,DSL,1,0,0,0,0,0,One year,0,1,1,30.4,938.65,No,0,33,1033.6,1033.6,Don't know
1,93645,Male,1,0,0,5,1,0,No,0,0,0,0,0,0,Month-to-month,0,1,1,20.05,94.15,No,0,31,100.25,100.25,Don't know
1,93646,Female,0,0,0,25,1,1,Fiber optic,0,0,0,0,1,0,Month-to-month,1,0,3,84.6,2088.05,No,0,23,2115.0,2115.0,Don't know
1,93648,Female,0,1,1,55,1,0,Fiber optic,0,1,1,1,1,1,One year,1,1,6,103.7,5656.75,No,0,65,5703.5,5703.5,Don't know
1,93651,Male,0,1,0,70,1,1,Fiber optic,1,1,0,1,0,0,Two year,1,1,5,88.0,5986.45,No,0,48,6160.0,6160.0,Don't know
1,93652,Female,0,1,0,61,1,1,Fiber optic,0,0,1,1,1,1,Month-to-month,1,0,6,106.35,6751.35,No,0,35,6487.349999999999,6487.349999999999,Don't know
1,93653,Male,0,1,0,43,1,0,DSL,1,0,1,1,1,1,Two year,1,1,6,79.15,3566.6,No,0,63,3403.4500000000003,3403.4500000000003,Don't know
1,93654,Male,0,0,0,47,1,1,Fiber optic,0,1,1,0,1,1,One year,1,0,6,103.1,4889.3,No,0,29,4845.7,4845.7,Don't know
1,93656,Male,0,0,0,5,1,0,DSL,0,0,1,1,1,0,Month-to-month,1,1,4,63.95,318.1,No,0,42,319.75,319.75,Don't know
1,93657,Female,0,0,0,62,1,1,No,0,0,0,0,0,0,Two year,1,1,2,25.8,1563.95,No,0,34,1599.6000000000001,1599.6000000000001,Don't know
1,93664,Female,0,1,1,14,1,1,No,0,0,0,0,0,0,Month-to-month,0,0,2,25.55,372.45,No,0,65,357.7,357.7,Don't know
1,93666,Male,0,1,1,34,0,0,DSL,0,0,1,1,1,0,Month-to-month,1,0,3,44.85,1442.6,No,0,49,1524.9,1524.9,Don't know
1,93668,Male,0,1,1,38,1,1,No,0,0,0,0,0,0,Two year,0,1,2,25.05,963.95,No,0,73,951.9,951.9,Don't know
1,93669,Female,0,1,0,70,1,0,DSL,1,1,1,1,0,1,One year,0,1,6,74.1,5222.3,No,0,43,5187.0,5187.0,Don't know
1,93673,Female,0,1,1,37,1,1,Fiber optic,0,1,0,0,1,0,Month-to-month,1,0,4,88.8,3340.55,No,0,31,3285.6,3285.6,Don't know
1,93701,Male,1,1,1,60,1,1,Fiber optic,1,1,0,0,0,1,Month-to-month,1,0,5,93.25,5774.55,No,0,70,5595.0,5595.0,Don't know
1,93702,Male,0,1,0,62,1,0,DSL,1,0,1,1,0,1,One year,0,1,5,71.4,4487.3,No,0,56,4426.8,4426.8,Don't know
1,93704,Male,0,0,0,36,1,0,DSL,1,0,1,1,1,1,Month-to-month,1,1,6,79.2,2854.95,No,0,53,2851.2000000000003,2851.2000000000003,Don't know
1,93705,Male,0,0,0,44,1,0,No,0,0,0,0,0,0,Two year,0,1,1,20.4,905.55,No,0,55,897.5999999999999,897.5999999999999,Don't know
1,93710,Female,0,1,0,72,1,1,Fiber optic,1,0,1,0,1,1,Two year,1,1,6,105.0,7589.8,No,0,70,7560.0,7560.0,Don't know
1,93720,Female,0,0,0,13,0,0,DSL,1,0,0,0,0,0,Month-to-month,1,1,1,30.85,394.1,No,0,38,401.05,401.05,Don't know
1,93722,Female,0,1,0,15,1,0,No,0,0,0,0,0,0,One year,0,0,1,20.55,295.95,No,0,22,308.25,308.25,Don't know
1,93725,Female,0,0,0,65,1,0,DSL,1,1,1,1,1,1,Two year,1,1,7,84.85,5459.2,No,0,75,5515.25,5515.25,Don't know
1,93726,Female,0,1,0,12,0,0,DSL,1,0,0,1,0,0,One year,0,1,2,33.15,444.75,No,0,74,397.79999999999995,397.79999999999995,Don't know
1,93727,Male,0,1,0,72,1,1,DSL,1,1,1,1,1,1,Two year,1,1,8,92.0,6782.15,No,0,44,6624.0,6624.0,Don't know
1,93728,Female,0,1,0,72,1,1,DSL,1,1,1,1,1,1,Two year,0,1,8,89.8,6510.45,No,0,66,6465.599999999999,6465.599999999999,Don't know
1,93901,Female,0,1,1,72,1,1,Fiber optic,1,1,1,1,1,1,Two year,1,1,8,115.8,8476.5,No,0,39,8337.6,8337.6,Don't know
1,93905,Male,0,0,0,52,1,1,DSL,1,1,0,1,1,1,Two year,1,0,7,85.15,4461.85,No,0,69,4427.8,4427.8,Don't know
1,93906,Male,0,0,0,2,1,1,No,0,0,0,0,0,0,Month-to-month,0,0,2,24.85,62,No,0,57,49.7,49.7,Don't know
1,93907,Female,0,0,0,5,1,0,DSL,1,0,0,1,1,0,Month-to-month,1,0,4,64.35,352.65,No,0,35,321.75,321.75,Don't know
1,93908,Female,0,0,0,68,1,0,No,0,0,0,0,0,0,Two year,0,1,1,20.5,1424.9,No,0,68,1394.0,1394.0,Don't know
1,93921,Male,0,0,0,72,1,1,DSL,1,1,0,1,1,1,Two year,0,1,7,86.05,6309.65,No,0,33,6195.599999999999,6195.599999999999,Don't know
1,93924,Female,0,1,0,66,1,1,Fiber optic,1,1,0,1,0,0,One year,0,0,5,89.0,5898.6,No,0,53,5874.0,5874.0,Don't know
1,93925,Male,0,1,0,72,0,0,DSL,1,1,1,1,1,1,Two year,1,1,6,64.8,4719.75,No,0,72,4665.599999999999,4665.599999999999,Don't know
1,93926,Male,0,0,0,26,1,0,No,0,0,0,0,0,0,One year,0,1,1,19.8,457.3,No,0,77,514.8000000000001,514.8000000000001,Don't know
1,93927,Male,0,1,1,64,1,1,Fiber optic,1,0,1,0,0,1,Two year,0,1,5,93.4,5822.3,No,0,42,5977.6,5977.6,Don't know
1,93940,Male,0,1,0,62,0,0,DSL,0,0,0,1,1,0,Two year,1,1,2,39.0,2337.45,No,0,54,2418.0,2418.0,Don't know
1,93950,Female,0,0,0,5,1,0,No,0,0,0,0,0,0,Month-to-month,1,0,1,20.5,104.3,No,0,53,102.5,102.5,Don't know
1,93954,Male,0,0,1,3,1,1,No,0,0,0,0,0,0,Two year,1,0,2,26.4,121.25,No,0,77,79.19999999999999,79.19999999999999,Don't know
1,93955,Female,0,1,0,72,1,1,Fiber optic,1,0,1,1,1,0,Two year,1,1,6,98.2,7015.9,No,0,75,7070.400000000001,7070.400000000001,Don't know
1,93960,Male,0,1,1,57,1,0,Fiber optic,0,1,1,0,1,1,One year,1,1,5,97.55,5598,No,0,51,5560.349999999999,5560.349999999999,Don't know
1,93962,Male,0,0,1,66,1,0,No,0,0,0,0,0,0,Two year,0,1,1,19.95,1269.1,No,0,51,1316.7,1316.7,Don't know
1,94005,Male,0,0,1,45,1,1,Fiber optic,0,0,1,0,1,1,Two year,0,1,5,99.7,4634.35,No,0,38,4486.5,4486.5,Don't know
1,94010,Female,0,0,0,3,0,0,DSL,0,0,0,0,1,0,Month-to-month,1,1,1,34.8,113.95,No,0,67,104.39999999999999,104.39999999999999,Don't know
1,94015,Female,0,0,0,51,0,0,DSL,1,0,1,1,1,1,One year,0,1,5,60.15,3077,No,0,37,3067.65,3067.65,Don't know
1,94019,Female,0,0,0,60,1,1,DSL,1,0,1,1,0,0,One year,0,0,5,64.75,4039.5,No,0,25,3885.0,3885.0,Don't know
1,94020,Male,0,0,0,33,1,1,DSL,0,1,0,0,0,0,Month-to-month,1,1,3,54.65,1665.2,No,0,58,1803.45,1803.45,Don't know
1,94022,Male,1,0,0,26,1,0,No,0,0,0,0,0,0,One year,0,1,1,19.3,504.2,No,0,64,501.8,501.8,Don't know
1,94025,Female,0,1,0,67,1,1,Fiber optic,1,0,1,1,1,1,One year,1,0,7,111.25,7511.65,No,0,37,7453.75,7453.75,Don't know
1,94027,Female,0,1,0,49,0,0,DSL,1,0,0,1,0,0,One year,1,1,2,35.8,1782,No,0,69,1754.1999999999998,1754.1999999999998,Don't know
1,94028,Male,0,0,0,1,1,0,No,0,0,0,0,0,0,Month-to-month,1,0,1,20.05,20.05,No,0,52,20.05,20.05,Don't know
1,94030,Female,1,0,0,7,1,0,Fiber optic,0,0,1,0,1,0,Month-to-month,1,0,3,84.35,609.65,No,0,38,590.4499999999999,590.4499999999999,Don't know
1,94037,Female,1,0,0,27,1,1,Fiber optic,1,1,1,0,1,1,One year,1,1,7,110.5,2857.6,No,0,56,2983.5,2983.5,Don't know
1,94038,Male,0,1,1,37,1,0,Fiber optic,0,0,0,0,1,1,One year,0,1,3,91.2,3247.55,No,0,55,3374.4,3374.4,Don't know
1,94041,Male,0,1,1,31,1,1,Fiber optic,1,0,1,1,0,0,Month-to-month,0,0,5,89.3,2823,No,0,46,2768.2999999999997,2768.2999999999997,Don't know
1,94044,Male,1,0,0,32,1,1,Fiber optic,0,0,1,0,0,0,Month-to-month,1,1,3,81.1,2619.25,No,0,50,2595.2,2595.2,Don't know
1,94061,Female,0,1,0,63,1,1,Fiber optic,0,0,0,1,0,0,One year,1,1,3,81.2,4965.1,No,0,64,5115.6,5115.6,Don't know
1,94062,Male,0,0,0,30,1,1,Fiber optic,1,1,0,0,0,1,Month-to-month,1,1,5,94.3,2679.7,No,0,75,2829.0,2829.0,Don't know
1,94063,Male,0,1,0,71,1,1,Fiber optic,1,1,1,1,1,1,Two year,1,1,8,116.1,8310.55,No,0,42,8243.1,8243.1,Don't know
1,94065,Female,0,0,0,53,1,1,Fiber optic,0,1,1,0,1,1,Two year,0,0,6,105.55,5682.25,No,0,67,5594.15,5594.15,Don't know
1,94070,Male,0,1,0,50,1,1,Fiber optic,1,1,0,0,0,1,Month-to-month,1,1,5,94.4,4914.9,No,0,21,4720.0,4720.0,Don't know
1,94074,Female,0,0,0,2,1,0,No,0,0,0,0,0,0,Month-to-month,0,0,1,19.5,27.55,No,0,74,39.0,39.0,Don't know
1,94087,Female,0,1,0,56,1,0,Fiber optic,1,1,1,0,1,1,One year,1,1,6,105.6,6068.65,No,0,24,5913.599999999999,5913.599999999999,Don't know
1,94089,Male,0,1,0,67,1,0,DSL,1,1,1,0,1,1,Two year,0,1,6,81.35,5398.6,No,0,51,5450.45,5450.45,Don't know
1,94103,Male,0,0,0,4,1,0,DSL,0,0,0,0,1,0,Month-to-month,1,0,2,56.4,234.85,No,0,49,225.6,225.6,Don't know
1,94104,Male,0,0,0,19,1,0,DSL,0,1,0,1,0,1,One year,1,1,4,65.35,1231.85,No,0,39,1241.6499999999999,1241.6499999999999,Don't know
1,94105,Female,0,0,1,8,1,0,No,0,0,0,0,0,0,Month-to-month,0,0,1,19.95,170.9,No,0,40,159.6,159.6,Don't know
1,94107,Female,0,0,0,71,1,1,Fiber optic,0,1,1,1,1,1,Two year,1,0,7,111.25,7984.15,No,0,54,7898.75,7898.75,Don't know
1,94109,Female,1,0,0,15,1,1,Fiber optic,0,1,0,0,1,0,Month-to-month,0,1,4,89.0,1288.3,No,0,77,1335.0,1335.0,Don't know
1,94110,Male,0,1,1,72,1,1,Fiber optic,1,0,1,0,1,1,One year,1,1,6,106.1,7848.5,No,0,72,7639.2,7639.2,Don't know
1,94111,Male,0,0,0,12,1,0,No,0,0,0,0,0,0,One year,0,1,1,20.05,267,No,0,62,240.60000000000002,240.60000000000002,Don't know
1,94112,Male,0,1,1,72,1,1,No,0,0,0,0,0,0,Two year,1,1,2,25.2,1798.9,No,0,62,1814.3999999999999,1814.3999999999999,Don't know
1,94115,Female,1,0,0,23,1,0,Fiber optic,1,0,0,0,0,0,Month-to-month,1,1,2,75.4,1643.55,No,0,49,1734.2,1734.2,Don't know
1,94116,Male,0,0,0,72,0,0,DSL,1,1,1,1,1,1,Two year,1,1,6,65.55,4807.45,No,0,24,4719.599999999999,4719.599999999999,Don't know
1,94117,Female,0,0,0,26,1,1,Fiber optic,0,0,1,0,0,0,Month-to-month,1,0,3,80.7,2193,No,0,28,2098.2000000000003,2098.2000000000003,Don't know
1,94118,Female,0,0,0,21,1,0,Fiber optic,0,1,1,1,1,1,One year,1,0,6,104.55,2239.4,No,0,20,2195.5499999999997,2195.5499999999997,Don't know
1,94121,Male,0,1,0,60,1,1,No,0,0,0,0,0,0,One year,0,1,2,24.15,1505.9,No,0,24,1449.0,1449.0,Don't know
1,94122,Male,0,0,0,12,1,0,No,0,0,0,0,0,0,Month-to-month,0,0,1,20.45,255.35,No,0,80,245.39999999999998,245.39999999999998,Don't know
1,94123,Male,0,1,0,16,1,1,Fiber optic,0,0,0,0,0,0,Month-to-month,1,0,2,75.4,1189.4,No,0,51,1206.4,1206.4,Don't know
1,94124,Female,0,1,0,63,1,1,DSL,1,1,0,0,1,1,One year,1,1,6,79.7,4786.15,No,0,30,5021.1,5021.1,Don't know
1,94127,Female,1,0,0,22,1,0,Fiber optic,1,1,0,0,0,0,Month-to-month,0,0,3,81.7,1820.9,No,0,34,1797.4,1797.4,Don't know
1,94129,Female,0,1,1,32,1,0,DSL,1,1,1,1,0,1,Month-to-month,0,1,6,76.3,2404.15,No,0,70,2441.6,2441.6,Don't know
1,94132,Female,0,1,1,68,1,1,Fiber optic,0,1,0,1,1,1,Two year,1,1,6,103.75,7039.45,No,0,45,7055.0,7055.0,Don't know
1,94133,Female,0,1,1,30,1,0,Fiber optic,0,0,1,0,0,1,One year,0,0,3,86.45,2538.05,No,0,24,2593.5,2593.5,Don't know
1,94134,Female,0,0,0,16,1,0,Fiber optic,0,1,0,0,0,0,Month-to-month,0,1,2,75.1,1212.85,No,0,59,1201.6,1201.6,Don't know
1,94301,Male,0,0,0,33,1,0,Fiber optic,0,1,0,1,0,0,Two year,0,1,3,80.6,2651.1,No,0,80,2659.7999999999997,2659.7999999999997,Don't know
1,94303,Male,0,1,0,72,1,0,No,0,0,0,0,0,0,Two year,0,1,1,19.3,1304.8,No,0,42,1389.6000000000001,1389.6000000000001,Don't know
1,94305,Female,0,0,0,12,0,0,DSL,1,0,0,1,0,0,One year,1,0,2,33.6,435.45,No,0,30,403.20000000000005,403.20000000000005,Don't know
1,94306,Female,1,1,0,4,1,1,Fiber optic,0,0,0,0,1,0,Month-to-month,1,0,3,83.25,308.05,No,0,37,333.0,333.0,Don't know
1,94401,Female,0,1,0,0,1,0,DSL,1,1,1,0,1,1,Two year,0,0,6,80.85, ,No,0,45,0.0,0.0,Don't know
1,94403,Female,0,1,0,65,1,1,Fiber optic,0,1,1,1,1,1,One year,1,1,7,108.05,7118.9,No,0,69,7023.25,7023.25,Don't know
1,94404,Female,0,0,0,15,1,0,No,0,0,0,0,0,0,Month-to-month,0,0,1,19.9,320.45,No,0,29,298.5,298.5,Don't know
1,94501,Female,0,0,0,24,1,0,No,0,0,0,0,0,0,One year,0,1,1,21.05,531.55,No,0,63,505.20000000000005,505.20000000000005,Don't know
1,94502,Female,0,0,1,13,0,0,DSL,0,1,0,0,0,0,Month-to-month,0,0,1,30.15,382.2,No,0,22,391.95,391.95,Don't know
1,94506,Male,0,0,0,24,1,0,Fiber optic,0,0,0,0,0,1,Month-to-month,1,1,2,79.85,2001,No,0,43,1916.3999999999999,1916.3999999999999,Don't know
1,94507,Female,0,1,0,72,0,0,DSL,1,1,1,1,1,1,Two year,0,1,6,65.5,4919.7,No,0,25,4716.0,4716.0,Don't know
1,94508,Female,0,1,1,54,1,1,Fiber optic,1,1,0,0,1,1,Month-to-month,1,1,6,104.1,5645.8,No,0,57,5621.4,5621.4,Don't know
1,94510,Male,0,1,1,4,1,0,No,0,0,0,0,0,0,Month-to-month,1,0,1,20.5,77.6,No,0,34,82.0,82.0,Don't know
1,94511,Female,1,1,1,32,1,1,Fiber optic,0,0,1,0,1,0,Month-to-month,1,0,4,91.35,2896.55,No,0,35,2923.2,2923.2,Don't know
1,94513,Male,0,1,1,35,1,0,No,0,0,0,0,0,0,Two year,0,1,1,20.5,759.35,No,0,38,717.5,717.5,Don't know
1,94515,Female,0,0,0,8,1,0,Fiber optic,0,1,0,0,0,0,Month-to-month,0,0,2,75.6,535.55,No,0,31,604.8,604.8,Don't know
1,94517,Male,0,0,0,22,1,0,DSL,1,0,0,1,0,0,Month-to-month,0,0,3,55.1,1253.15,No,0,62,1212.2,1212.2,Don't know
1,94518,Female,0,0,0,15,1,0,DSL,1,0,1,1,0,0,Month-to-month,0,0,4,58.95,955.15,No,0,55,884.25,884.25,Don't know
1,94519,Male,0,0,0,22,1,1,Fiber optic,0,0,0,0,1,1,Month-to-month,1,0,4,95.1,2162.6,No,0,61,2092.2,2092.2,Don't know
1,94521,Female,0,1,1,71,1,1,No,0,0,0,0,0,0,Two year,0,1,2,25.45,1813.35,No,0,37,1806.95,1806.95,Don't know
1,94523,Male,0,0,0,4,1,0,DSL,1,0,1,0,0,0,Month-to-month,0,0,3,56.75,245.15,No,0,51,227.0,227.0,Don't know
1,94525,Male,0,0,0,25,1,1,DSL,1,1,1,1,0,1,Month-to-month,0,1,7,81.75,2028.8,No,0,61,2043.75,2043.75,Don't know
1,94526,Female,0,1,1,32,1,0,Fiber optic,0,1,0,0,1,0,Month-to-month,1,0,3,86.1,2723.75,No,0,48,2755.2,2755.2,Don't know
1,94530,Male,1,1,0,7,0,0,DSL,1,0,0,0,0,0,Month-to-month,0,1,1,29.8,220.45,No,0,69,208.6,208.6,Don't know
1,94533,Male,0,0,0,17,1,0,No,0,0,0,0,0,0,One year,1,0,1,20.5,365.8,No,0,65,348.5,348.5,Don't know
1,94535,Male,1,1,0,8,1,0,DSL,1,0,0,0,1,0,Month-to-month,0,1,3,60.9,551.95,No,0,27,487.2,487.2,Don't know
1,94536,Female,1,0,0,56,1,1,DSL,1,0,1,1,0,1,Two year,0,1,6,73.25,4054.2,No,0,26,4102.0,4102.0,Don't know
1,94542,Male,0,0,1,3,1,0,No,0,0,0,0,0,0,Month-to-month,0,0,1,20.85,60.65,No,0,38,62.550000000000004,62.550000000000004,Don't know
1,94544,Female,0,0,0,71,1,0,DSL,1,1,1,1,1,0,Two year,0,1,6,77.35,5550.1,No,0,61,5491.849999999999,5491.849999999999,Don't know
1,94547,Male,0,1,0,49,1,1,Fiber optic,1,1,0,0,1,0,Month-to-month,1,1,5,93.85,4733.1,No,0,62,4598.65,4598.65,Don't know
1,94549,Male,0,0,0,58,1,0,DSL,0,1,1,1,1,0,Two year,0,1,5,70.1,4048.95,No,0,58,4065.7999999999997,4065.7999999999997,Don't know
1,94552,Female,0,1,0,59,1,0,DSL,0,1,0,1,1,1,Two year,1,1,5,75.95,4542.35,No,0,46,4481.05,4481.05,Don't know
1,94556,Female,0,0,0,11,1,1,Fiber optic,0,0,0,0,0,0,Month-to-month,0,0,2,75.25,888.65,No,0,75,827.75,827.75,Don't know
1,94559,Female,0,1,0,35,1,0,DSL,1,0,0,1,0,0,One year,1,1,3,54.95,1916,No,0,30,1923.25,1923.25,Don't know
1,94560,Female,0,0,0,20,1,0,No,0,0,0,0,0,0,Month-to-month,1,1,1,19.5,413,No,0,28,390.0,390.0,Don't know
1,94561,Male,0,1,1,40,1,0,No,0,0,0,0,0,0,Two year,0,0,1,19.6,808.95,No,0,34,784.0,784.0,Don't know
1,94563,Female,0,0,0,39,1,0,DSL,1,0,0,0,0,0,One year,1,0,2,47.85,1886.4,No,0,23,1866.15,1866.15,Don't know
1,94565,Female,0,1,1,72,1,1,No,0,0,0,0,0,0,Two year,0,1,2,23.75,1679.25,No,0,67,1710.0,1710.0,Don't know
1,94567,Female,0,0,0,12,1,0,DSL,0,0,0,0,0,0,Month-to-month,0,1,1,43.8,540.95,No,0,26,525.5999999999999,525.5999999999999,Don't know
1,94568,Male,0,0,0,1,1,0,No,0,0,0,0,0,0,Month-to-month,0,1,1,19.75,19.75,No,0,43,19.75,19.75,Don't know
1,94569,Male,0,0,1,27,1,0,No,0,0,0,0,0,0,Month-to-month,0,0,1,19.15,537.35,No,0,51,517.05,517.05,Don't know
1,94571,Male,0,1,0,34,1,0,No,0,0,0,0,0,0,One year,0,1,1,19.6,678.8,No,0,33,666.4000000000001,666.4000000000001,Don't know
1,94572,Female,0,1,0,56,1,0,Fiber optic,1,0,1,0,0,0,Two year,0,1,3,80.3,4513.65,No,0,67,4496.8,4496.8,Don't know
1,94574,Female,0,0,0,58,1,1,No,0,0,0,0,0,0,Two year,0,1,2,24.35,1423.85,No,0,51,1412.3000000000002,1412.3000000000002,Don't know
1,94576,Female,0,1,1,22,1,1,No,0,0,0,0,0,0,Two year,0,1,2,25.25,555.4,No,0,75,555.5,555.5,Don't know
1,94577,Female,0,1,1,10,1,1,No,0,0,0,0,0,0,Two year,0,1,2,26.1,225.55,No,0,63,261.0,261.0,Don't know
1,94578,Male,0,0,0,13,1,0,No,0,0,0,0,0,0,Two year,0,1,1,20.0,268.45,No,0,63,260.0,260.0,Don't know
1,94585,Male,0,1,0,72,1,0,No,0,0,0,0,0,0,Two year,0,1,1,20.7,1492.1,No,0,55,1490.3999999999999,1490.3999999999999,Don't know
1,94586,Male,0,0,0,2,1,0,DSL,0,0,0,1,1,1,Month-to-month,0,0,4,70.3,132.4,No,0,27,140.6,140.6,Don't know
1,94589,Male,0,1,1,4,1,0,Fiber optic,0,0,0,0,0,0,Month-to-month,1,0,1,69.55,284.9,No,0,44,278.2,278.2,Don't know
1,94590,Female,0,0,0,37,1,0,No,0,0,0,0,0,0,Two year,0,0,1,19.85,784.25,No,0,27,734.45,734.45,Don't know
1,94591,Male,0,0,0,21,1,0,No,0,0,0,0,0,0,Month-to-month,0,0,1,20.0,417.7,No,0,47,420.0,420.0,Don't know
1,94592,Female,1,1,0,53,1,1,Fiber optic,0,0,0,0,1,1,One year,1,1,4,95.85,5016.25,No,0,65,5080.049999999999,5080.049999999999,Don't know
1,94599,Male,1,1,0,23,1,0,No,0,0,0,0,0,0,One year,1,0,1,20.75,485.2,No,0,45,477.25,477.25,Don't know
1,94601,Male,0,0,0,3,1,0,DSL,1,0,0,0,0,0,Month-to-month,1,0,2,50.15,160.85,No,0,23,150.45,150.45,Don't know
1,94602,Female,0,1,0,71,0,0,DSL,1,1,0,1,1,1,Two year,0,0,5,58.65,4145.25,No,0,48,4164.15,4164.15,Don't know
1,94603,Male,0,0,0,9,1,0,Fiber optic,0,0,0,1,1,1,Month-to-month,1,1,4,95.9,827.45,No,0,66,863.1,863.1,Don't know
1,94605,Female,0,0,0,1,1,0,DSL,0,1,0,0,0,0,Month-to-month,0,0,2,49.5,49.5,No,0,59,49.5,49.5,Don't know
1,94608,Male,0,1,0,71,1,1,DSL,1,1,1,1,0,1,Two year,1,0,7,80.1,5585.4,No,0,37,5687.099999999999,5687.099999999999,Don't know
1,94609,Female,0,0,0,64,1,1,No,0,0,0,0,0,0,One year,1,1,2,24.4,1601.2,No,0,24,1561.6,1561.6,Don't know
1,94610,Male,0,0,0,4,0,0,DSL,0,0,0,1,0,1,Month-to-month,1,0,2,40.05,162.45,No,0,57,160.2,160.2,Don't know
1,94611,Female,0,0,0,23,1,0,No,0,0,0,0,0,0,Month-to-month,1,0,1,19.5,470.2,No,0,42,448.5,448.5,Don't know
1,94612,Female,0,1,1,39,1,0,DSL,1,0,0,0,0,0,Month-to-month,0,1,2,51.05,2066,No,0,63,1990.9499999999998,1990.9499999999998,Don't know
1,94618,Male,0,1,0,28,1,0,DSL,1,0,0,1,0,0,One year,0,0,3,54.35,1426.45,No,0,70,1521.8,1521.8,Don't know
1,94619,Female,1,0,0,5,1,0,Fiber optic,0,1,0,0,1,0,Month-to-month,1,0,3,84.7,392.5,No,0,54,423.5,423.5,Don't know
1,94621,Female,1,1,0,45,1,0,Fiber optic,0,0,1,0,0,1,Month-to-month,1,0,3,86.1,3861.45,No,0,41,3874.4999999999995,3874.4999999999995,Don't know
1,94702,Male,0,0,0,37,1,0,Fiber optic,0,0,0,0,0,0,Month-to-month,1,0,1,70.35,2552.9,No,0,32,2602.95,2602.95,Don't know
1,94703,Female,1,1,0,60,1,0,Fiber optic,1,1,1,1,1,1,Two year,1,1,7,110.0,6668.35,No,0,59,6600.0,6600.0,Don't know
1,94705,Female,0,0,0,47,1,1,Fiber optic,1,0,1,0,1,0,One year,0,1,5,94.9,4615.25,No,0,52,4460.3,4460.3,Don't know
1,94708,Female,0,1,1,50,1,0,Fiber optic,0,0,0,0,0,0,Month-to-month,1,1,1,69.75,3557.7,No,0,64,3487.5,3487.5,Don't know
1,94709,Male,0,1,1,27,1,1,DSL,0,0,0,1,1,1,Month-to-month,0,1,5,71.6,1957.1,No,0,52,1933.1999999999998,1933.1999999999998,Don't know
1,94801,Female,0,1,0,62,1,1,No,0,0,0,0,0,0,Two year,0,1,2,23.65,1416.75,No,0,21,1466.3,1466.3,Don't know
1,94803,Female,0,1,0,71,1,0,DSL,1,0,1,1,1,1,Two year,0,1,6,81.85,5924.4,No,0,78,5811.349999999999,5811.349999999999,Don't know
1,94804,Male,0,0,0,66,1,1,No,0,0,0,0,0,0,Two year,0,0,2,25.1,1697.7,No,0,48,1656.6000000000001,1656.6000000000001,Don't know
1,94805,Male,0,1,1,68,1,1,Fiber optic,1,1,1,1,1,1,Two year,1,1,8,114.7,7849.85,No,0,59,7799.6,7799.6,Don't know
1,94806,Female,0,0,0,13,0,0,DSL,0,0,1,0,1,1,Month-to-month,0,0,3,49.15,649.4,No,0,78,638.9499999999999,638.9499999999999,Don't know
1,94901,Male,0,1,0,56,1,0,Fiber optic,0,0,0,0,0,1,One year,1,0,2,80.9,4557.5,No,0,56,4530.400000000001,4530.400000000001,Don't know
1,94920,Female,0,0,0,16,1,0,No,0,0,0,0,0,0,One year,1,1,1,19.3,360.35,No,0,48,308.8,308.8,Don't know
1,94922,Female,0,1,1,14,1,0,Fiber optic,0,0,0,0,0,0,Month-to-month,0,0,1,70.2,1046.5,No,0,25,982.8000000000001,982.8000000000001,Don't know
1,94924,Female,0,0,0,8,1,0,DSL,1,0,0,1,0,0,One year,0,1,3,54.25,447.75,No,0,69,434.0,434.0,Don't know
1,94925,Female,0,1,1,43,1,1,Fiber optic,0,0,1,0,1,1,Month-to-month,1,1,5,99.3,4209.95,No,0,73,4269.9,4269.9,Don't know
1,94928,Female,0,0,0,52,1,1,DSL,1,0,1,1,1,0,One year,0,1,6,74.0,3877.65,No,0,39,3848.0,3848.0,Don't know
1,94929,Male,0,0,0,3,1,0,DSL,0,0,0,1,0,0,Month-to-month,1,0,2,50.25,152.3,No,0,76,150.75,150.75,Don't know
1,94930,Male,0,0,0,29,1,0,No,0,0,0,0,0,0,One year,1,0,1,19.8,572.2,No,0,69,574.2,574.2,Don't know
1,94937,Female,0,1,1,16,0,0,DSL,0,0,0,0,0,1,Month-to-month,1,1,1,35.5,552.7,No,0,25,568.0,568.0,Don't know
1,94938,Female,0,0,0,40,1,1,DSL,0,0,1,1,1,1,One year,1,0,6,80.75,3208.65,No,0,27,3230.0,3230.0,Don't know
1,94941,Female,0,0,0,36,1,0,No,0,0,0,0,0,0,One year,0,0,1,19.55,620.75,No,0,47,703.8000000000001,703.8000000000001,Don't know
1,94950,Male,0,1,0,26,1,0,No,0,0,0,0,0,0,One year,1,1,1,20.05,505.9,No,0,29,521.3000000000001,521.3000000000001,Don't know
1,94951,Female,1,1,0,72,1,1,Fiber optic,1,1,1,0,1,1,Two year,1,0,7,112.4,8046.85,No,0,37,8092.8,8092.8,Don't know
1,94952,Female,0,1,0,34,1,0,DSL,0,0,0,1,0,0,Month-to-month,0,1,2,50.2,1815.3,No,0,54,1706.8000000000002,1706.8000000000002,Don't know
1,94954,Male,0,0,0,10,1,0,DSL,1,0,0,1,1,0,Month-to-month,0,1,4,62.25,612.95,No,0,76,622.5,622.5,Don't know
1,94956,Female,0,0,0,14,1,0,DSL,1,0,0,1,0,0,One year,0,0,3,55.7,795.15,No,0,57,779.8000000000001,779.8000000000001,Don't know
1,94963,Male,0,1,0,47,1,0,No,0,0,0,0,0,0,Two year,0,0,1,19.65,973.1,No,0,77,923.55,923.55,Don't know
1,94964,Male,0,1,0,24,1,0,Fiber optic,1,0,0,1,0,1,Month-to-month,1,0,4,89.25,2210.2,No,0,77,2142.0,2142.0,Don't know
1,94970,Male,1,0,0,20,1,0,DSL,1,0,0,1,0,0,One year,0,0,3,54.0,1055.9,No,0,20,1080.0,1080.0,Don't know
1,94973,Male,0,0,0,22,0,0,DSL,0,0,1,1,1,1,Two year,0,1,4,56.75,1304.85,No,0,55,1248.5,1248.5,Don't know
1,95003,Male,0,0,0,1,1,0,No,0,0,0,0,0,0,Month-to-month,0,0,1,21.1,21.1,No,0,52,21.1,21.1,Don't know
1,95004,Female,0,1,1,59,1,1,Fiber optic,0,1,0,1,0,1,Month-to-month,1,1,5,96.65,5580.8,No,0,52,5702.35,5702.35,Don't know
1,95005,Female,0,1,0,58,1,1,No,0,0,0,0,0,0,One year,1,1,2,24.5,1497.9,No,0,47,1421.0,1421.0,Don't know
1,95007,Female,1,0,0,59,1,1,Fiber optic,0,1,0,0,0,0,Two year,1,1,3,79.2,4590.35,No,0,25,4672.8,4672.8,Don't know
1,95008,Female,0,1,1,3,1,0,Fiber optic,0,0,0,0,0,0,Month-to-month,1,0,1,69.55,200.2,No,0,59,208.64999999999998,208.64999999999998,Don't know
1,95010,Male,0,0,0,32,1,0,No,0,0,0,0,0,0,Two year,1,1,1,20.05,614.45,No,0,20,641.6,641.6,Don't know
1,95012,Male,1,1,0,46,1,1,Fiber optic,0,0,1,0,1,1,Month-to-month,1,0,5,98.85,4564.9,No,0,41,4547.099999999999,4547.099999999999,Don't know
1,95014,Male,0,1,1,0,1,1,No,0,0,0,0,0,0,Two year,0,0,2,25.75, ,No,0,48,0.0,0.0,Don't know
1,95018,Female,0,1,0,52,1,0,No,0,0,0,0,0,0,One year,0,1,1,19.6,1012.4,No,0,37,1019.2,1019.2,Don't know
1,95023,Male,0,0,0,32,1,1,Fiber optic,1,0,0,1,0,0,Month-to-month,0,1,4,87.65,2766.4,No,0,66,2804.8,2804.8,Don't know
1,95032,Female,0,0,0,16,1,1,Fiber optic,0,0,0,0,0,0,Month-to-month,1,1,2,74.75,1129.35,No,0,27,1196.0,1196.0,Don't know
1,95033,Female,0,0,0,51,1,1,Fiber optic,1,1,1,0,1,1,One year,0,1,7,107.45,5680.9,No,0,24,5479.95,5479.95,Don't know
1,95035,Male,0,0,0,29,1,0,DSL,0,0,1,1,1,1,One year,1,1,5,75.35,2243.9,No,0,77,2185.1499999999996,2185.1499999999996,Don't know
1,95037,Male,0,1,0,70,1,0,DSL,1,1,1,1,0,0,Two year,0,1,5,64.95,4523.25,No,0,78,4546.5,4546.5,Don't know
1,95039,Female,0,1,1,71,1,1,Fiber optic,1,0,1,1,0,1,Two year,0,0,6,100.45,7159.7,No,0,34,7131.95,7131.95,Don't know
1,95041,Male,0,1,0,41,1,1,DSL,0,1,1,0,1,0,One year,0,1,5,68.5,2839.95,No,0,54,2808.5,2808.5,Don't know
1,95043,Male,0,0,0,1,1,0,Fiber optic,0,0,0,0,1,0,Month-to-month,1,0,2,80.55,80.55,No,0,21,80.55,80.55,Don't know
1,95045,Female,0,1,0,7,1,0,DSL,1,0,1,1,1,1,Month-to-month,0,1,6,81.25,580.1,No,0,57,568.75,568.75,Don't know
1,95050,Male,0,1,1,67,1,1,Fiber optic,1,1,0,1,0,0,One year,0,0,5,89.55,6038.55,No,0,69,5999.849999999999,5999.849999999999,Don't know
1,95051,Male,0,1,1,5,1,1,DSL,0,0,0,1,0,0,Month-to-month,1,0,3,55.7,259.4,No,0,46,278.5,278.5,Don't know
1,95054,Male,0,0,1,15,1,1,No,0,0,0,0,0,0,Month-to-month,1,0,2,24.8,324.15,No,0,57,372.0,372.0,Don't know
1,95060,Female,0,1,1,20,1,0,No,0,0,0,0,0,0,Month-to-month,0,0,1,20.0,417.65,No,0,70,400.0,400.0,Don't know
1,95064,Male,0,1,1,54,1,1,Fiber optic,0,1,0,1,1,1,One year,1,0,6,105.2,5637.85,No,0,68,5680.8,5680.8,Don't know
1,95065,Male,0,0,0,42,1,0,No,0,0,0,0,0,0,One year,1,0,1,19.55,839.4,No,0,43,821.1,821.1,Don't know
1,95066,Female,0,1,0,9,1,0,Fiber optic,0,0,0,0,0,1,Month-to-month,1,0,2,79.75,769.1,No,0,62,717.75,717.75,Don't know
1,95070,Female,0,0,0,63,1,1,Fiber optic,0,1,0,0,1,1,Two year,0,1,5,97.45,6253,No,0,67,6139.35,6139.35,Don't know
1,95073,Female,0,1,0,69,1,1,No,0,0,0,0,0,0,Two year,0,1,2,24.25,1641.8,No,0,21,1673.25,1673.25,Don't know
1,95076,Female,0,0,0,69,1,1,No,0,0,0,0,0,0,Two year,0,1,2,24.6,1678.05,No,0,66,1697.4,1697.4,Don't know
1,95110,Male,0,1,0,40,1,0,DSL,0,1,0,0,0,0,Month-to-month,1,0,2,50.15,2058.5,No,0,71,2006.0,2006.0,Don't know
1,95111,Male,0,0,0,60,0,0,DSL,1,1,1,0,0,0,Two year,0,1,3,39.6,2424.5,No,0,32,2376.0,2376.0,Don't know
1,95113,Female,1,0,0,71,1,1,DSL,1,1,1,1,1,1,Two year,0,0,8,89.85,6293.45,No,0,33,6379.349999999999,6379.349999999999,Don't know
1,95117,Male,0,1,0,32,1,1,Fiber optic,0,1,0,0,1,1,Month-to-month,1,1,5,98.85,3145.9,No,0,61,3163.2,3163.2,Don't know
1,95118,Male,0,0,0,39,1,1,DSL,0,0,0,1,0,0,Two year,1,1,3,53.85,2200.7,No,0,79,2100.15,2100.15,Don't know
1,95119,Female,0,0,0,38,1,1,No,0,0,0,0,0,0,One year,1,0,2,24.25,914.4,No,0,23,921.5,921.5,Don't know
1,95120,Male,0,0,0,52,1,1,Fiber optic,0,0,1,0,0,1,Two year,1,1,4,89.45,4577.75,No,0,35,4651.400000000001,4651.400000000001,Don't know
1,95121,Female,0,1,1,48,1,1,Fiber optic,1,1,0,0,1,1,Month-to-month,1,1,6,105.25,4997.5,No,0,79,5052.0,5052.0,Don't know
1,95122,Male,0,1,0,70,0,0,DSL,1,0,1,1,1,1,Two year,0,1,5,59.5,4144.8,No,0,27,4165.0,4165.0,Don't know
1,95123,Male,0,0,0,20,1,0,Fiber optic,0,0,0,0,0,0,Month-to-month,0,1,1,70.55,1493.55,No,0,59,1411.0,1411.0,Don't know
1,95124,Female,0,0,0,50,1,1,DSL,1,0,1,1,1,1,One year,1,1,7,82.5,4179.1,No,0,71,4125.0,4125.0,Don't know
1,95126,Male,0,1,0,25,1,0,DSL,1,1,1,0,0,0,One year,1,1,4,61.6,1611,No,0,66,1540.0,1540.0,Don't know
1,95127,Male,0,0,0,12,1,0,DSL,0,1,0,0,0,0,Month-to-month,1,1,2,49.05,593.05,No,0,70,588.5999999999999,588.5999999999999,Don't know
1,95130,Female,0,1,0,23,1,0,DSL,1,1,1,1,0,0,One year,1,0,5,66.25,1533.8,No,0,22,1523.75,1523.75,Don't know
1,95131,Male,0,0,0,27,1,0,No,0,0,0,0,0,0,Month-to-month,1,0,1,19.4,529.8,No,0,39,523.8,523.8,Don't know
1,95132,Male,1,0,0,47,1,1,Fiber optic,0,0,0,0,1,0,Month-to-month,1,1,3,86.05,3865.6,No,0,69,4044.35,4044.35,Don't know
1,95133,Male,0,1,1,26,1,0,No,0,0,0,0,0,0,Two year,1,1,1,19.15,515.75,No,0,58,497.9,497.9,Don't know
1,95136,Male,0,0,1,2,1,0,No,0,0,0,0,0,0,Month-to-month,0,0,1,19.25,48.35,No,0,45,38.5,38.5,Don't know
1,95138,Female,0,1,1,26,1,0,Fiber optic,1,1,0,0,0,0,Month-to-month,0,0,3,81.95,2070.05,No,0,72,2130.7000000000003,2130.7000000000003,Don't know
1,95139,Female,1,1,0,72,1,1,Fiber optic,1,1,1,1,1,1,Two year,1,1,8,114.65,8333.95,No,0,29,8254.800000000001,8254.800000000001,Don't know
1,95140,Female,0,1,1,63,1,0,No,0,0,0,0,0,0,Two year,0,1,1,20.0,1209.25,No,0,56,1260.0,1260.0,Don't know
1,95148,Male,0,1,1,71,1,0,No,0,0,0,0,0,0,Two year,0,0,1,19.8,1396.25,No,0,20,1405.8,1405.8,Don't know
1,95202,Male,0,1,1,11,1,1,DSL,1,0,0,0,1,0,Month-to-month,1,1,4,65.15,723.35,No,0,42,716.6500000000001,716.6500000000001,Don't know
1,95203,Male,1,1,0,14,1,0,No,0,0,0,0,0,0,One year,0,0,1,19.65,228.65,No,0,66,275.09999999999997,275.09999999999997,Don't know
1,95204,Female,0,0,0,13,1,1,DSL,1,1,1,1,1,1,Two year,0,1,8,88.95,1161.75,No,0,27,1156.3500000000001,1156.3500000000001,Don't know
1,95205,Male,0,0,1,6,1,0,No,0,0,0,0,0,0,Month-to-month,1,0,1,20.2,98.35,No,0,75,121.19999999999999,121.19999999999999,Don't know
1,95206,Male,1,1,1,11,1,1,Fiber optic,0,0,0,0,0,0,Month-to-month,1,1,2,75.2,775.3,No,0,28,827.2,827.2,Don't know
1,95207,Male,0,1,0,18,1,1,DSL,0,1,0,0,0,0,Month-to-month,0,1,3,56.8,1074.65,No,0,59,1022.4,1022.4,Don't know
1,95210,Female,0,1,0,32,1,0,Fiber optic,1,0,0,0,0,0,Month-to-month,1,1,2,75.5,2324.7,No,0,76,2416.0,2416.0,Don't know
1,95212,Male,0,0,0,29,0,0,DSL,1,0,0,1,0,0,One year,0,0,2,35.6,1072.6,No,0,74,1032.4,1032.4,Don't know
1,95215,Female,0,0,0,3,1,1,DSL,0,0,0,0,1,0,Month-to-month,1,0,3,60.25,170.5,No,0,31,180.75,180.75,Don't know
1,95222,Female,0,0,0,41,0,0,DSL,0,1,0,0,0,1,Month-to-month,1,0,2,40.35,1677.85,No,0,79,1654.3500000000001,1654.3500000000001,Don't know
1,95223,Female,0,0,0,1,1,0,No,0,0,0,0,0,0,Month-to-month,0,0,1,18.85,18.85,No,0,37,18.85,18.85,Don't know
1,95224,Male,0,0,0,7,1,0,DSL,0,0,0,0,1,0,Month-to-month,0,0,2,54.85,370.4,No,0,20,383.95,383.95,Don't know
1,95225,Female,0,1,0,52,1,0,DSL,1,0,1,0,1,0,One year,1,0,4,64.3,3410.6,No,0,73,3343.6,3343.6,Don't know
1,95226,Female,0,1,1,45,1,1,No,0,0,0,0,0,0,Two year,1,1,2,24.65,1138.8,No,0,67,1109.25,1109.25,Don't know
1,95227,Male,0,1,0,70,1,1,DSL,0,1,1,1,1,0,Two year,0,1,6,76.1,5264.25,No,0,67,5327.0,5327.0,Don't know
1,95228,Female,0,0,0,53,1,0,No,0,0,0,0,0,0,Two year,0,0,1,18.7,1005.7,No,0,54,991.0999999999999,991.0999999999999,Don't know
1,95230,Female,1,1,0,62,1,1,Fiber optic,0,1,1,0,1,0,One year,1,1,5,97.95,5936.55,No,0,50,6072.900000000001,6072.900000000001,Don't know
1,95231,Female,0,1,0,60,1,1,Fiber optic,1,1,0,0,0,1,Month-to-month,1,1,5,94.1,5475.9,No,0,62,5646.0,5646.0,Don't know
1,95233,Female,1,1,0,23,1,0,Fiber optic,1,0,0,0,1,1,Month-to-month,1,0,4,95.1,2326.05,No,0,66,2187.2999999999997,2187.2999999999997,Don't know
1,95237,Female,0,0,0,67,1,0,DSL,1,0,1,1,0,1,One year,1,1,5,72.35,4991.5,No,0,50,4847.45,4847.45,Don't know
1,95242,Female,1,1,0,71,1,1,DSL,1,1,1,1,0,1,Two year,1,1,7,82.7,5831.2,No,0,20,5871.7,5871.7,Don't know
1,95245,Male,0,0,0,25,1,0,No,0,0,0,0,0,0,One year,0,1,1,19.9,510.8,No,0,22,497.49999999999994,497.49999999999994,Don't know
1,95246,Female,0,0,0,5,1,1,DSL,1,0,0,0,0,0,Month-to-month,1,0,3,53.8,283.95,No,0,78,269.0,269.0,Don't know
1,95247,Male,0,0,0,26,1,1,DSL,0,0,0,0,0,0,One year,1,1,2,51.55,1295.4,No,0,36,1340.3,1340.3,Don't know
1,95249,Male,0,1,0,1,1,0,No,0,0,0,0,0,0,One year,0,0,1,19.65,19.65,No,0,53,19.65,19.65,Don't know
1,95250,Male,1,0,0,70,0,0,DSL,0,1,1,0,1,0,One year,1,1,3,44.05,3011.65,No,0,68,3083.5,3083.5,Don't know
1,95251,Male,0,1,1,72,1,1,Fiber optic,1,1,1,1,1,1,Two year,1,0,8,114.0,8093.15,No,0,29,8208.0,8208.0,Don't know
1,95254,Female,1,1,1,32,1,1,Fiber optic,0,1,0,0,1,1,Month-to-month,1,0,5,100.4,3217.65,No,0,59,3212.8,3212.8,Don't know
1,95257,Female,0,0,0,14,1,1,DSL,0,1,0,0,0,0,One year,1,0,3,54.25,773.2,No,0,44,759.5,759.5,Don't know
1,95258,Female,0,0,0,13,1,1,Fiber optic,1,0,0,0,0,0,Month-to-month,1,1,3,80.0,1029.35,No,0,78,1040.0,1040.0,Don't know
1,95303,Female,0,0,0,46,1,1,DSL,1,0,1,0,1,1,Two year,0,0,6,79.2,3593.8,No,0,63,3643.2000000000003,3643.2000000000003,Don't know
1,95306,Male,1,1,0,43,1,1,Fiber optic,0,1,0,1,1,0,Month-to-month,1,0,5,94.3,3953.15,No,0,63,4054.9,4054.9,Don't know
1,95307,Male,0,0,0,39,1,0,DSL,0,0,0,1,0,0,Two year,1,1,2,49.8,1971.15,No,0,51,1942.1999999999998,1942.1999999999998,Don't know
1,95311,Male,0,0,0,57,0,0,DSL,1,0,1,0,1,1,Month-to-month,1,0,4,53.75,3196,No,0,58,3063.75,3063.75,Don't know
1,95312,Female,0,1,0,53,1,0,Fiber optic,0,0,0,1,1,1,One year,1,0,4,93.45,4872.2,No,0,20,4952.85,4952.85,Don't know
1,95313,Male,0,1,1,18,1,0,Fiber optic,1,0,1,0,1,0,Month-to-month,1,0,4,87.9,1500.5,No,0,33,1582.2,1582.2,Don't know
1,95316,Female,0,1,0,58,1,1,DSL,1,0,0,1,0,0,One year,1,1,4,61.05,3478.75,No,0,46,3540.8999999999996,3540.8999999999996,Don't know
1,95317,Female,1,0,0,71,1,1,Fiber optic,0,0,1,0,1,1,Two year,0,1,5,104.05,7413.55,No,0,70,7387.55,7387.55,Don't know
1,95318,Female,0,0,0,35,1,0,Fiber optic,0,0,1,1,1,1,One year,1,0,5,99.25,3532,No,0,36,3473.75,3473.75,Don't know
1,95320,Male,0,0,0,3,1,0,Fiber optic,0,0,1,0,0,1,Month-to-month,0,1,3,85.7,256.75,No,0,33,257.1,257.1,Don't know
1,95321,Male,0,0,0,38,1,1,Fiber optic,1,1,0,0,1,1,One year,1,0,6,104.85,3887.25,No,0,35,3984.2999999999997,3984.2999999999997,Don't know
1,95322,Male,0,1,0,35,1,1,DSL,1,1,1,1,0,0,Two year,1,1,6,69.15,2490.15,No,0,61,2420.25,2420.25,Don't know
1,95324,Female,0,0,0,47,1,0,DSL,0,0,1,1,1,1,Two year,0,0,5,74.45,3510.3,No,0,55,3499.15,3499.15,Don't know
1,95325,Female,0,0,0,14,1,0,DSL,0,1,0,0,0,0,Month-to-month,0,0,2,50.45,765.45,No,0,48,706.3000000000001,706.3000000000001,Don't know
1,95326,Female,1,1,0,20,1,0,DSL,0,1,0,0,0,1,Month-to-month,1,0,3,60.0,1259.35,No,0,37,1200.0,1200.0,Don't know
1,95327,Male,0,1,0,66,1,1,DSL,1,1,0,1,1,1,Two year,0,0,7,85.25,5538.35,No,0,38,5626.5,5626.5,Don't know
1,95328,Male,0,1,0,15,1,0,No,0,0,0,0,0,0,Month-to-month,1,1,1,19.45,340.85,No,0,67,291.75,291.75,Don't know
1,95329,Female,0,0,0,42,1,0,No,0,0,0,0,0,0,Two year,1,1,1,20.75,844.45,No,0,57,871.5,871.5,Don't know
1,95330,Female,0,1,0,17,1,1,Fiber optic,1,0,0,0,0,0,Month-to-month,0,0,3,78.9,1348.95,No,0,38,1341.3000000000002,1341.3000000000002,Don't know
1,95333,Male,0,0,0,37,1,1,Fiber optic,0,1,0,1,1,1,One year,1,1,6,104.5,3778,No,0,21,3866.5,3866.5,Don't know
1,95334,Female,0,0,0,12,1,0,DSL,0,1,0,0,0,0,Month-to-month,1,0,2,49.4,611.65,No,0,70,592.8,592.8,Don't know
1,95336,Female,0,0,0,60,1,1,No,0,0,0,0,0,0,Two year,0,0,2,25.0,1505.05,No,0,24,1500.0,1500.0,Don't know
1,95337,Male,0,1,1,18,0,0,DSL,0,0,0,0,0,0,Month-to-month,0,1,0,25.55,467.85,No,0,28,459.90000000000003,459.90000000000003,Don't know
1,95340,Female,0,0,0,3,1,0,Fiber optic,0,0,0,0,0,0,Month-to-month,1,0,1,70.15,194.2,No,0,26,210.45000000000002,210.45000000000002,Don't know
1,95345,Female,0,0,1,9,1,0,DSL,0,0,0,1,1,1,Month-to-month,1,1,4,69.4,571.45,No,0,55,624.6,624.6,Don't know
1,95348,Male,0,1,0,56,1,1,Fiber optic,1,1,1,0,0,0,One year,1,0,5,93.15,5253.95,No,0,56,5216.400000000001,5216.400000000001,Don't know
1,95354,Male,0,0,0,7,1,0,Fiber optic,0,0,0,0,0,0,Month-to-month,1,0,1,69.55,521.35,No,0,71,486.84999999999997,486.84999999999997,Don't know
1,95355,Female,0,1,1,69,1,0,No,0,0,0,0,0,0,Two year,0,1,1,20.2,1412.65,No,0,34,1393.8,1393.8,Don't know
1,95358,Male,0,1,1,54,1,0,No,0,0,0,0,0,0,Two year,0,1,1,20.4,1090.6,No,0,60,1101.6,1101.6,Don't know
1,95360,Male,0,1,0,62,1,1,No,0,0,0,0,0,0,One year,1,1,2,23.75,1446.8,No,0,66,1472.5,1472.5,Don't know
1,95363,Female,0,1,1,62,1,1,DSL,0,0,0,0,1,1,Month-to-month,1,1,4,70.45,4300.45,No,0,37,4367.900000000001,4367.900000000001,Don't know
1,95364,Male,0,0,0,17,1,1,DSL,1,0,0,0,0,1,Month-to-month,0,1,4,65.75,1111.2,No,0,63,1117.75,1117.75,Don't know
1,95365,Male,0,0,0,9,0,0,DSL,0,0,0,0,0,0,Month-to-month,1,0,0,24.6,190.1,No,0,49,221.4,221.4,Don't know
1,95366,Male,0,1,0,64,1,0,DSL,1,0,1,1,1,0,Two year,0,0,5,69.25,4447.75,No,0,25,4432.0,4432.0,Don't know
1,95370,Female,0,1,0,72,1,1,No,0,0,0,0,0,0,Two year,0,1,2,24.65,1830.05,No,0,66,1774.8,1774.8,Don't know
1,95372,Male,0,0,0,30,1,1,Fiber optic,1,1,1,0,0,0,One year,0,1,5,90.4,2820.65,No,0,78,2712.0,2712.0,Don't know
1,95374,Female,0,1,0,49,1,1,Fiber optic,1,0,0,0,1,1,Month-to-month,1,0,5,100.85,4847.35,No,0,53,4941.65,4941.65,Don't know
1,95376,Male,0,1,0,61,1,1,DSL,1,0,1,1,0,1,Two year,0,1,6,75.35,4729.3,No,0,35,4596.349999999999,4596.349999999999,Don't know
1,95379,Male,0,1,1,47,1,1,Fiber optic,0,1,0,0,1,0,Month-to-month,0,0,4,87.2,4017.45,No,0,76,4098.400000000001,4098.400000000001,Don't know
1,95380,Male,0,0,0,20,1,0,DSL,1,0,1,0,0,1,Month-to-month,0,1,4,64.4,1398.6,No,0,80,1288.0,1288.0,Don't know
1,95383,Female,0,1,1,70,1,1,No,0,0,0,0,0,0,Two year,0,1,2,24.7,1685.9,No,0,59,1729.0,1729.0,Don't know
1,95385,Male,0,0,1,54,1,0,Fiber optic,1,1,0,1,1,1,One year,1,0,6,105.85,5826.65,No,0,35,5715.9,5715.9,Don't know
1,95386,Male,1,1,0,61,1,1,Fiber optic,0,1,1,1,1,0,One year,1,0,6,98.3,6066.55,No,0,74,5996.3,5996.3,Don't know
1,95388,Male,0,0,0,13,1,0,No,0,0,0,0,0,0,One year,0,0,1,19.45,270.2,No,0,37,252.85,252.85,Don't know
1,95401,Female,0,1,1,3,1,0,DSL,0,1,0,0,1,0,Month-to-month,1,1,3,58.7,168.6,No,0,52,176.10000000000002,176.10000000000002,Don't know
1,95403,Male,0,0,0,25,1,0,No,0,0,0,0,0,0,Month-to-month,1,0,1,20.15,536.35,No,0,58,503.74999999999994,503.74999999999994,Don't know
1,95404,Male,0,0,0,30,1,1,DSL,1,0,0,0,0,1,Month-to-month,1,0,4,64.5,1888.45,No,0,48,1935.0,1935.0,Don't know
1,95405,Female,0,1,0,21,0,0,DSL,1,0,0,0,0,0,Month-to-month,0,0,1,28.5,629.35,No,0,77,598.5,598.5,Don't know
1,95410,Male,1,1,0,23,1,0,Fiber optic,0,0,0,0,1,1,Month-to-month,1,0,3,90.45,2117.25,No,0,24,2080.35,2080.35,Don't know
1,95412,Female,0,1,1,45,1,1,Fiber optic,1,1,0,0,1,1,Month-to-month,1,0,6,105.15,4730.9,No,0,22,4731.75,4731.75,Don't know
1,95415,Female,0,1,1,24,1,1,Fiber optic,0,1,1,0,0,0,One year,0,1,4,83.15,2033.05,No,0,53,1995.6000000000001,1995.6000000000001,Don't know
1,95421,Female,0,1,0,56,1,1,Fiber optic,0,0,1,1,1,1,Two year,0,1,6,103.2,5744.35,No,0,34,5779.2,5779.2,Don't know
1,95423,Male,0,0,0,1,1,0,No,0,0,0,0,0,0,Month-to-month,0,0,1,19.45,19.45,No,0,64,19.45,19.45,Don't know
1,95426,Female,1,1,0,55,1,0,Fiber optic,0,0,1,1,1,0,Two year,0,1,4,88.8,4805.3,No,0,73,4884.0,4884.0,Don't know
1,95428,Female,0,1,0,72,1,1,DSL,1,0,1,1,1,1,Two year,1,1,7,85.9,6110.75,No,0,72,6184.8,6184.8,Don't know
1,95429,Female,1,0,0,45,0,0,DSL,0,0,0,0,0,1,One year,0,0,1,34.2,1596.6,No,0,38,1539.0000000000002,1539.0000000000002,Don't know
1,95430,Female,0,0,0,47,1,0,No,0,0,0,0,0,0,Two year,0,0,1,20.15,1046.2,No,0,74,947.05,947.05,Don't know
1,95432,Male,0,0,0,2,1,0,DSL,0,1,0,0,0,0,Month-to-month,1,0,2,50.3,92.75,No,0,33,100.6,100.6,Don't know
1,95436,Female,0,1,0,2,1,0,Fiber optic,1,0,0,1,0,0,Month-to-month,1,0,3,80.15,194.55,No,0,26,160.3,160.3,Don't know
1,95437,Female,0,1,0,12,1,0,DSL,0,1,0,0,0,0,Month-to-month,1,0,2,51.25,612.1,No,0,57,615.0,615.0,Don't know
1,95441,Male,0,1,1,69,1,0,Fiber optic,0,0,0,1,1,1,Two year,1,1,4,95.2,6671.7,No,0,34,6568.8,6568.8,Don't know
1,95442,Male,1,0,1,56,1,0,Fiber optic,1,0,0,0,1,1,One year,0,1,4,94.8,5264.3,No,0,59,5308.8,5308.8,Don't know
1,95443,Female,1,0,0,4,1,1,Fiber optic,1,0,0,0,0,0,Month-to-month,1,0,3,80.25,303.7,No,0,20,321.0,321.0,Don't know
1,95444,Male,0,1,0,64,1,1,DSL,0,1,1,1,1,0,Two year,1,1,6,76.1,4818.8,No,0,26,4870.4,4870.4,Don't know
1,95446,Male,0,1,1,62,1,1,Fiber optic,1,1,1,1,1,1,Two year,0,1,8,115.55,7159.05,No,0,25,7164.099999999999,7164.099999999999,Don't know
1,95448,Male,0,1,1,63,1,1,No,0,0,0,0,0,0,Two year,0,1,2,24.65,1574.5,No,0,40,1552.9499999999998,1552.9499999999998,Don't know
1,95449,Female,0,0,0,53,0,0,DSL,1,1,1,1,1,0,One year,1,0,5,53.6,2879.2,No,0,28,2840.8,2840.8,Don't know
1,95450,Male,0,1,1,5,1,0,No,0,0,0,0,0,0,Month-to-month,0,0,1,19.45,86.05,No,0,79,97.25,97.25,Don't know
1,95451,Male,1,1,0,49,1,1,Fiber optic,1,1,1,0,0,0,Month-to-month,1,0,5,88.2,4159.45,No,0,24,4321.8,4321.8,Don't know
1,95452,Female,0,1,1,62,1,1,Fiber optic,1,0,0,0,1,1,Two year,1,1,5,101.15,6638.35,No,0,36,6271.3,6271.3,Don't know
1,95453,Female,0,1,0,55,1,0,DSL,1,1,0,1,0,0,Two year,0,0,4,56.8,3112.05,No,0,33,3124.0,3124.0,Don't know
1,95454,Female,1,1,0,71,1,0,Fiber optic,1,1,1,1,1,0,Two year,1,0,6,99.4,7168.25,No,0,29,7057.400000000001,7057.400000000001,Don't know
1,95456,Female,0,1,1,72,1,0,No,0,0,0,0,0,0,Two year,1,1,1,20.1,1326.25,No,0,41,1447.2,1447.2,Don't know
1,95457,Male,0,1,0,36,0,0,DSL,1,0,1,1,1,1,One year,0,1,5,60.7,2234.55,No,0,69,2185.2000000000003,2185.2000000000003,Don't know
1,95458,Male,0,1,0,25,1,0,No,0,0,0,0,0,0,One year,1,1,1,20.95,495.15,No,0,77,523.75,523.75,Don't know
1,95459,Female,1,1,0,72,1,1,Fiber optic,1,1,1,1,1,1,Two year,1,1,8,114.85,8317.95,No,0,26,8269.199999999999,8269.199999999999,Don't know
1,95460,Female,0,0,0,36,1,0,No,0,0,0,0,0,0,One year,1,1,1,19.25,679.8,No,0,79,693.0,693.0,Don't know
1,95461,Male,0,0,0,1,1,0,DSL,0,0,0,0,1,1,Month-to-month,1,0,3,62.8,62.8,No,0,36,62.8,62.8,Don't know
1,95462,Female,0,1,0,72,1,1,Fiber optic,1,0,1,0,1,1,Two year,1,0,6,105.5,7544,No,0,62,7596.0,7596.0,Don't know
1,95463,Male,0,1,1,59,1,0,No,0,0,0,0,0,0,Two year,0,0,1,19.85,1188.25,No,0,59,1171.15,1171.15,Don't know
1,95465,Female,0,0,0,1,1,0,DSL,0,0,1,1,1,1,One year,0,1,5,74.1,74.1,No,0,23,74.1,74.1,Don't know
1,95466,Female,0,1,1,30,1,1,Fiber optic,0,1,1,1,1,1,Month-to-month,1,0,7,107.5,3242.5,No,0,51,3225.0,3225.0,Don't know
1,95468,Male,0,0,0,64,1,0,No,0,0,0,0,0,0,Two year,0,0,1,19.55,1240.15,No,0,27,1251.2,1251.2,Don't know
1,95469,Male,0,0,0,63,1,1,DSL,1,1,1,1,0,0,One year,0,1,6,68.8,4111.35,No,0,40,4334.4,4334.4,Don't know
1,95470,Male,1,1,0,72,1,1,DSL,1,1,1,0,1,1,Two year,0,1,7,84.45,5899.85,No,0,25,6080.400000000001,6080.400000000001,Don't know
1,95472,Female,0,0,0,62,1,1,DSL,0,1,1,1,1,1,Two year,0,1,7,84.5,5193.2,No,0,61,5239.0,5239.0,Don't know
1,95476,Male,0,1,1,67,1,1,Fiber optic,0,1,1,1,1,1,Two year,1,1,7,111.2,7530.8,No,0,71,7450.400000000001,7450.400000000001,Don't know
1,95485,Female,0,1,0,70,1,1,DSL,1,0,0,1,1,1,Two year,1,1,6,80.6,5460.2,No,0,68,5642.0,5642.0,Don't know
1,95488,Female,1,0,0,20,1,0,Fiber optic,0,0,0,0,1,0,Month-to-month,0,1,2,80.7,1614.2,No,0,73,1614.0,1614.0,Don't know
1,95490,Female,0,0,0,5,1,1,Fiber optic,0,0,0,0,0,0,Month-to-month,0,0,2,75.6,402.5,No,0,27,378.0,378.0,Don't know
1,95492,Female,0,1,0,24,0,0,DSL,1,1,1,0,1,1,One year,0,0,5,57.6,1367.75,No,0,70,1382.4,1382.4,Don't know
1,95494,Male,0,1,0,72,1,1,Fiber optic,0,1,1,1,1,1,Two year,1,1,7,110.6,7962.2,No,0,64,7963.2,7963.2,Don't know
1,95497,Female,0,1,0,66,1,0,DSL,1,1,0,1,0,0,Two year,1,1,4,58.2,3810.8,No,0,79,3841.2000000000003,3841.2000000000003,Don't know
1,95501,Female,0,1,0,45,1,0,DSL,1,0,1,1,1,1,Two year,1,0,6,81.0,3533.6,No,0,56,3645.0,3645.0,Don't know
1,95503,Female,0,1,1,69,1,0,No,0,0,0,0,0,0,Two year,0,1,1,19.7,1396.9,No,0,76,1359.3,1359.3,Don't know
1,95514,Female,0,0,0,28,1,0,DSL,0,0,1,0,1,0,Month-to-month,1,1,3,59.55,1646.45,No,0,37,1667.3999999999999,1667.3999999999999,Don't know
1,95521,Female,0,0,0,36,1,0,DSL,1,1,1,1,0,1,One year,1,0,6,75.55,2680.15,No,0,22,2719.7999999999997,2719.7999999999997,Don't know
1,95527,Male,0,1,0,42,0,0,DSL,0,1,1,0,0,1,One year,1,1,3,45.1,2049.05,No,0,71,1894.2,1894.2,Don't know
1,95528,Male,0,0,0,48,1,1,DSL,1,0,0,1,0,1,One year,1,1,5,70.95,3629.2,No,0,56,3405.6000000000004,3405.6000000000004,Don't know
1,95537,Female,0,1,1,11,1,0,No,0,0,0,0,0,0,Two year,0,1,1,20.9,202.3,No,0,63,229.89999999999998,229.89999999999998,Don't know
1,95540,Male,0,0,0,7,1,0,No,0,0,0,0,0,0,Month-to-month,1,0,1,19.95,147.5,No,0,38,139.65,139.65,Don't know
1,95542,Female,0,0,0,3,1,1,No,0,0,0,0,0,0,Month-to-month,0,0,2,24.6,86.35,No,0,56,73.80000000000001,73.80000000000001,Don't know
1,95543,Male,0,0,0,8,1,0,DSL,1,0,1,0,0,1,Month-to-month,1,0,4,66.7,579,No,0,35,533.6,533.6,Don't know
1,95546,Male,0,1,1,32,1,0,Fiber optic,1,1,1,0,0,1,One year,0,0,5,94.8,3131.55,No,0,52,3033.6,3033.6,Don't know
1,95547,Male,0,1,0,60,1,0,DSL,1,1,1,1,0,0,One year,1,1,5,65.85,3928.3,No,0,48,3950.9999999999995,3950.9999999999995,Don't know
1,95548,Female,0,1,0,10,1,0,No,0,0,0,0,0,0,Month-to-month,1,1,1,19.95,187.75,No,0,54,199.5,199.5,Don't know
1,95549,Female,0,1,0,71,1,1,No,0,0,0,0,0,0,Two year,1,1,2,24.65,1710.15,No,0,42,1750.1499999999999,1750.1499999999999,Don't know
1,95552,Female,0,1,0,43,0,0,DSL,1,1,0,1,1,0,One year,1,1,4,51.25,2151.6,No,0,43,2203.75,2203.75,Don't know
1,95554,Female,0,1,0,23,1,0,DSL,0,0,1,1,0,0,Month-to-month,0,0,3,54.25,1221.55,No,0,49,1247.75,1247.75,Don't know
1,95555,Female,0,1,0,72,1,0,No,0,0,0,0,0,0,Two year,0,1,1,19.4,1496.45,No,0,79,1396.8,1396.8,Don't know
1,95556,Male,0,1,0,22,1,0,DSL,1,0,0,1,0,0,One year,1,1,3,56.25,1292.2,No,0,28,1237.5,1237.5,Don't know
1,95558,Female,0,0,0,1,0,0,DSL,0,0,0,0,0,0,Month-to-month,1,0,0,25.15,25.15,No,0,45,25.15,25.15,Don't know
1,95559,Male,0,0,0,69,1,1,No,0,0,0,0,0,0,Two year,0,1,2,23.95,1713.1,No,0,31,1652.55,1652.55,Don't know
1,95560,Male,0,0,0,50,0,0,DSL,1,0,0,1,0,0,One year,1,0,2,35.4,1748.9,No,0,36,1770.0,1770.0,Don't know
1,95564,Female,0,1,0,15,1,0,Fiber optic,0,1,0,0,0,0,Month-to-month,0,1,2,75.35,1114.55,No,0,67,1130.25,1130.25,Don't know
1,95565,Male,0,0,0,31,1,0,No,0,0,0,0,0,0,Two year,0,1,1,20.4,609.1,No,0,29,632.4,632.4,Don't know
1,95569,Female,0,1,0,0,0,0,DSL,1,1,1,1,1,0,Two year,0,1,5,56.05, ,No,0,30,0.0,0.0,Don't know
1,95571,Female,0,0,0,8,1,0,No,0,0,0,0,0,0,Two year,0,0,1,20.0,141.6,No,0,71,160.0,160.0,Don't know
1,95573,Male,0,1,0,64,1,0,DSL,1,0,1,0,1,1,One year,1,1,5,73.05,4688.65,No,0,28,4675.2,4675.2,Don't know
1,95585,Female,0,1,0,28,1,0,No,0,0,0,0,0,0,Month-to-month,0,0,1,20.5,563.05,No,0,41,574.0,574.0,Don't know
1,95587,Female,0,1,0,57,1,1,Fiber optic,0,0,1,0,1,1,One year,1,1,5,100.75,5985,No,0,31,5742.75,5742.75,Don't know
1,95595,Male,0,0,0,19,1,0,No,0,0,0,0,0,0,Two year,1,0,1,19.95,373.5,No,0,50,379.05,379.05,Don't know
1,95602,Female,0,1,0,51,0,0,DSL,0,1,0,0,1,1,Month-to-month,1,0,3,49.65,2553.35,No,0,30,2532.15,2532.15,Don't know
1,95603,Female,0,1,0,67,1,1,DSL,1,1,1,0,0,0,Two year,0,0,5,65.65,4322.85,No,0,20,4398.55,4398.55,Don't know
1,95605,Male,0,1,1,11,1,0,No,0,0,0,0,0,0,Month-to-month,1,0,1,20.45,250.8,No,0,28,224.95,224.95,Don't know
1,95606,Male,0,1,0,72,0,0,DSL,1,0,1,1,1,1,Two year,0,1,5,60.95,4549.05,No,0,21,4388.400000000001,4388.400000000001,Don't know
1,95607,Male,0,1,0,66,1,0,No,0,0,0,0,0,0,One year,1,0,1,20.35,1359.5,No,0,22,1343.1000000000001,1343.1000000000001,Don't know
1,95610,Female,0,0,0,9,1,0,No,0,0,0,0,0,0,Month-to-month,1,0,1,19.5,178.85,No,0,64,175.5,175.5,Don't know
1,95612,Female,0,0,0,9,1,1,Fiber optic,0,0,0,0,0,0,Month-to-month,1,1,2,75.2,633.85,No,0,68,676.8000000000001,676.8000000000001,Don't know
1,95614,Male,0,1,0,48,1,1,Fiber optic,1,1,1,0,1,1,Month-to-month,1,1,7,111.45,5315.1,No,0,74,5349.6,5349.6,Don't know
1,95615,Male,0,0,0,10,1,0,Fiber optic,0,0,0,0,0,0,Month-to-month,0,0,1,70.15,735.5,No,0,78,701.5,701.5,Don't know
1,95621,Female,0,1,0,72,1,1,DSL,1,1,1,1,1,1,Two year,0,1,8,92.0,6474.4,No,0,42,6624.0,6624.0,Don't know
1,95623,Female,0,1,0,51,1,0,DSL,1,1,1,1,1,1,Two year,0,1,7,85.5,4421.95,No,0,43,4360.5,4360.5,Don't know
1,95626,Male,1,1,0,61,1,1,Fiber optic,0,1,0,0,0,0,Month-to-month,1,0,3,82.15,4904.85,No,0,33,5011.150000000001,5011.150000000001,Don't know
1,95627,Male,0,0,0,54,1,0,Fiber optic,1,0,1,1,0,0,One year,0,0,4,84.4,4484.05,No,0,31,4557.6,4557.6,Don't know
1,95628,Female,0,0,0,33,1,1,DSL,1,1,0,0,0,0,Month-to-month,1,0,4,60.9,2033.85,No,0,36,2009.7,2009.7,Don't know
1,95629,Female,0,0,0,27,1,0,No,0,0,0,0,0,0,Two year,1,1,1,20.25,538.2,No,0,79,546.75,546.75,Don't know
1,95631,Male,0,0,0,23,1,0,Fiber optic,0,1,0,0,1,1,Month-to-month,0,0,4,95.3,2192.9,No,0,68,2191.9,2191.9,Don't know
1,95632,Male,0,0,1,1,1,0,No,0,0,0,0,0,0,Month-to-month,0,0,1,19.85,19.85,No,0,75,19.85,19.85,Don't know
1,95633,Male,0,1,0,45,1,0,DSL,1,1,1,1,1,1,Two year,1,0,7,84.35,3858.05,No,0,35,3795.7499999999995,3795.7499999999995,Don't know
1,95634,Female,0,1,1,39,1,0,No,0,0,0,0,0,0,Two year,1,1,1,19.85,854.8,No,0,72,774.1500000000001,774.1500000000001,Don't know
1,95636,Male,0,1,0,72,1,1,DSL,1,1,1,1,1,0,Two year,0,1,7,82.3,5815.15,No,0,60,5925.599999999999,5925.599999999999,Don't know
1,95637,Female,0,1,1,58,1,1,DSL,0,1,0,0,1,0,Month-to-month,1,1,4,66.8,3970.4,No,0,70,3874.3999999999996,3874.3999999999996,Don't know
1,95638,Female,0,0,0,70,0,0,DSL,1,1,1,1,0,0,Two year,1,1,4,44.6,3058.15,No,0,26,3122.0,3122.0,Don't know
1,95639,Male,0,1,1,61,1,0,Fiber optic,0,1,0,1,1,1,One year,1,1,5,98.45,6145.2,No,0,64,6005.45,6005.45,Don't know
1,95640,Male,0,0,0,2,1,0,Fiber optic,0,0,0,0,0,0,Month-to-month,0,0,1,70.7,129.2,No,0,38,141.4,141.4,Don't know
1,95641,Female,0,1,0,46,1,1,No,0,0,0,0,0,0,One year,0,0,2,24.95,1165.9,No,0,58,1147.7,1147.7,Don't know
1,95646,Female,0,0,0,48,1,0,Fiber optic,1,0,1,1,1,1,Two year,1,1,6,102.5,4904.25,No,0,75,4920.0,4920.0,Don't know
1,95648,Male,0,0,0,64,1,1,DSL,0,1,1,1,1,1,Two year,0,1,7,86.55,5632.55,No,0,57,5539.2,5539.2,Don't know
1,95650,Male,0,1,1,72,1,1,No,0,0,0,0,0,0,Two year,0,1,2,24.3,1643.25,No,0,43,1749.6000000000001,1749.6000000000001,Don't know
1,95651,Female,0,1,1,12,1,0,DSL,0,0,1,0,1,0,Month-to-month,1,1,3,58.35,740.55,No,0,29,700.2,700.2,Don't know
1,95655,Female,0,1,0,72,1,0,DSL,1,1,1,0,0,1,Two year,0,1,5,68.75,4888.2,No,0,52,4950.0,4950.0,Don't know
1,95658,Male,0,1,0,29,1,1,Fiber optic,0,1,1,0,0,0,Month-to-month,1,0,4,85.8,2440.25,No,0,70,2488.2,2488.2,Don't know
1,95659,Male,0,1,0,33,1,0,No,0,0,0,0,0,0,One year,0,1,1,20.1,620.55,No,0,59,663.3000000000001,663.3000000000001,Don't know
1,95660,Female,0,0,0,1,1,0,No,0,0,0,0,0,0,Month-to-month,0,0,1,20.35,20.35,No,0,72,20.35,20.35,Don't know
1,95661,Female,0,1,1,62,1,1,Fiber optic,0,1,1,1,1,1,One year,1,0,7,110.8,6840.95,No,0,49,6869.599999999999,6869.599999999999,Don't know
1,95664,Female,0,0,0,4,1,0,Fiber optic,0,0,1,0,0,1,Month-to-month,1,1,3,82.85,319.6,No,0,80,331.4,331.4,Don't know
1,95665,Female,0,0,0,24,1,1,Fiber optic,1,0,0,1,0,0,Month-to-month,1,0,4,84.35,1938.05,No,0,31,2024.3999999999999,2024.3999999999999,Don't know
1,95666,Female,0,1,0,14,1,0,No,0,0,0,0,0,0,One year,0,0,1,19.55,294.5,No,0,47,273.7,273.7,Don't know
1,95667,Male,0,0,1,3,1,0,No,0,0,0,0,0,0,Month-to-month,0,0,1,19.95,58.3,No,0,77,59.849999999999994,59.849999999999994,Don't know
1,95670,Male,0,0,0,8,1,0,DSL,0,0,0,0,1,1,Month-to-month,1,0,3,66.25,546.45,No,0,60,530.0,530.0,Don't know
1,95672,Female,0,0,0,35,1,1,No,0,0,0,0,0,0,Two year,0,1,2,23.3,797.1,No,0,78,815.5,815.5,Don't know
1,95674,Male,0,0,1,66,1,1,No,0,0,0,0,0,0,Two year,1,1,2,25.3,1673.8,No,0,56,1669.8,1669.8,Don't know
1,95675,Male,0,0,0,8,0,0,DSL,1,0,0,1,0,1,Two year,1,0,3,44.55,343.45,No,0,66,356.4,356.4,Don't know
1,95677,Female,0,1,0,71,1,1,Fiber optic,1,0,1,0,1,1,One year,1,1,6,104.1,7412.25,No,0,45,7391.099999999999,7391.099999999999,Don't know
1,95678,Female,0,1,1,43,1,1,Fiber optic,0,0,1,0,0,1,Month-to-month,1,1,4,92.55,4039,No,0,37,3979.65,3979.65,Don't know
1,95682,Male,1,0,0,29,1,0,Fiber optic,0,1,1,0,1,1,Month-to-month,1,1,5,101.45,2948.6,No,0,76,2942.05,2942.05,Don't know
1,95684,Male,0,1,1,65,1,1,Fiber optic,1,1,1,1,0,0,Two year,0,1,6,94.55,6078.75,No,0,36,6145.75,6145.75,Don't know
1,95685,Male,0,0,0,35,1,1,Fiber optic,0,0,1,1,1,0,Month-to-month,0,0,5,95.5,3418.2,No,0,27,3342.5,3342.5,Don't know
1,95686,Male,0,0,0,64,1,0,Fiber optic,1,1,0,0,1,1,One year,1,1,5,100.3,6603.8,No,0,77,6419.2,6419.2,Don't know
1,95687,Female,0,1,0,58,0,0,DSL,0,0,1,1,1,1,Two year,1,1,4,55.5,3166.9,No,0,69,3219.0,3219.0,Don't know
1,95688,Female,1,0,0,18,1,0,DSL,0,1,0,0,0,0,Month-to-month,1,1,2,49.85,865.75,No,0,71,897.3000000000001,897.3000000000001,Don't know
1,95689,Male,0,1,1,67,1,1,Fiber optic,0,1,0,0,0,1,Month-to-month,1,1,4,89.55,6373.1,No,0,45,5999.849999999999,5999.849999999999,Don't know
1,95690,Male,0,1,1,63,1,0,No,0,0,0,0,0,0,Two year,1,0,1,19.15,1177.05,No,0,38,1206.4499999999998,1206.4499999999998,Don't know
1,95691,Female,0,1,0,60,1,1,Fiber optic,0,1,0,0,1,1,Month-to-month,1,0,5,99.8,5985.75,No,0,38,5988.0,5988.0,Don't know
1,95693,Female,0,1,1,70,1,1,Fiber optic,1,1,1,1,1,1,Two year,1,1,8,113.05,7869.05,No,0,54,7913.5,7913.5,Don't know
1,95695,Female,0,0,0,48,1,0,No,0,0,0,0,0,0,One year,0,0,1,19.95,936.7,No,0,21,957.5999999999999,957.5999999999999,Don't know
1,95701,Male,0,1,0,12,1,0,DSL,0,0,1,1,1,1,Month-to-month,1,0,5,74.15,741.4,No,0,52,889.8000000000001,889.8000000000001,Don't know
1,95703,Male,1,1,0,71,1,1,Fiber optic,1,1,1,1,0,0,One year,1,0,6,92.0,6585.2,No,0,66,6532.0,6532.0,Don't know
1,95709,Male,1,0,0,44,1,0,Fiber optic,0,0,1,0,0,0,Month-to-month,0,0,2,73.85,3122.4,No,0,48,3249.3999999999996,3249.3999999999996,Don't know
1,95714,Male,0,1,1,45,1,1,No,0,0,0,0,0,0,Two year,0,0,2,24.45,1088.25,No,0,57,1100.25,1100.25,Don't know
1,95715,Female,0,0,0,23,1,1,No,0,0,0,0,0,0,One year,0,1,2,24.8,615.35,No,0,46,570.4,570.4,Don't know
1,95717,Female,0,1,0,43,1,1,DSL,0,0,0,1,1,0,One year,1,1,4,64.85,2908.2,No,0,72,2788.5499999999997,2788.5499999999997,Don't know
1,95720,Male,0,0,0,35,1,0,No,0,0,0,0,0,0,Month-to-month,0,1,1,20.75,739.9,No,0,75,726.25,726.25,Don't know
1,95721,Male,0,1,0,9,1,0,DSL,1,1,0,1,1,0,Month-to-month,1,0,5,68.95,593.85,No,0,29,620.5500000000001,620.5500000000001,Don't know
1,95726,Female,1,1,0,65,1,1,Fiber optic,1,1,1,0,1,1,Month-to-month,1,1,7,109.4,7227.45,No,0,39,7111.0,7111.0,Don't know
1,95735,Male,0,0,0,27,1,1,DSL,0,0,0,0,0,0,Month-to-month,0,0,2,49.0,1291.35,No,0,51,1323.0,1323.0,Don't know
1,95736,Female,0,0,0,40,1,0,DSL,0,0,1,0,0,0,One year,1,0,2,50.25,2023.55,No,0,25,2010.0,2010.0,Don't know
1,95746,Male,0,1,0,8,1,0,No,0,0,0,0,0,0,One year,0,1,1,19.9,153.95,No,0,29,159.2,159.2,Don't know
1,95747,Female,1,1,0,58,1,1,Fiber optic,0,1,0,0,1,1,One year,1,1,5,97.8,5458.8,No,0,23,5672.4,5672.4,Don't know
1,95758,Female,0,1,1,52,1,0,Fiber optic,1,0,1,0,1,1,One year,0,0,5,100.3,5244.45,No,0,29,5215.599999999999,5215.599999999999,Don't know
1,95762,Male,0,1,0,3,1,0,DSL,0,0,1,1,0,0,Month-to-month,1,0,3,55.8,154.55,No,0,48,167.39999999999998,167.39999999999998,Don't know
1,95765,Male,0,0,1,41,1,0,Fiber optic,1,1,1,1,1,1,Two year,1,0,7,111.15,4507.15,No,0,32,4557.150000000001,4557.150000000001,Don't know
1,95776,Male,0,0,0,20,1,1,Fiber optic,0,0,0,1,1,1,Month-to-month,1,0,5,98.55,2031.95,No,0,42,1971.0,1971.0,Don't know
1,95814,Male,0,0,1,1,1,1,DSL,0,0,0,0,0,0,Month-to-month,1,0,2,50.05,50.05,No,0,61,50.05,50.05,Don't know
1,95816,Male,0,0,0,23,1,0,No,0,0,0,0,0,0,Month-to-month,0,0,1,20.85,473.9,No,0,53,479.55,479.55,Don't know
1,95817,Female,1,0,0,6,1,0,No,0,0,0,0,0,0,Month-to-month,0,1,1,19.5,106.8,No,0,77,117.0,117.0,Don't know
1,95818,Male,0,1,1,8,1,0,No,0,0,0,0,0,0,Month-to-month,1,0,1,19.35,152.6,No,0,58,154.8,154.8,Don't know
1,95819,Male,0,0,0,18,1,1,DSL,1,0,1,0,1,0,Month-to-month,0,0,5,69.5,1199.4,No,0,24,1251.0,1251.0,Don't know
1,95820,Male,1,0,0,52,0,0,DSL,1,0,0,0,1,1,Month-to-month,1,1,3,48.8,2555.05,No,0,67,2537.6,2537.6,Don't know
1,95821,Male,0,0,0,31,1,0,Fiber optic,0,1,0,0,1,1,Month-to-month,1,0,4,94.5,2979.2,No,0,42,2929.5,2929.5,Don't know
1,95822,Male,0,1,1,29,1,0,No,0,0,0,0,0,0,Month-to-month,1,0,1,20.65,654.85,No,0,72,598.8499999999999,598.8499999999999,Don't know
1,95823,Female,0,1,0,36,1,1,Fiber optic,1,1,1,1,0,1,Two year,1,1,7,106.05,3834.4,No,0,25,3817.7999999999997,3817.7999999999997,Don't know
1,95825,Male,0,1,0,42,1,1,Fiber optic,0,0,1,1,1,1,One year,1,0,6,108.3,4586.15,No,0,63,4548.599999999999,4548.599999999999,Don't know
1,95827,Female,0,0,0,60,1,0,Fiber optic,0,1,1,0,1,1,Two year,1,0,5,99.65,5941.05,No,0,41,5979.0,5979.0,Don't know
1,95829,Male,0,1,0,22,1,1,Fiber optic,1,0,0,1,1,0,Month-to-month,0,1,5,95.9,2234.95,No,0,56,2109.8,2109.8,Don't know
1,95830,Male,0,1,0,36,1,0,No,0,0,0,0,0,0,One year,0,0,1,20.0,666.75,No,0,60,720.0,720.0,Don't know
1,95832,Male,0,0,0,9,1,0,DSL,1,0,0,1,0,1,Month-to-month,0,0,4,64.95,547.8,No,0,66,584.5500000000001,584.5500000000001,Don't know
1,95833,Male,0,1,1,1,1,0,Fiber optic,0,1,0,0,0,0,Month-to-month,0,1,2,74.6,74.6,No,0,22,74.6,74.6,Don't know
1,95834,Male,0,1,1,12,1,0,DSL,1,0,0,0,0,0,Month-to-month,1,0,2,49.2,571.15,No,0,37,590.4000000000001,590.4000000000001,Don't know
1,95835,Female,0,0,0,23,1,1,DSL,0,0,0,1,1,1,One year,1,0,5,73.75,1756.6,No,0,28,1696.25,1696.25,Don't know
1,95837,Male,0,0,0,62,1,1,Fiber optic,1,1,0,0,0,1,One year,1,1,5,92.3,5731.45,No,0,58,5722.599999999999,5722.599999999999,Don't know
1,95841,Female,0,0,0,8,1,0,No,0,0,0,0,0,0,Month-to-month,0,0,1,19.2,156.85,No,0,42,153.6,153.6,Don't know
1,95842,Male,0,1,0,31,1,1,Fiber optic,0,0,1,0,1,0,Month-to-month,0,1,4,88.65,2683.2,No,0,48,2748.15,2748.15,Don't know
1,95901,Male,0,1,1,45,1,1,Fiber optic,0,1,1,0,0,1,Month-to-month,1,1,5,95.95,4456.65,No,0,63,4317.75,4317.75,Don't know
1,95903,Female,1,1,0,69,1,1,Fiber optic,0,1,0,1,1,1,Two year,0,1,6,105.4,6998.95,No,0,45,7272.6,7272.6,Don't know
1,95910,Male,0,0,0,2,1,0,No,0,0,0,0,0,0,Month-to-month,0,0,1,20.25,36.8,No,0,59,40.5,40.5,Don't know
1,95916,Female,0,0,0,44,0,0,DSL,0,0,1,0,1,1,One year,1,0,3,49.05,2265,No,0,68,2158.2,2158.2,Don't know
1,95917,Male,0,0,0,39,0,0,DSL,0,0,1,1,0,0,One year,0,0,2,35.55,1309.15,No,0,76,1386.4499999999998,1386.4499999999998,Don't know
1,95918,Male,0,1,0,72,0,0,DSL,1,1,1,1,1,1,Two year,1,1,6,65.1,4754.3,No,0,30,4687.2,4687.2,Don't know
1,95919,Female,1,0,0,13,1,0,Fiber optic,0,0,1,0,1,1,Month-to-month,1,0,4,96.85,1235.55,No,0,28,1259.05,1259.05,Don't know
1,95920,Female,0,1,0,51,1,0,DSL,1,1,0,1,0,1,One year,1,1,5,69.75,3562.5,No,0,50,3557.25,3557.25,Don't know
1,95922,Female,1,1,0,71,1,0,Fiber optic,0,1,1,0,1,1,Two year,1,0,5,99.2,7213.75,No,0,23,7043.2,7043.2,Don't know
1,95926,Female,0,0,0,56,1,1,Fiber optic,0,1,1,0,1,1,One year,1,0,6,106.8,5914.4,No,0,49,5980.8,5980.8,Don't know
1,95928,Male,0,0,0,1,1,0,DSL,1,0,0,0,0,0,Month-to-month,0,0,2,51.25,51.25,No,0,57,51.25,51.25,Don't know
1,95930,Female,0,1,0,23,1,0,DSL,1,1,0,1,0,0,One year,1,0,4,57.75,1282.85,No,0,22,1328.25,1328.25,Don't know
1,95932,Female,1,1,0,66,1,1,DSL,0,1,1,0,1,0,One year,1,1,5,70.85,4738.85,No,0,37,4676.099999999999,4676.099999999999,Don't know
1,95934,Female,0,0,0,1,1,0,No,0,0,0,0,0,0,Month-to-month,0,0,1,19.55,19.55,No,0,31,19.55,19.55,Don't know
1,95936,Male,0,0,0,11,1,0,Fiber optic,1,0,1,0,0,0,Month-to-month,1,1,3,79.5,795.65,No,0,57,874.5,874.5,Don't know
1,95938,Female,0,1,1,52,1,1,Fiber optic,1,1,1,0,0,1,Month-to-month,0,1,6,98.15,4993.4,No,0,48,5103.8,5103.8,Don't know
1,95939,Male,0,0,0,3,1,0,No,0,0,0,0,0,0,Month-to-month,1,0,1,20.25,61.45,No,0,42,60.75,60.75,Don't know
1,95941,Female,0,1,1,51,1,0,Fiber optic,1,1,0,0,0,0,Month-to-month,1,1,3,79.15,4018.55,No,0,64,4036.65,4036.65,Don't know
1,95943,Male,1,1,0,64,1,1,Fiber optic,0,1,1,0,0,1,Month-to-month,1,0,5,94.25,6081.4,No,0,63,6032.0,6032.0,Don't know
1,95944,Female,0,0,0,37,0,0,DSL,0,0,1,0,0,1,Month-to-month,1,1,2,40.2,1478.85,No,0,20,1487.4,1487.4,Don't know
1,95945,Male,0,0,0,13,1,0,No,0,0,0,0,0,0,Two year,0,0,1,19.95,243.65,No,0,63,259.34999999999997,259.34999999999997,Don't know
1,95946,Male,0,1,0,49,1,1,DSL,1,0,0,0,0,0,One year,1,0,3,55.35,2633.95,No,0,26,2712.15,2712.15,Don't know
1,95947,Female,1,0,0,45,1,1,Fiber optic,0,0,1,0,1,1,One year,1,1,5,102.15,4735.35,No,0,69,4596.75,4596.75,Don't know
1,95948,Female,0,0,0,18,1,0,Fiber optic,0,0,0,0,0,0,Month-to-month,1,0,1,71.1,1247.75,No,0,28,1279.8,1279.8,Don't know
1,95950,Male,0,1,0,68,0,0,DSL,1,0,1,0,1,1,Two year,1,1,4,54.1,3794.5,No,0,30,3678.8,3678.8,Don't know
1,95951,Male,0,0,0,54,1,0,No,0,0,0,0,0,0,Two year,0,1,1,19.65,1008.7,No,0,70,1061.1,1061.1,Don't know
1,95953,Female,1,1,1,23,1,0,Fiber optic,0,1,1,0,0,1,Month-to-month,1,1,4,88.45,2130.55,No,0,70,2034.3500000000001,2034.3500000000001,Don't know
1,95955,Male,0,1,0,71,1,1,DSL,1,1,1,1,0,1,Two year,0,1,7,80.4,5727.15,No,0,20,5708.400000000001,5708.400000000001,Don't know
1,95956,Female,0,1,1,67,1,0,No,0,0,0,0,0,0,Two year,1,1,1,19.25,1372.9,No,0,61,1289.75,1289.75,Don't know
1,95957,Female,0,1,1,14,1,1,Fiber optic,0,0,0,0,1,0,Month-to-month,1,0,3,84.8,1203.9,No,0,80,1187.2,1187.2,Don't know
1,95960,Female,0,0,1,63,1,0,No,0,0,0,0,0,0,Two year,0,1,1,19.5,1215.1,No,0,44,1228.5,1228.5,Don't know
1,95961,Female,0,0,0,41,1,1,DSL,0,0,1,1,0,1,One year,1,0,5,68.6,2877.05,No,0,34,2812.6,2812.6,Don't know
1,95962,Female,0,1,0,17,1,1,Fiber optic,0,0,0,0,1,1,Month-to-month,0,0,4,92.6,1579.7,No,0,32,1574.1999999999998,1574.1999999999998,Don't know
1,95963,Male,0,1,0,56,1,1,Fiber optic,1,0,0,0,1,1,One year,1,0,5,100.55,5514.95,No,0,61,5630.8,5630.8,Don't know
1,95965,Female,0,0,0,5,1,0,No,0,0,0,0,0,0,Month-to-month,0,1,1,20.55,96.1,No,0,23,102.75,102.75,Don't know
1,95968,Female,0,1,0,3,1,0,No,0,0,0,0,0,0,Month-to-month,1,0,1,19.6,55.25,No,0,29,58.800000000000004,58.800000000000004,Don't know
1,95969,Male,0,0,0,37,1,1,DSL,1,1,1,1,0,0,One year,0,0,6,67.45,2443.3,No,0,37,2495.65,2495.65,Don't know
1,95971,Male,0,0,0,8,1,0,DSL,0,0,0,0,0,0,Month-to-month,0,0,1,43.55,335.4,No,0,60,348.4,348.4,Don't know
1,95973,Female,0,0,0,63,1,1,Fiber optic,0,1,1,1,1,1,Month-to-month,1,1,7,109.85,7002.95,No,0,66,6920.549999999999,6920.549999999999,Don't know
1,95974,Female,0,1,1,7,1,0,No,0,0,0,0,0,0,Month-to-month,0,0,1,20.65,158.95,No,0,74,144.54999999999998,144.54999999999998,Don't know
1,95975,Female,0,0,0,3,1,0,Fiber optic,0,1,0,0,1,1,Month-to-month,0,0,4,95.4,293.15,No,0,70,286.20000000000005,286.20000000000005,Don't know
1,95977,Male,0,1,1,72,1,0,No,0,0,0,0,0,0,Two year,0,1,1,21.0,1493.75,No,0,71,1512.0,1512.0,Don't know
1,95978,Female,0,0,0,19,1,0,DSL,0,0,0,0,0,1,Month-to-month,1,0,2,56.2,1093.4,No,0,38,1067.8,1067.8,Don't know
1,95979,Female,0,1,0,59,1,0,No,0,0,0,0,0,0,Two year,0,1,1,18.4,1057.85,No,0,20,1085.6,1085.6,Don't know
1,95982,Female,0,1,1,35,1,1,No,0,0,0,0,0,0,Month-to-month,1,0,2,25.75,882.55,No,0,49,901.25,901.25,Don't know
1,95983,Male,0,0,0,14,1,0,No,0,0,0,0,0,0,Month-to-month,0,1,1,19.6,300.4,No,0,40,274.40000000000003,274.40000000000003,Don't know
1,95986,Female,0,1,1,69,1,0,No,0,0,0,0,0,0,Two year,0,1,1,19.8,1436.95,No,0,36,1366.2,1366.2,Don't know
1,95987,Male,1,1,0,7,1,1,DSL,1,1,0,1,0,0,Month-to-month,0,0,5,64.2,475,No,0,74,449.40000000000003,449.40000000000003,Don't know
1,95988,Male,0,1,0,69,1,0,DSL,1,1,1,1,1,0,Two year,1,1,6,75.75,5388.15,No,0,75,5226.75,5226.75,Don't know
1,95991,Female,0,1,0,72,1,1,DSL,0,1,0,1,1,1,Two year,1,0,6,78.95,5730.15,No,0,76,5684.400000000001,5684.400000000001,Don't know
1,96001,Female,0,1,1,4,1,0,DSL,1,0,0,0,0,0,Month-to-month,0,0,2,50.3,217.1,No,0,73,201.2,201.2,Don't know
1,96002,Male,0,1,1,63,1,0,Fiber optic,0,1,1,0,0,0,Month-to-month,1,1,3,80.3,4896.35,No,0,66,5058.9,5058.9,Don't know
1,96003,Male,0,0,0,72,1,0,No,0,0,0,0,0,0,Two year,0,1,1,19.85,1434.1,No,0,22,1429.2,1429.2,Don't know
1,96006,Female,0,0,0,46,1,0,No,0,0,0,0,0,0,Two year,1,0,1,21.1,937.1,No,0,37,970.6,970.6,Don't know
1,96008,Male,0,1,0,30,1,0,DSL,0,0,1,0,0,0,Month-to-month,1,0,2,50.0,1474.9,No,0,29,1500.0,1500.0,Don't know
1,96009,Male,0,0,0,63,1,1,Fiber optic,0,1,1,0,1,1,Two year,1,1,6,104.75,6536.5,No,0,30,6599.25,6599.25,Don't know
1,96010,Female,0,0,0,60,1,0,No,0,0,0,0,0,0,Two year,0,1,1,19.85,1128.1,No,0,58,1191.0,1191.0,Don't know
1,96013,Male,0,1,1,25,1,0,Fiber optic,0,0,0,1,1,0,Month-to-month,0,0,3,85.9,2199.05,No,0,79,2147.5,2147.5,Don't know
1,96015,Male,1,1,0,6,1,1,Fiber optic,0,0,1,0,0,0,Month-to-month,1,0,3,80.8,457.1,No,0,68,484.79999999999995,484.79999999999995,Don't know
1,96016,Male,0,0,0,22,1,1,No,0,0,0,0,0,0,Two year,0,0,2,25.25,566.5,No,0,61,555.5,555.5,Don't know
1,96017,Female,0,1,0,31,1,1,DSL,0,1,0,1,1,1,Two year,0,1,6,80.55,2471.6,No,0,24,2497.0499999999997,2497.0499999999997,Don't know
1,96019,Female,0,1,1,39,1,0,Fiber optic,0,0,1,1,0,0,Month-to-month,1,1,3,81.5,3107.3,No,0,25,3178.5,3178.5,Don't know
1,96020,Male,0,0,0,26,1,0,No,0,0,0,0,0,0,Month-to-month,0,0,1,20.9,518.3,No,0,51,543.4,543.4,Don't know
1,96023,Male,0,0,0,12,1,1,DSL,1,1,0,1,0,0,Month-to-month,1,0,5,67.25,832.3,No,0,56,807.0,807.0,Don't know
1,96025,Female,0,0,0,2,1,0,No,0,0,0,0,0,0,Month-to-month,0,0,1,20.35,45.3,No,0,61,40.7,40.7,Don't know
1,96027,Male,0,0,0,39,0,0,DSL,1,0,0,1,1,0,One year,0,1,3,45.05,1790.6,No,0,61,1756.9499999999998,1756.9499999999998,Don't know
1,96029,Female,0,1,1,7,0,0,DSL,1,0,0,1,0,0,Month-to-month,0,0,2,34.65,246.6,No,0,45,242.54999999999998,242.54999999999998,Don't know
1,96031,Male,1,0,0,4,1,0,Fiber optic,0,0,0,0,0,0,Month-to-month,0,0,1,69.35,261.65,No,0,26,277.4,277.4,Don't know
1,96033,Female,0,0,0,55,1,0,Fiber optic,0,1,1,0,0,0,Month-to-month,1,0,3,81.55,4509.5,No,0,80,4485.25,4485.25,Don't know
1,96034,Male,0,1,0,72,1,0,DSL,0,1,1,0,1,1,Two year,1,1,5,75.4,5480.25,No,0,35,5428.8,5428.8,Don't know
1,96035,Female,0,1,0,10,1,0,DSL,0,0,1,0,1,1,Month-to-month,1,1,4,67.8,653.15,No,0,79,678.0,678.0,Don't know
1,96037,Male,1,0,0,11,1,1,Fiber optic,0,1,1,1,1,1,Month-to-month,1,0,7,111.4,1183.05,No,0,28,1225.4,1225.4,Don't know
1,96038,Female,0,1,1,15,1,0,DSL,0,0,0,0,0,0,Month-to-month,0,0,1,46.3,639.45,No,0,68,694.5,694.5,Don't know
1,96039,Female,0,1,1,23,1,0,No,0,0,0,0,0,0,Two year,0,1,1,20.4,478.75,No,0,33,469.2,469.2,Don't know
1,96040,Male,0,0,1,1,1,0,No,0,0,0,0,0,0,Month-to-month,0,0,1,20.05,20.05,No,0,27,20.05,20.05,Don't know
1,96044,Male,0,1,1,47,1,0,Fiber optic,1,1,1,0,0,1,One year,1,0,5,96.1,4391.45,No,0,68,4516.7,4516.7,Don't know
1,96046,Female,0,0,0,15,1,0,No,0,0,0,0,0,0,One year,0,0,1,19.65,270.6,No,0,34,294.75,294.75,Don't know
1,96048,Female,1,1,0,68,1,0,DSL,0,1,1,1,0,0,One year,1,1,4,60.65,3975.9,No,0,24,4124.2,4124.2,Don't know
1,96054,Female,1,1,0,21,1,1,DSL,0,1,1,0,0,1,One year,0,1,5,71.7,1497.05,No,0,38,1505.7,1505.7,Don't know
1,96055,Male,0,0,0,21,0,0,DSL,0,1,0,1,0,0,Month-to-month,1,0,2,36.0,780.15,No,0,64,756.0,756.0,Don't know
1,96056,Female,0,1,0,56,1,1,DSL,1,0,0,0,1,0,One year,0,1,4,65.2,3512.15,No,0,26,3651.2000000000003,3651.2000000000003,Don't know
1,96057,Female,0,1,1,6,1,1,DSL,0,0,0,0,0,0,Month-to-month,1,1,2,48.95,273.25,No,0,30,293.70000000000005,293.70000000000005,Don't know
1,96058,Female,1,0,0,65,0,0,DSL,0,1,1,0,1,1,Two year,1,1,4,53.5,3517.9,No,0,76,3477.5,3477.5,Don't know
1,96059,Male,0,1,0,42,1,1,DSL,1,0,0,1,1,1,One year,0,1,6,80.45,3375.9,No,0,62,3378.9,3378.9,Don't know
1,96061,Female,0,1,1,68,1,1,Fiber optic,1,0,1,1,1,1,Two year,1,1,7,109.05,7508.55,No,0,80,7415.4,7415.4,Don't know
1,96062,Male,0,1,1,48,1,1,No,0,0,0,0,0,0,Two year,0,1,2,26.3,1245.05,No,0,72,1262.4,1262.4,Don't know
1,96063,Female,1,0,0,50,1,1,Fiber optic,0,1,0,1,1,1,One year,1,0,6,106.8,5347.95,No,0,59,5340.0,5340.0,Don't know
1,96064,Female,1,0,0,7,1,0,DSL,0,1,1,0,1,0,Month-to-month,1,0,4,64.95,493.65,No,0,37,454.65000000000003,454.65000000000003,Don't know
1,96065,Female,0,1,1,63,1,0,No,0,0,0,0,0,0,Two year,0,0,1,19.35,1263.85,No,0,23,1219.0500000000002,1219.0500000000002,Don't know
1,96067,Male,0,0,0,17,1,0,No,0,0,0,0,0,0,Month-to-month,0,1,1,21.1,385.55,No,0,78,358.70000000000005,358.70000000000005,Don't know
1,96069,Male,0,1,1,4,1,0,No,0,0,0,0,0,0,Month-to-month,0,0,1,18.85,84.2,No,0,63,75.4,75.4,Don't know
1,96071,Female,0,0,1,62,1,1,No,0,0,0,0,0,0,Two year,0,1,2,26.0,1638.7,No,0,46,1612.0,1612.0,Don't know
1,96074,Female,0,1,0,2,1,0,Fiber optic,0,0,0,0,0,0,Month-to-month,1,0,1,70.35,120.25,No,0,39,140.7,140.7,Don't know
1,96075,Male,0,1,0,48,1,1,Fiber optic,1,1,1,0,1,0,Two year,1,1,6,96.9,4473.45,No,0,38,4651.200000000001,4651.200000000001,Don't know
1,96076,Male,0,1,0,27,1,0,No,0,0,0,0,0,0,Two year,0,1,1,19.55,520.55,No,0,44,527.85,527.85,Don't know
1,96080,Female,0,1,0,70,1,0,DSL,0,1,1,1,1,1,Two year,1,1,6,80.4,5717.85,No,0,28,5628.0,5628.0,Don't know
1,96085,Male,0,1,0,46,1,1,Fiber optic,0,1,1,0,1,0,One year,1,0,5,94.65,4312.5,No,0,79,4353.900000000001,4353.900000000001,Don't know
1,96088,Male,0,1,1,69,1,1,Fiber optic,0,1,1,0,1,0,One year,0,1,5,95.75,6511.25,No,0,74,6606.75,6606.75,Don't know
1,96090,Male,0,0,0,65,1,0,No,0,0,0,0,0,0,Two year,1,1,1,19.55,1218.65,No,0,76,1270.75,1270.75,Don't know
1,96091,Male,1,1,1,72,1,0,Fiber optic,1,0,1,1,1,1,Two year,1,1,6,104.1,7447.7,No,0,54,7495.2,7495.2,Don't know
1,96093,Male,0,0,0,17,1,0,No,0,0,0,0,0,0,One year,1,0,1,20.1,279.5,No,0,51,341.70000000000005,341.70000000000005,Don't know
1,96094,Male,0,1,0,51,1,1,Fiber optic,1,0,1,1,1,1,One year,1,0,7,111.55,5720.35,No,0,35,5689.05,5689.05,Don't know
1,96096,Male,0,1,0,51,1,0,DSL,1,1,0,1,0,0,Two year,0,1,4,60.5,3121.45,No,0,75,3085.5,3085.5,Don't know
1,96097,Female,0,1,0,72,1,1,DSL,1,1,1,1,1,1,Two year,1,1,8,90.95,6468.6,No,0,54,6548.400000000001,6548.400000000001,Don't know
1,96103,Male,0,0,0,34,1,0,No,0,0,0,0,0,0,Month-to-month,0,0,1,19.7,675.6,No,0,73,669.8,669.8,Don't know
1,96104,Male,0,1,0,67,0,0,DSL,1,1,0,1,0,1,Two year,1,1,4,50.95,3521.7,No,0,77,3413.65,3413.65,Don't know
1,96105,Female,0,1,0,49,1,0,No,0,0,0,0,0,0,One year,1,1,1,20.05,923.1,No,0,72,982.45,982.45,Don't know
1,96106,Male,0,1,1,53,1,0,No,0,0,0,0,0,0,Two year,1,0,1,19.4,1110.35,No,0,73,1028.1999999999998,1028.1999999999998,Don't know
1,96107,Male,0,0,0,27,1,1,DSL,0,0,1,1,0,0,Month-to-month,0,0,4,59.45,1611.65,No,0,23,1605.15,1605.15,Don't know
1,96109,Male,0,0,0,69,1,1,DSL,1,1,1,1,0,1,Two year,1,1,7,81.5,5553.25,No,0,45,5623.5,5623.5,Don't know
1,96110,Female,0,1,1,2,0,0,DSL,0,0,0,1,0,0,Month-to-month,0,1,1,29.05,44.75,No,0,22,58.1,58.1,Don't know
1,96113,Female,0,1,0,46,1,0,DSL,1,1,0,1,0,1,One year,0,0,5,70.6,3231.05,No,0,52,3247.6,3247.6,Don't know
1,96114,Female,0,0,0,54,1,1,Fiber optic,0,1,0,0,1,1,Two year,1,1,5,97.2,5129.45,No,0,55,5248.8,5248.8,Don't know
1,96117,Male,0,0,0,20,1,1,DSL,1,0,0,1,0,0,Month-to-month,0,1,4,59.2,1191.2,No,0,58,1184.0,1184.0,Don't know
1,96118,Male,0,0,0,11,1,0,Fiber optic,0,1,0,0,0,0,Month-to-month,1,0,2,75.9,866.4,No,0,70,834.9000000000001,834.9000000000001,Don't know
1,96119,Female,1,1,0,30,1,1,Fiber optic,0,1,0,0,1,0,Month-to-month,1,0,4,90.05,2627.2,No,0,39,2701.5,2701.5,Don't know
1,96120,Male,0,1,0,68,1,0,DSL,1,1,1,0,0,1,Two year,0,1,5,70.95,4741.45,No,0,43,4824.6,4824.6,Don't know
1,96121,Male,1,1,0,38,1,1,Fiber optic,0,1,1,0,1,1,Month-to-month,1,0,6,102.6,4009.2,No,0,40,3898.7999999999997,3898.7999999999997,Don't know
1,96124,Female,0,0,0,1,1,0,DSL,0,0,0,0,0,0,Month-to-month,0,0,1,43.8,43.8,No,0,31,43.8,43.8,Don't know
1,96125,Male,0,1,0,63,0,0,DSL,1,1,1,0,1,1,Two year,0,0,5,59.0,3707.6,No,0,20,3717.0,3717.0,Don't know
1,96126,Female,0,0,0,3,1,0,DSL,0,0,1,0,1,1,One year,1,0,4,69.95,220.45,No,0,67,209.85000000000002,209.85000000000002,Don't know
1,96128,Female,0,0,0,48,1,1,No,0,0,0,0,0,0,One year,0,1,2,24.35,1133.7,No,0,70,1168.8000000000002,1168.8000000000002,Don't know
1,96130,Male,0,0,0,66,0,0,DSL,0,0,0,1,0,0,One year,0,1,1,29.45,1983.15,No,0,55,1943.7,1943.7,Don't know
1,96132,Female,0,1,1,68,1,1,Fiber optic,0,1,1,0,0,0,Two year,1,1,4,84.4,5746.75,No,0,34,5739.200000000001,5739.200000000001,Don't know
1,96134,Female,0,1,0,7,1,0,No,0,0,0,0,0,0,One year,0,0,1,20.65,134.05,No,0,70,144.54999999999998,144.54999999999998,Don't know
1,96136,Male,0,1,0,72,1,1,DSL,1,1,1,1,1,1,Two year,1,1,8,87.1,6230.1,No,0,76,6271.2,6271.2,Don't know
1,96137,Female,0,1,0,29,1,0,No,0,0,0,0,0,0,Month-to-month,0,0,1,19.85,573.05,No,0,59,575.6500000000001,575.6500000000001,Don't know
1,96140,Male,0,1,0,37,1,0,Fiber optic,0,0,1,1,0,1,Month-to-month,1,0,4,90.35,3419.3,No,0,76,3342.95,3342.95,Don't know
1,96143,Female,0,1,0,59,1,1,DSL,1,1,0,1,0,0,One year,0,0,5,65.5,3801.3,No,0,35,3864.5,3864.5,Don't know
1,96146,Male,1,1,1,60,1,1,Fiber optic,1,0,0,0,0,0,Month-to-month,1,0,3,80.95,4859.1,No,0,71,4857.0,4857.0,Don't know
1,96148,Female,0,0,0,27,1,0,DSL,0,1,0,1,0,0,Month-to-month,1,0,3,56.15,1439.35,No,0,69,1516.05,1516.05,Don't know
1,90001,Male,0,1,0,17,0,0,DSL,1,0,1,0,0,0,Month-to-month,0,0,2,34.4,592.75,No,0,45,584.8,584.8,Don't know
1,90002,Male,0,1,0,58,1,0,No,0,0,0,0,0,0,Two year,0,0,1,20.75,1185.95,No,0,20,1203.5,1203.5,Don't know
1,90003,Male,0,1,0,1,1,0,No,0,0,0,0,0,0,One year,0,0,1,18.8,18.8,No,0,51,18.8,18.8,Don't know
1,90005,Female,0,0,0,53,1,1,Fiber optic,1,1,1,0,0,0,Month-to-month,0,0,5,90.8,4921.2,No,0,20,4812.4,4812.4,Don't know
1,90006,Male,0,0,0,35,1,1,No,0,0,0,0,0,0,Month-to-month,1,0,2,25.6,901.25,No,0,56,896.0,896.0,Don't know
1,90008,Male,0,1,0,68,1,1,DSL,0,1,0,1,0,1,Two year,0,1,5,70.8,4859.95,No,0,61,4814.4,4814.4,Don't know
1,90010,Male,0,1,0,47,1,1,No,0,0,0,0,0,0,Month-to-month,0,0,2,25.4,1139.2,No,0,33,1193.8,1193.8,Don't know
1,90011,Female,1,1,0,65,1,1,Fiber optic,0,1,1,0,1,1,Month-to-month,1,1,6,108.8,7082.45,No,0,64,7072.0,7072.0,Don't know
1,90015,Female,0,0,0,9,1,1,Fiber optic,0,0,0,0,0,0,Month-to-month,1,0,2,76.85,663.55,No,0,38,691.65,691.65,Don't know
1,90016,Female,0,0,0,8,1,0,No,0,0,0,0,0,0,Two year,0,0,1,20.25,174.65,No,0,37,162.0,162.0,Don't know
1,90017,Male,0,0,0,14,1,1,No,0,0,0,0,0,0,One year,1,1,2,24.8,321.7,No,0,22,347.2,347.2,Don't know
1,90018,Female,0,0,0,45,1,1,Fiber optic,1,1,1,1,1,1,Month-to-month,1,0,8,115.65,5125.5,No,0,75,5204.25,5204.25,Don't know
1,90019,Female,0,0,0,8,1,1,Fiber optic,0,0,0,0,0,0,Month-to-month,1,1,2,74.6,548.9,No,0,57,596.8,596.8,Don't know
1,90021,Male,0,1,1,66,1,0,Fiber optic,1,1,1,0,1,1,One year,1,1,6,103.15,7031.3,No,0,80,6807.900000000001,6807.900000000001,Don't know
1,90022,Male,0,1,0,72,1,1,DSL,1,1,1,1,0,0,Two year,0,1,6,72.1,5016.65,No,0,42,5191.2,5191.2,Don't know
1,90024,Female,0,1,1,23,1,1,No,0,0,0,0,0,0,Two year,0,0,2,25.1,611.45,No,0,67,577.3000000000001,577.3000000000001,Don't know
1,90026,Female,0,0,0,4,1,1,Fiber optic,1,0,0,0,0,0,Month-to-month,1,0,3,80.15,319.85,No,0,62,320.6,320.6,Don't know
1,90027,Male,0,1,1,6,1,1,No,0,0,0,0,0,0,Two year,0,0,2,25.4,153.3,No,0,52,152.39999999999998,152.39999999999998,Don't know
1,90028,Female,1,1,0,67,1,1,Fiber optic,1,1,1,1,0,1,One year,1,1,7,105.4,7035.6,No,0,64,7061.8,7061.8,Don't know
1,90029,Male,1,0,1,7,1,0,DSL,0,0,0,0,0,0,Month-to-month,1,0,1,45.75,344.2,No,0,57,320.25,320.25,Don't know
1,90031,Male,0,1,0,56,1,1,No,0,0,0,0,0,0,One year,1,0,2,24.45,1431.65,No,0,78,1369.2,1369.2,Don't know
1,90032,Female,0,1,0,72,1,1,No,0,0,0,0,0,0,Two year,0,1,2,25.0,1849.2,No,0,35,1800.0,1800.0,Don't know
1,90033,Male,0,1,0,72,1,1,DSL,1,1,1,0,1,1,Two year,1,0,7,85.25,6083.1,No,0,52,6138.0,6138.0,Don't know
1,90034,Male,0,1,1,23,1,0,No,0,0,0,0,0,0,Two year,0,1,1,19.6,426.65,No,0,35,450.8,450.8,Don't know
1,90035,Female,0,0,1,35,1,1,DSL,0,0,0,0,0,0,Month-to-month,0,0,2,50.15,1655.35,No,0,74,1755.25,1755.25,Don't know
1,90036,Male,1,1,0,27,1,0,Fiber optic,0,0,0,0,0,0,Month-to-month,1,0,1,70.55,1943.9,No,0,65,1904.85,1904.85,Don't know
1,90038,Male,0,1,0,12,1,1,No,0,0,0,0,0,0,One year,0,0,2,26.4,314.95,No,0,65,316.79999999999995,316.79999999999995,Don't know
1,90039,Female,0,0,0,40,1,0,No,0,0,0,0,0,0,Two year,0,0,1,20.15,804.85,No,0,64,806.0,806.0,Don't know
1,90040,Male,0,1,1,7,0,0,DSL,1,1,1,0,1,1,Month-to-month,0,0,5,58.85,465.7,No,0,76,411.95,411.95,Don't know
1,90041,Male,0,1,1,70,1,1,Fiber optic,1,1,0,0,1,0,Month-to-month,1,1,5,97.55,6669.05,No,0,49,6828.5,6828.5,Don't know
1,90042,Male,0,1,1,60,1,0,No,0,0,0,0,0,0,Two year,0,1,1,19.65,1161.75,No,0,50,1179.0,1179.0,Don't know
1,90043,Male,0,1,0,39,0,0,DSL,0,0,0,0,0,0,One year,1,1,0,25.25,947.75,No,0,21,984.75,984.75,Don't know
1,90044,Male,0,1,0,72,1,1,Fiber optic,1,1,1,1,1,1,Two year,0,1,8,114.45,8375.05,No,0,53,8240.4,8240.4,Don't know
1,90046,Male,0,1,0,54,1,1,DSL,0,1,0,1,1,0,One year,1,0,5,70.7,3770,No,0,77,3817.8,3817.8,Don't know
1,90048,Female,0,1,0,63,1,0,DSL,1,1,1,1,1,0,Two year,0,1,6,75.55,4707.85,No,0,64,4759.65,4759.65,Don't know
1,90049,Male,0,1,1,71,1,1,Fiber optic,0,1,0,1,0,0,Two year,1,0,4,84.8,6152.4,No,0,43,6020.8,6020.8,Don't know
1,90056,Female,0,0,0,42,1,0,No,0,0,0,0,0,0,One year,1,0,1,20.65,958.1,No,0,49,867.3,867.3,Don't know
1,90057,Male,0,0,0,47,1,0,No,0,0,0,0,0,0,Two year,0,1,1,20.45,943,No,0,72,961.15,961.15,Don't know
1,90061,Male,0,0,0,11,0,0,DSL,0,1,0,1,0,0,Month-to-month,1,0,2,35.65,425.1,No,0,61,392.15,392.15,Don't know
1,90063,Female,1,1,0,55,1,1,Fiber optic,0,1,1,1,0,0,Month-to-month,0,0,5,90.45,5044.8,No,0,42,4974.75,4974.75,Don't know
1,90064,Male,0,0,0,69,1,1,Fiber optic,0,1,1,1,1,0,Two year,1,1,6,97.65,6743.55,No,0,20,6737.85,6737.85,Don't know
1,90065,Female,1,0,0,3,1,0,Fiber optic,0,0,1,0,0,0,Month-to-month,0,0,2,73.85,196.4,No,0,74,221.54999999999998,221.54999999999998,Don't know
1,90067,Male,1,0,0,30,1,1,DSL,0,0,1,1,1,0,Two year,1,1,5,69.1,2093.9,No,0,75,2073.0,2073.0,Don't know
1,90068,Female,0,0,0,5,1,1,Fiber optic,0,0,1,1,0,0,Month-to-month,1,0,4,82.75,417.75,No,0,36,413.75,413.75,Don't know
1,90069,Female,0,1,0,71,1,1,No,0,0,0,0,0,0,Two year,1,1,2,24.4,1725.4,No,0,56,1732.3999999999999,1732.3999999999999,Don't know
1,90071,Female,0,0,0,29,1,1,DSL,0,1,0,0,0,0,One year,1,0,3,55.25,1620.2,No,0,55,1602.25,1602.25,Don't know
1,90077,Male,0,1,0,52,1,1,DSL,0,1,0,1,0,0,Month-to-month,0,1,4,61.35,3169.55,No,0,49,3190.2000000000003,3190.2000000000003,Don't know
1,90201,Male,0,0,0,68,1,1,DSL,1,1,1,0,0,1,One year,0,1,6,76.75,5233.25,No,0,33,5219.0,5219.0,Don't know
1,90210,Female,0,1,1,46,1,0,No,0,0,0,0,0,0,Two year,0,0,1,19.4,967.85,No,0,47,892.4,892.4,Don't know
1,90211,Male,0,0,0,8,1,0,DSL,0,0,0,0,0,1,Month-to-month,1,1,2,54.75,438.05,No,0,53,438.0,438.0,Don't know
1,90212,Male,0,1,0,72,1,0,No,0,0,0,0,0,0,Two year,0,1,1,19.7,1421.9,No,0,36,1418.3999999999999,1418.3999999999999,Don't know
1,90220,Female,0,0,0,17,1,0,No,0,0,0,0,0,0,One year,0,1,1,19.9,323.15,No,0,70,338.29999999999995,338.29999999999995,Don't know
1,90221,Male,0,0,0,3,1,0,Fiber optic,0,1,1,1,1,1,Month-to-month,1,0,6,107.95,318.6,No,0,70,323.85,323.85,Don't know
1,90222,Female,1,0,0,2,1,0,Fiber optic,0,1,0,0,1,0,Month-to-month,1,1,3,83.8,163.7,No,0,53,167.6,167.6,Don't know
1,90232,Female,0,0,0,51,0,0,DSL,0,1,1,0,1,1,One year,1,1,4,56.4,2928.5,No,0,62,2876.4,2876.4,Don't know
1,90240,Female,0,1,1,6,1,0,No,0,0,0,0,0,0,Two year,0,0,1,20.1,100.35,No,0,42,120.60000000000001,120.60000000000001,Don't know
1,90241,Female,0,1,0,3,1,1,Fiber optic,0,0,0,0,1,1,Month-to-month,0,0,4,94.9,273.2,No,0,58,284.70000000000005,284.70000000000005,Don't know
1,90242,Female,1,0,0,17,1,1,Fiber optic,0,0,0,0,1,1,Month-to-month,1,0,4,94.2,1608.15,No,0,54,1601.4,1601.4,Don't know
1,90245,Male,0,1,0,30,1,1,DSL,0,0,0,0,0,0,Month-to-month,0,0,2,49.9,1441.95,No,0,45,1497.0,1497.0,Don't know
1,90247,Male,0,0,0,31,1,1,DSL,0,1,0,1,1,0,Month-to-month,1,0,5,71.05,2168.15,No,0,37,2202.5499999999997,2202.5499999999997,Don't know
1,90248,Female,0,0,0,45,1,0,DSL,1,0,1,1,1,1,Two year,0,1,6,81.65,3618.7,No,0,41,3674.2500000000005,3674.2500000000005,Don't know
1,90249,Male,0,1,0,64,1,1,Fiber optic,1,1,1,0,0,0,One year,0,1,5,89.45,5692.65,No,0,67,5724.8,5724.8,Don't know
1,90255,Male,1,1,1,61,1,1,Fiber optic,0,1,0,0,1,1,One year,0,0,5,99.0,5969.3,No,0,20,6039.0,6039.0,Don't know
1,90260,Male,0,0,0,1,1,0,No,0,0,0,0,0,0,Month-to-month,0,0,1,19.05,19.05,No,0,59,19.05,19.05,Don't know
1,90263,Male,0,1,1,72,1,1,Fiber optic,1,1,1,1,1,1,Two year,0,1,8,114.45,8100.55,No,0,32,8240.4,8240.4,Don't know
1,90266,Female,0,1,0,7,1,0,DSL,0,0,0,0,0,0,Month-to-month,1,0,1,44.25,313.45,No,0,58,309.75,309.75,Don't know
1,90270,Female,0,1,0,66,1,1,Fiber optic,0,1,1,1,0,0,One year,1,1,5,90.55,6130.95,No,0,38,5976.3,5976.3,Don't know
1,90274,Male,0,1,1,40,1,0,No,0,0,0,0,0,0,Month-to-month,1,1,1,20.4,745.3,No,0,72,816.0,816.0,Don't know
1,90275,Male,0,0,0,16,1,1,DSL,0,1,1,0,0,1,Month-to-month,1,1,5,71.4,1212.1,No,0,39,1142.4,1142.4,Don't know
1,90278,Male,0,1,0,67,1,1,No,0,0,0,0,0,0,Two year,0,1,2,24.85,1583.5,No,0,51,1664.95,1664.95,Don't know
1,90280,Female,0,1,0,41,1,0,Fiber optic,1,1,1,0,1,1,One year,1,1,6,104.45,4162.05,No,0,65,4282.45,4282.45,Don't know
1,90290,Female,0,1,1,56,1,0,No,0,0,0,0,0,0,Two year,1,1,1,19.8,1119.9,No,0,59,1108.8,1108.8,Don't know
1,90291,Female,0,0,0,72,1,1,Fiber optic,1,1,1,1,1,1,Two year,1,1,8,116.45,8013.55,No,0,20,8384.4,8384.4,Don't know
1,90293,Female,0,1,0,54,1,0,No,0,0,0,0,0,0,Two year,0,1,1,20.05,1102.4,No,0,40,1082.7,1082.7,Don't know
1,90301,Male,1,0,0,52,1,1,Fiber optic,0,1,1,1,1,1,Month-to-month,1,0,7,110.75,5832,No,0,46,5759.0,5759.0,Don't know
1,90302,Female,0,0,0,50,1,0,Fiber optic,0,0,1,1,0,1,Two year,1,1,4,89.7,4304.5,No,0,45,4485.0,4485.0,Don't know
1,90304,Male,0,1,0,27,1,0,DSL,1,0,0,0,0,0,One year,0,1,2,48.7,1421.75,No,0,30,1314.9,1314.9,Don't know
1,90305,Female,1,1,0,72,1,1,Fiber optic,1,1,1,1,0,0,Two year,1,1,6,96.6,6827.5,No,0,78,6955.2,6955.2,Don't know
1,90401,Male,0,0,0,62,1,0,DSL,1,1,0,0,1,1,One year,1,1,5,74.3,4698.05,No,0,77,4606.599999999999,4606.599999999999,Don't know
1,90402,Female,0,0,0,12,1,0,DSL,0,1,0,1,0,0,Month-to-month,1,0,3,54.3,654.5,No,0,63,651.5999999999999,651.5999999999999,Don't know
1,90403,Female,1,0,0,44,1,0,DSL,0,0,1,1,1,1,One year,0,1,5,74.85,3268.05,No,0,71,3293.3999999999996,3293.3999999999996,Don't know
1,90404,Male,0,1,1,54,1,0,Fiber optic,0,1,0,1,0,0,Two year,1,1,3,79.95,4362.05,No,0,48,4317.3,4317.3,Don't know
1,90405,Female,0,0,0,68,1,0,No,0,0,0,0,0,0,Two year,0,1,1,20.05,1386.9,No,0,63,1363.4,1363.4,Don't know
1,90501,Male,0,0,0,20,1,0,No,0,0,0,0,0,0,Month-to-month,0,0,1,19.4,415.4,No,0,32,388.0,388.0,Don't know
1,90502,Male,0,1,0,50,1,1,DSL,0,0,1,0,0,0,One year,0,1,3,54.9,2614.1,No,0,41,2745.0,2745.0,Don't know
1,90503,Male,0,0,0,58,1,1,No,0,0,0,0,0,0,Two year,1,1,2,24.45,1513.6,No,0,38,1418.1,1418.1,Don't know
1,90504,Male,0,1,1,35,1,1,Fiber optic,0,1,0,0,1,0,Month-to-month,1,1,4,89.65,3161.6,No,0,34,3137.75,3137.75,Don't know
1,90505,Female,0,0,0,2,1,0,DSL,0,0,0,0,0,0,Month-to-month,1,0,1,45.4,80.95,No,0,45,90.8,90.8,Don't know
1,90601,Male,0,1,0,63,1,1,DSL,1,0,1,1,0,1,Two year,0,0,6,75.7,4676.7,No,0,62,4769.1,4769.1,Don't know
1,90602,Female,0,1,0,58,1,1,Fiber optic,1,1,1,0,1,1,One year,1,1,7,110.65,6526.65,No,0,55,6417.700000000001,6417.700000000001,Don't know
1,90603,Female,0,1,0,27,1,0,No,0,0,0,0,0,0,One year,1,0,1,20.55,583.3,No,0,31,554.85,554.85,Don't know
1,90604,Female,0,1,0,71,1,1,Fiber optic,1,1,1,1,1,1,Two year,1,1,8,115.15,8078.1,No,0,24,8175.650000000001,8175.650000000001,Don't know
1,90605,Female,0,0,0,63,1,0,DSL,0,0,1,0,0,1,One year,0,1,3,58.55,3503.5,No,0,63,3688.6499999999996,3688.6499999999996,Don't know
1,90606,Male,0,1,0,71,1,1,Fiber optic,0,1,1,0,0,1,Month-to-month,1,1,5,93.25,6669.45,No,0,63,6620.75,6620.75,Don't know
1,90630,Female,0,1,1,68,1,0,No,0,0,0,0,0,0,Two year,1,1,1,19.35,1292.65,No,0,27,1315.8000000000002,1315.8000000000002,Don't know
1,90631,Male,0,1,1,1,1,0,DSL,1,0,0,0,0,0,Month-to-month,1,0,2,48.75,48.75,No,0,58,48.75,48.75,Don't know
1,90638,Male,1,0,0,65,1,1,Fiber optic,1,0,1,1,1,1,Two year,1,0,7,109.05,7108.2,No,0,29,7088.25,7088.25,Don't know
1,90640,Male,1,1,0,72,1,1,No,0,0,0,0,0,0,Two year,1,1,2,25.0,1802.55,No,0,69,1800.0,1800.0,Don't know
1,90650,Female,0,0,0,28,1,1,DSL,0,0,0,1,0,0,Month-to-month,1,1,3,54.9,1505.15,No,0,26,1537.2,1537.2,Don't know
1,90660,Male,0,1,1,72,1,1,No,0,0,0,0,0,0,Two year,0,1,2,24.75,1859.1,No,0,71,1782.0,1782.0,Don't know
1,90670,Female,0,0,0,2,1,0,Fiber optic,1,1,0,0,1,0,Month-to-month,1,0,4,91.15,168.5,No,0,52,182.3,182.3,Don't know
1,90701,Male,1,1,0,60,1,1,Fiber optic,0,1,1,0,1,1,One year,1,0,6,104.35,6339.45,No,0,73,6261.0,6261.0,Don't know
1,90703,Female,1,0,0,26,1,1,DSL,0,0,0,1,0,1,Month-to-month,1,0,4,66.05,1652.4,No,0,43,1717.3,1717.3,Don't know
1,90710,Male,0,1,0,68,1,1,DSL,1,1,1,1,1,1,Two year,1,1,8,92.2,6392.85,No,0,43,6269.6,6269.6,Don't know
1,90713,Female,1,1,0,42,1,1,Fiber optic,1,0,1,0,1,1,One year,1,1,6,105.2,4599.15,No,0,36,4418.400000000001,4418.400000000001,Don't know
1,90715,Female,0,1,0,57,1,0,No,0,0,0,0,0,0,Two year,1,1,1,19.6,1134.25,No,0,77,1117.2,1117.2,Don't know
1,90716,Male,0,1,0,54,0,0,DSL,0,1,0,0,0,0,Month-to-month,0,0,1,30.4,1621.35,No,0,78,1641.6,1641.6,Don't know
1,90720,Female,0,1,0,44,1,0,DSL,1,1,1,0,0,0,One year,1,0,4,61.5,2722.2,No,0,21,2706.0,2706.0,Don't know
1,90723,Male,0,1,1,42,1,1,DSL,1,1,0,0,1,0,Month-to-month,1,1,5,69.4,3058.3,No,0,36,2914.8,2914.8,Don't know
1,90731,Male,0,1,1,72,1,1,No,0,0,0,0,0,0,Two year,0,1,2,24.75,1769.6,No,0,67,1782.0,1782.0,Don't know
1,90732,Female,0,1,0,71,1,1,DSL,1,1,1,1,1,1,Two year,0,0,8,91.05,6293.75,No,0,39,6464.55,6464.55,Don't know
1,90742,Female,0,1,0,23,1,1,DSL,0,0,0,1,1,1,Month-to-month,1,1,5,73.65,1642.75,No,0,61,1693.95,1693.95,Don't know
1,90743,Female,0,0,0,30,1,0,No,0,0,0,0,0,0,Two year,0,1,1,19.4,578.5,No,0,78,582.0,582.0,Don't know
1,90744,Male,0,0,0,35,1,1,No,0,0,0,0,0,0,One year,0,1,2,26.2,954.9,No,0,80,917.0,917.0,Don't know
1,90746,Male,0,0,0,1,1,0,DSL,0,0,0,0,0,0,Month-to-month,1,1,1,43.85,43.85,No,0,39,43.85,43.85,Don't know
1,90802,Male,0,0,0,22,1,0,Fiber optic,0,0,0,0,0,0,Month-to-month,1,0,1,69.7,1490.4,No,0,32,1533.4,1533.4,Don't know
1,90803,Male,0,1,0,7,0,0,DSL,1,1,1,0,0,0,Two year,0,0,3,38.55,280,No,0,70,269.84999999999997,269.84999999999997,Don't know
1,90804,Female,0,0,0,36,0,0,DSL,1,1,1,1,0,1,Two year,1,0,5,53.1,1901.25,No,0,40,1911.6000000000001,1911.6000000000001,Don't know
1,90805,Female,0,1,1,34,1,0,No,0,0,0,0,0,0,Month-to-month,0,0,1,20.65,716.4,No,0,74,702.0999999999999,702.0999999999999,Don't know
1,90806,Male,0,1,0,72,1,1,DSL,1,1,1,0,0,0,Two year,0,1,5,64.45,4720,No,0,74,4640.400000000001,4640.400000000001,Don't know
1,90807,Male,0,1,1,36,1,1,No,0,0,0,0,0,0,Two year,0,1,2,25.1,930.95,No,0,45,903.6,903.6,Don't know
1,90814,Female,0,1,1,71,1,1,Fiber optic,1,1,1,1,0,0,One year,1,1,6,95.15,6770.85,No,0,41,6755.650000000001,6755.650000000001,Don't know
1,90815,Female,1,0,0,23,1,1,Fiber optic,0,0,1,0,0,0,Month-to-month,1,0,3,79.35,1835.3,No,0,50,1825.05,1825.05,Don't know
1,90822,Male,0,1,0,17,1,0,Fiber optic,0,0,1,0,1,1,One year,1,1,4,96.65,1588.25,No,0,37,1643.0500000000002,1643.0500000000002,Don't know
1,91001,Male,0,0,0,1,1,0,DSL,0,0,1,1,1,1,Month-to-month,1,0,5,75.5,75.5,No,0,43,75.5,75.5,Don't know
1,91006,Male,0,1,1,12,1,0,No,0,0,0,0,0,0,Two year,0,0,1,19.7,258.35,No,0,24,236.39999999999998,236.39999999999998,Don't know
1,91007,Female,0,1,0,72,1,0,No,0,0,0,0,0,0,Two year,0,1,1,20.5,1502.25,No,0,25,1476.0,1476.0,Don't know
1,91010,Male,0,0,0,1,1,0,No,0,0,0,0,0,0,Month-to-month,0,0,1,19.2,19.2,No,0,44,19.2,19.2,Don't know
1,91011,Male,1,1,0,72,1,1,Fiber optic,0,1,0,0,1,1,Two year,0,1,5,98.35,6929.4,No,0,73,7081.2,7081.2,Don't know
1,91016,Male,0,1,1,60,1,1,Fiber optic,0,0,0,0,0,0,Month-to-month,0,1,2,74.35,4453.3,No,0,26,4461.0,4461.0,Don't know
1,91020,Female,0,1,0,61,0,0,DSL,0,1,1,1,1,0,Two year,0,1,4,51.35,3244.4,No,0,55,3132.35,3132.35,Don't know
1,91024,Female,0,1,0,6,1,0,DSL,0,0,0,0,0,0,Month-to-month,0,0,1,45.65,323.45,No,0,40,273.9,273.9,Don't know
1,91101,Male,0,1,1,72,1,0,No,0,0,0,0,0,0,Two year,0,1,1,20.3,1401.15,No,0,76,1461.6000000000001,1461.6000000000001,Don't know
1,91103,Female,0,0,0,32,1,1,DSL,0,1,0,0,0,0,Month-to-month,1,0,3,54.2,1739.6,No,0,43,1734.4,1734.4,Don't know
1,91104,Male,0,1,0,65,1,1,Fiber optic,0,1,0,0,0,1,Month-to-month,1,0,4,90.65,5931,No,0,70,5892.25,5892.25,Don't know
1,91105,Female,0,1,1,45,0,0,DSL,1,0,0,0,1,1,Month-to-month,1,1,3,50.9,2333.85,No,0,64,2290.5,2290.5,Don't know
1,91106,Male,0,0,0,42,1,1,No,0,0,0,0,0,0,One year,0,0,2,25.05,949.85,No,0,55,1052.1000000000001,1052.1000000000001,Don't know
1,91107,Male,0,0,0,8,1,1,Fiber optic,0,0,0,0,0,0,Month-to-month,1,0,2,74.85,572.45,No,0,40,598.8,598.8,Don't know
1,91108,Male,0,0,1,32,1,0,No,0,0,0,0,0,0,Two year,0,0,1,20.5,696.8,No,0,50,656.0,656.0,Don't know
1,91201,Female,1,1,0,22,1,1,DSL,1,1,0,1,0,0,Month-to-month,1,0,5,63.55,1381.8,No,0,36,1398.1,1398.1,Don't know
1,91203,Male,0,0,0,1,1,0,DSL,1,0,0,0,0,0,Month-to-month,0,0,2,47.95,47.95,No,0,35,47.95,47.95,Don't know
1,91205,Female,0,1,0,1,1,0,DSL,0,0,0,0,0,0,Month-to-month,1,0,1,45.0,45,No,0,63,45.0,45.0,Don't know
1,91208,Male,1,0,0,54,1,1,Fiber optic,0,1,0,0,0,1,Month-to-month,1,0,4,90.05,4931.8,No,0,23,4862.7,4862.7,Don't know
1,91214,Female,0,0,0,4,1,1,No,0,0,0,0,0,0,Two year,1,1,2,25.3,116.95,No,0,63,101.2,101.2,Don't know
1,91302,Female,0,1,0,56,1,1,No,0,0,0,0,0,0,One year,0,0,2,24.3,1261.7,No,0,33,1360.8,1360.8,Don't know
1,91303,Male,0,0,0,45,1,0,DSL,1,0,1,0,1,1,Month-to-month,1,0,5,75.95,3273.8,No,0,28,3417.75,3417.75,Don't know
1,91304,Female,0,1,1,71,1,0,No,0,0,0,0,0,0,Two year,0,1,1,19.7,1415.85,No,0,52,1398.7,1398.7,Don't know
1,91306,Male,0,1,0,59,1,0,DSL,1,1,1,0,1,0,One year,0,1,5,66.4,3958.2,No,0,64,3917.6000000000004,3917.6000000000004,Don't know
1,91307,Male,0,0,0,69,0,0,DSL,0,1,1,0,0,0,One year,1,1,2,35.75,2492.25,No,0,32,2466.75,2466.75,Don't know
1,91311,Male,0,0,0,19,1,0,No,0,0,0,0,0,0,One year,0,0,1,18.8,279.2,No,0,43,357.2,357.2,Don't know
1,91316,Female,0,1,1,55,1,0,No,0,0,0,0,0,0,Two year,0,1,1,19.4,1083,No,0,23,1067.0,1067.0,Don't know
1,91320,Female,0,0,0,38,1,0,No,0,0,0,0,0,0,One year,0,0,1,19.3,755.5,No,0,32,733.4,733.4,Don't know
1,91324,Female,1,1,0,47,1,1,DSL,1,1,1,0,0,0,Month-to-month,1,1,5,67.45,3252,No,0,67,3170.15,3170.15,Don't know
1,91340,Male,0,1,1,46,1,0,No,0,0,0,0,0,0,Two year,1,0,1,20.1,936.85,No,0,24,924.6,924.6,Don't know
1,91343,Female,0,1,0,65,1,0,DSL,1,0,1,1,0,0,Two year,0,1,4,58.9,3857.1,No,0,50,3828.5,3828.5,Don't know
1,91350,Male,0,1,1,71,1,0,No,0,0,0,0,0,0,Two year,0,0,1,19.45,1378.45,No,0,63,1380.95,1380.95,Don't know
1,91352,Female,1,0,0,52,0,0,DSL,0,1,1,1,1,0,Month-to-month,1,0,4,50.5,2566.3,No,0,70,2626.0,2626.0,Don't know
1,91354,Male,0,1,0,6,1,1,No,0,0,0,0,0,0,One year,0,0,2,25.1,171,No,0,31,150.60000000000002,150.60000000000002,Don't know
1,91355,Female,1,1,0,26,1,0,DSL,0,0,1,0,0,1,One year,0,0,3,60.7,1597.4,No,0,68,1578.2,1578.2,Don't know
1,91356,Male,1,0,0,48,1,1,Fiber optic,0,1,0,0,1,1,One year,1,0,5,99.0,4744.35,No,0,78,4752.0,4752.0,Don't know
1,91360,Female,0,1,1,64,1,1,Fiber optic,1,0,0,1,1,1,One year,1,1,6,104.4,6721.6,No,0,33,6681.6,6681.6,Don't know
1,91362,Male,0,0,0,1,1,0,DSL,0,0,0,0,0,0,Month-to-month,1,1,1,44.05,44.05,No,0,54,44.05,44.05,Don't know
1,91364,Male,0,1,1,72,1,1,No,0,0,0,0,0,0,Two year,0,1,2,24.1,1734.65,No,0,23,1735.2,1735.2,Don't know
1,91367,Male,0,0,0,1,1,0,DSL,0,0,0,0,0,0,Month-to-month,1,0,1,45.55,45.55,No,0,31,45.55,45.55,Don't know
1,91377,Female,0,1,1,51,1,1,Fiber optic,1,1,0,0,0,1,Month-to-month,1,0,5,93.8,4539.35,No,0,20,4783.8,4783.8,Don't know
1,91381,Female,0,1,1,41,1,0,No,0,0,0,0,0,0,Two year,0,1,1,19.7,804.25,No,0,52,807.6999999999999,807.6999999999999,Don't know
1,91384,Female,0,1,0,72,1,0,DSL,1,1,1,0,1,0,Two year,1,1,5,70.65,5011.15,No,0,75,5086.8,5086.8,Don't know
1,91401,Female,0,1,0,43,1,1,DSL,1,1,0,1,1,1,Two year,0,1,7,86.45,3574.5,No,0,53,3717.35,3717.35,Don't know
1,91402,Male,0,1,0,72,1,1,Fiber optic,1,1,1,1,1,1,Two year,1,1,8,114.1,8086.4,No,0,61,8215.199999999999,8215.199999999999,Don't know
1,91403,Male,0,1,0,47,1,1,Fiber optic,0,0,0,0,1,1,One year,1,1,4,95.2,4563,No,0,72,4474.400000000001,4474.400000000001,Don't know
1,91405,Male,0,0,0,72,1,1,DSL,1,1,1,1,1,1,Two year,0,1,8,88.55,6362.35,No,0,32,6375.599999999999,6375.599999999999,Don't know
1,91406,Male,0,0,0,3,1,0,No,0,0,0,0,0,0,Month-to-month,1,1,1,20.75,67.1,No,0,30,62.25,62.25,Don't know
1,91436,Male,0,0,0,26,0,0,DSL,1,1,0,0,0,1,Month-to-month,1,1,3,44.65,1156.55,No,0,33,1160.8999999999999,1160.8999999999999,Don't know
1,91501,Male,0,1,1,29,1,0,DSL,1,0,0,0,0,1,Month-to-month,1,0,3,60.2,1834.15,No,0,76,1745.8000000000002,1745.8000000000002,Don't know
1,91504,Male,0,0,0,27,1,0,DSL,1,1,0,0,0,0,One year,0,1,3,55.45,1477.65,No,0,80,1497.15,1497.15,Don't know
1,91505,Male,0,1,1,24,1,0,DSL,1,1,0,1,0,1,Month-to-month,1,1,5,70.3,1706.45,No,0,56,1687.1999999999998,1687.1999999999998,Don't know
1,91506,Male,0,1,0,67,1,0,DSL,1,0,1,1,0,0,Two year,1,1,4,60.4,3953.7,No,0,73,4046.7999999999997,4046.7999999999997,Don't know
1,91602,Female,0,0,0,23,1,0,DSL,0,1,1,0,0,0,One year,0,1,3,55.8,1327.85,No,0,20,1283.3999999999999,1283.3999999999999,Don't know
1,91604,Male,0,0,0,14,0,0,DSL,0,1,0,0,0,0,Month-to-month,1,0,1,31.1,419.7,No,0,55,435.40000000000003,435.40000000000003,Don't know
1,91607,Male,1,0,0,4,0,0,DSL,0,1,0,0,1,1,Month-to-month,1,1,3,50.95,207.35,No,0,33,203.8,203.8,Don't know
1,91701,Male,0,0,1,16,1,1,DSL,1,1,0,0,0,1,Month-to-month,1,0,5,69.1,1083.7,No,0,71,1105.6,1105.6,Don't know
1,91702,Female,0,1,0,46,0,0,DSL,0,0,0,0,1,1,Month-to-month,1,0,2,43.95,2007.85,No,0,47,2021.7,2021.7,Don't know
1,91706,Male,0,0,0,68,1,1,DSL,1,1,0,1,1,1,Two year,1,1,7,86.5,5882.75,No,0,45,5882.0,5882.0,Don't know
1,91709,Male,0,0,0,38,1,1,DSL,1,1,1,1,0,0,Month-to-month,0,0,6,69.95,2657.55,No,0,39,2658.1,2658.1,Don't know
1,91722,Male,0,0,0,17,1,0,Fiber optic,0,1,1,0,0,1,Month-to-month,1,1,4,90.95,1612.2,No,0,23,1546.15,1546.15,Don't know
1,91723,Male,0,1,1,4,1,0,No,0,0,0,0,0,0,Two year,0,0,1,19.9,76.65,No,0,74,79.6,79.6,Don't know
1,91724,Female,0,0,0,12,1,0,No,0,0,0,0,0,0,One year,0,0,1,20.15,260.7,No,0,38,241.79999999999998,241.79999999999998,Don't know
1,91730,Male,0,1,0,72,1,1,DSL,1,1,1,1,1,1,Two year,1,1,8,90.6,6441.85,No,0,73,6523.2,6523.2,Don't know
1,91731,Male,0,0,0,3,1,0,Fiber optic,0,0,0,0,1,1,Month-to-month,1,0,3,92.0,266.8,No,0,42,276.0,276.0,Don't know
1,91733,Female,0,0,0,41,1,1,No,0,0,0,0,0,0,One year,1,0,2,24.85,962.25,No,0,42,1018.85,1018.85,Don't know
1,91737,Male,0,0,0,40,0,0,DSL,0,1,0,1,0,0,One year,0,1,2,36.0,1382.9,No,0,38,1440.0,1440.0,Don't know
1,91739,Female,0,0,0,7,1,0,DSL,1,1,0,1,1,1,Month-to-month,1,0,6,78.5,571.05,No,0,47,549.5,549.5,Don't know
1,91740,Male,0,0,0,69,1,0,No,0,0,0,0,0,0,Two year,0,1,1,19.95,1399.35,No,0,59,1376.55,1376.55,Don't know
1,91741,Male,0,1,0,7,1,0,No,0,0,0,0,0,0,One year,0,0,1,20.65,150,No,0,27,144.54999999999998,144.54999999999998,Don't know
1,91744,Female,0,1,1,5,0,0,DSL,0,1,0,0,0,0,Month-to-month,1,0,1,30.5,167.2,No,0,27,152.5,152.5,Don't know
1,91745,Female,0,1,1,72,1,1,Fiber optic,1,1,1,1,1,0,Two year,0,1,7,106.1,7657.4,No,0,34,7639.2,7639.2,Don't know
1,91746,Male,0,1,0,44,1,0,No,0,0,0,0,0,0,One year,1,1,1,20.5,865.05,No,0,59,902.0,902.0,Don't know
1,91748,Female,0,0,0,65,1,1,Fiber optic,0,1,1,0,1,0,One year,1,0,5,95.5,6153.85,No,0,35,6207.5,6207.5,Don't know
1,91750,Female,0,0,0,3,1,1,DSL,0,0,0,1,1,0,Month-to-month,0,0,4,64.6,174.2,No,0,24,193.79999999999998,193.79999999999998,Don't know
1,91752,Male,0,0,0,24,1,0,DSL,0,0,0,1,0,0,Month-to-month,1,1,2,51.1,1269.6,No,0,23,1226.4,1226.4,Don't know
1,91755,Female,1,1,0,72,1,1,DSL,1,1,1,1,1,1,Two year,0,1,8,89.1,6352.4,No,0,39,6415.2,6415.2,Don't know
1,91759,Male,0,0,0,24,1,0,DSL,1,0,0,1,0,0,Month-to-month,0,0,3,54.95,1348.5,No,0,55,1318.8000000000002,1318.8000000000002,Don't know
1,91762,Male,0,1,0,22,1,0,No,0,0,0,0,0,0,Month-to-month,1,1,1,20.45,471.55,No,0,28,449.9,449.9,Don't know
1,91763,Male,0,1,0,70,1,1,DSL,0,1,1,1,1,1,Two year,1,1,7,85.95,5931.75,No,0,60,6016.5,6016.5,Don't know
1,91764,Male,0,1,1,25,1,1,DSL,0,0,0,0,1,0,Month-to-month,0,0,3,60.35,1404.65,No,0,75,1508.75,1508.75,Don't know
1,91765,Male,0,1,1,37,1,0,No,0,0,0,0,0,0,Two year,0,1,1,19.8,726.1,No,0,28,732.6,732.6,Don't know
1,91766,Female,1,1,1,22,1,1,Fiber optic,0,0,0,0,1,0,Month-to-month,0,1,3,85.35,1961.6,No,0,49,1877.6999999999998,1877.6999999999998,Don't know
1,91767,Female,0,1,0,59,1,1,DSL,0,0,1,1,1,0,Two year,1,1,5,72.1,4194.85,No,0,52,4253.9,4253.9,Don't know
1,91775,Male,0,1,1,1,1,0,Fiber optic,0,0,0,0,0,1,Month-to-month,1,0,2,81.05,81.05,No,0,27,81.05,81.05,Don't know
1,91776,Male,0,0,0,3,1,0,No,0,0,0,0,0,0,Month-to-month,1,0,1,20.5,76.95,No,0,35,61.5,61.5,Don't know
1,91780,Female,0,1,0,53,1,1,Fiber optic,0,1,1,1,1,1,One year,1,1,7,111.8,5809.75,No,0,28,5925.4,5925.4,Don't know
1,91784,Male,0,0,0,1,1,0,No,0,0,0,0,0,0,Month-to-month,0,0,1,20.2,20.2,No,0,72,20.2,20.2,Don't know
1,91786,Male,0,0,0,20,1,0,No,0,0,0,0,0,0,One year,1,0,1,19.7,415.9,No,0,80,394.0,394.0,Don't know
1,91790,Female,0,0,0,51,1,0,No,0,0,0,0,0,0,One year,1,1,1,19.85,996.95,No,0,65,1012.35,1012.35,Don't know
1,91791,Female,0,1,0,51,1,0,DSL,1,1,0,1,0,0,One year,1,1,4,60.5,3145.15,No,0,63,3085.5,3085.5,Don't know
1,91792,Female,0,1,1,13,1,0,No,0,0,0,0,0,0,Two year,0,0,1,19.55,265.3,No,0,55,254.15,254.15,Don't know
1,91801,Female,0,0,0,1,1,0,No,0,0,0,0,0,0,Month-to-month,0,0,1,20.9,20.9,No,0,72,20.9,20.9,Don't know
1,91803,Male,0,0,1,1,1,0,No,0,0,0,0,0,0,Month-to-month,1,0,1,21.05,21.05,No,0,32,21.05,21.05,Don't know
1,91901,Male,0,0,0,63,1,1,DSL,1,1,1,1,0,0,One year,0,0,6,71.5,4576.3,No,0,36,4504.5,4504.5,Don't know
1,91902,Male,0,0,0,3,1,0,DSL,0,0,0,0,0,1,Month-to-month,0,0,2,54.65,189.1,No,0,34,163.95,163.95,Don't know
1,91905,Male,0,0,0,46,1,0,No,0,0,0,0,0,0,Two year,0,1,1,19.2,908.15,No,0,54,883.1999999999999,883.1999999999999,Don't know
1,91906,Male,0,0,0,1,1,1,DSL,0,0,0,0,0,0,Month-to-month,1,1,2,49.8,49.8,No,0,79,49.8,49.8,Don't know
1,91911,Female,0,1,1,71,1,0,No,0,0,0,0,0,0,Two year,0,1,1,20.5,1500.95,No,0,62,1455.5,1455.5,Don't know
1,91913,Male,0,1,1,55,1,1,Fiber optic,0,0,1,0,1,0,Month-to-month,1,1,4,90.4,5099.15,No,0,44,4972.0,4972.0,Don't know
1,91914,Female,0,0,0,70,1,1,Fiber optic,0,1,1,1,0,0,One year,1,1,5,90.25,6385.95,No,0,33,6317.5,6317.5,Don't know
1,91916,Male,0,1,1,67,1,1,Fiber optic,1,0,0,1,1,1,Two year,0,1,6,104.6,6885.75,No,0,56,7008.2,7008.2,Don't know
1,91931,Male,0,1,0,14,1,0,DSL,0,0,1,0,0,0,Month-to-month,0,1,2,50.2,668.85,No,0,48,702.8000000000001,702.8000000000001,Don't know
1,91932,Female,0,1,1,20,1,1,Fiber optic,0,0,1,1,0,1,Month-to-month,1,1,5,95.5,1916.2,No,0,73,1910.0,1910.0,Don't know
1,91941,Female,0,1,1,49,1,1,Fiber optic,0,0,0,0,1,1,Month-to-month,1,1,4,95.4,4613.95,No,0,41,4674.6,4674.6,Don't know
1,91942,Female,0,0,0,72,1,1,Fiber optic,1,1,1,0,1,0,Two year,1,1,6,101.3,7261.25,No,0,53,7293.599999999999,7293.599999999999,Don't know
1,91945,Female,0,1,0,46,1,1,DSL,1,0,0,0,0,0,Month-to-month,0,0,3,53.1,2459.8,No,0,72,2442.6,2442.6,Don't know
1,91948,Male,0,0,0,24,1,1,Fiber optic,0,1,1,0,0,0,Month-to-month,1,1,4,84.85,2048.8,No,0,23,2036.3999999999999,2036.3999999999999,Don't know
1,91950,Female,0,1,1,5,0,0,DSL,0,1,0,1,0,0,Month-to-month,0,0,2,34.25,163.55,No,0,21,171.25,171.25,Don't know
1,91962,Female,0,1,1,33,1,1,Fiber optic,0,1,1,1,0,0,Month-to-month,0,1,5,88.6,2888.7,No,0,78,2923.7999999999997,2923.7999999999997,Don't know
1,91963,Female,0,0,0,42,1,1,DSL,1,1,0,0,0,0,One year,1,1,4,60.15,2421.6,No,0,55,2526.2999999999997,2526.2999999999997,Don't know
1,91977,Male,0,0,0,23,1,0,Fiber optic,1,0,1,0,1,1,One year,1,1,5,99.95,2292.75,No,0,62,2298.85,2298.85,Don't know
1,91978,Male,0,0,0,8,1,0,Fiber optic,0,0,0,0,0,0,Month-to-month,0,1,1,70.7,553.4,No,0,27,565.6,565.6,Don't know
1,91980,Male,0,0,0,66,1,0,DSL,1,1,0,0,0,0,One year,1,0,3,54.8,3465.7,No,0,20,3616.7999999999997,3616.7999999999997,Don't know
1,92004,Male,1,0,0,24,1,1,DSL,0,1,0,0,0,0,Month-to-month,0,1,3,54.8,1291.3,No,0,25,1315.1999999999998,1315.1999999999998,Don't know
1,92008,Female,0,0,0,53,1,0,Fiber optic,0,1,1,0,1,1,One year,1,0,5,100.3,5200.8,No,0,71,5315.9,5315.9,Don't know
1,92009,Female,0,0,0,60,0,0,DSL,1,0,1,0,1,1,Two year,0,0,4,53.6,3237.05,No,0,39,3216.0,3216.0,Don't know
1,92019,Female,0,0,0,20,1,0,No,0,0,0,0,0,0,One year,1,1,1,19.35,433.75,No,0,77,387.0,387.0,Don't know
1,92020,Female,0,1,1,23,1,1,Fiber optic,0,0,0,0,0,1,Month-to-month,0,0,3,85.6,1868.4,No,0,25,1968.8,1968.8,Don't know
1,92021,Male,0,1,0,72,1,0,DSL,1,0,1,1,1,1,Two year,1,0,6,80.8,5728.55,No,0,75,5817.599999999999,5817.599999999999,Don't know
1,92025,Male,0,0,0,21,1,0,No,0,0,0,0,0,0,Two year,0,0,1,19.6,390.4,No,0,22,411.6,411.6,Don't know
1,92027,Male,1,0,0,31,1,1,Fiber optic,0,1,0,0,1,0,Month-to-month,1,0,4,90.7,2845.15,No,0,60,2811.7000000000003,2811.7000000000003,Don't know
1,92028,Female,0,0,0,57,1,0,DSL,0,1,1,1,1,0,Two year,0,0,5,69.75,3894.4,No,0,38,3975.75,3975.75,Don't know
1,92029,Female,0,1,1,45,1,0,No,0,0,0,0,0,0,Two year,1,1,1,20.0,886.4,No,0,71,900.0,900.0,Don't know
1,92036,Male,0,0,0,10,1,1,Fiber optic,0,1,1,0,0,1,Month-to-month,1,0,5,95.25,1021.55,No,0,23,952.5,952.5,Don't know
1,92040,Male,0,0,1,14,1,0,No,0,0,0,0,0,0,Month-to-month,0,0,1,19.95,268.4,No,0,71,279.3,279.3,Don't know
1,92054,Male,0,1,0,27,1,1,DSL,1,0,0,1,1,1,One year,0,0,6,80.85,2204.35,No,0,51,2182.95,2182.95,Don't know
1,92059,Female,0,1,1,69,1,1,Fiber optic,0,1,0,1,0,1,Two year,1,1,5,93.3,6398.05,No,0,45,6437.7,6437.7,Don't know
1,92064,Female,0,1,0,35,0,0,DSL,1,0,0,1,1,0,Two year,1,1,3,46.35,1662.05,No,0,46,1622.25,1622.25,Don't know
1,92066,Male,0,1,0,45,1,1,DSL,0,1,1,0,1,1,One year,0,1,6,78.75,3600.65,No,0,63,3543.75,3543.75,Don't know
1,92067,Female,0,0,0,17,1,0,Fiber optic,0,1,0,0,1,0,Month-to-month,1,0,3,83.55,1329.15,No,0,59,1420.35,1420.35,Don't know
1,92070,Male,0,0,0,22,1,0,No,0,0,0,0,0,0,One year,0,0,1,19.6,422.5,No,0,37,431.20000000000005,431.20000000000005,Don't know
1,92075,Male,0,1,0,67,1,0,DSL,1,0,1,1,0,1,Two year,0,0,5,67.85,4627.65,No,0,59,4545.95,4545.95,Don't know
1,92078,Female,0,1,1,67,1,1,Fiber optic,0,0,1,1,1,1,Two year,1,1,6,105.65,6717.9,No,0,59,7078.55,7078.55,Don't know
1,92084,Female,1,0,0,9,1,0,Fiber optic,0,0,1,0,0,0,Month-to-month,0,1,2,75.5,637.4,No,0,30,679.5,679.5,Don't know
1,92086,Female,0,0,0,5,1,0,No,0,0,0,0,0,0,Month-to-month,0,0,1,20.15,117.95,No,0,66,100.75,100.75,Don't know
1,92091,Male,0,0,0,54,0,0,DSL,1,0,0,1,1,0,Two year,0,1,3,45.2,2460.55,No,0,54,2440.8,2440.8,Don't know
1,92107,Male,0,1,0,70,1,1,DSL,1,1,1,1,1,0,Two year,1,1,7,79.25,5731.85,No,0,27,5547.5,5547.5,Don't know
1,92109,Male,0,1,1,53,1,1,DSL,1,0,1,1,1,1,Month-to-month,0,0,7,85.7,4616.1,No,0,36,4542.1,4542.1,Don't know
1,92111,Female,0,0,0,31,1,0,No,0,0,0,0,0,0,One year,0,1,1,20.1,589.25,No,0,30,623.1,623.1,Don't know
1,92113,Male,0,1,1,13,1,0,DSL,0,1,1,1,0,0,Month-to-month,0,1,4,61.8,750.1,No,0,47,803.4,803.4,Don't know
1,92114,Female,0,1,1,28,1,1,DSL,0,0,0,0,0,0,Month-to-month,0,0,2,49.9,1410.25,No,0,74,1397.2,1397.2,Don't know
1,92116,Male,0,1,0,38,1,0,No,0,0,0,0,0,0,Two year,0,1,1,20.4,743.5,No,0,65,775.1999999999999,775.1999999999999,Don't know
1,92119,Male,0,1,0,52,1,0,DSL,1,1,0,0,1,1,One year,1,0,5,75.4,3865.45,No,0,59,3920.8,3920.8,Don't know
1,92120,Male,0,1,1,62,1,0,Fiber optic,1,1,1,1,1,1,Two year,0,0,7,108.15,6825.65,No,0,43,6705.3,6705.3,Don't know
1,92121,Female,0,0,0,16,1,0,Fiber optic,0,1,0,0,0,1,Month-to-month,1,0,3,86.25,1340.1,No,0,65,1380.0,1380.0,Don't know
1,92123,Male,0,0,0,12,1,0,Fiber optic,0,0,1,0,1,1,One year,0,0,4,95.7,1184,No,0,41,1148.4,1148.4,Don't know
1,92124,Female,0,1,1,72,1,1,Fiber optic,1,1,1,1,1,1,Two year,1,1,8,116.85,8477.7,No,0,33,8413.199999999999,8413.199999999999,Don't know
1,92126,Male,1,0,0,71,1,1,Fiber optic,0,1,0,1,1,1,One year,0,1,6,105.75,7382.85,No,0,54,7508.25,7508.25,Don't know
1,92127,Female,0,1,0,24,1,0,No,0,0,0,0,0,0,One year,0,0,1,20.15,456.85,No,0,39,483.59999999999997,483.59999999999997,Don't know
1,92128,Female,0,0,0,15,1,0,No,0,0,0,0,0,0,Two year,0,0,1,19.6,331.6,No,0,38,294.0,294.0,Don't know
1,92130,Male,0,0,1,2,1,1,DSL,1,1,0,0,0,0,Month-to-month,0,1,4,60.95,134.6,No,0,78,121.9,121.9,Don't know
1,92131,Female,0,1,1,5,0,0,DSL,0,0,0,0,0,0,Month-to-month,0,0,0,25.05,125.5,No,0,24,125.25,125.25,Don't know
1,92173,Male,0,1,0,41,1,0,DSL,1,1,1,0,0,0,One year,1,1,4,60.3,2511.3,No,0,50,2472.2999999999997,2472.2999999999997,Don't know
1,92201,Female,0,0,1,43,1,0,DSL,1,1,0,0,0,1,Month-to-month,1,0,4,63.95,2737.05,No,0,55,2749.85,2749.85,Don't know
1,92203,Male,1,1,0,1,1,1,Fiber optic,0,0,0,0,0,0,Month-to-month,0,0,2,74.3,74.3,No,0,47,74.3,74.3,Don't know
1,92210,Female,1,0,0,1,1,0,Fiber optic,0,0,0,0,0,0,Month-to-month,1,0,1,70.6,70.6,No,0,25,70.6,70.6,Don't know
1,92223,Male,0,1,0,71,1,1,DSL,1,1,1,1,1,1,Two year,0,1,8,90.55,6404,No,0,23,6429.05,6429.05,Don't know
1,92225,Male,0,0,0,7,1,0,No,0,0,0,0,0,0,Two year,0,0,1,19.45,165.35,No,0,42,136.15,136.15,Don't know
1,92227,Female,1,0,0,28,1,1,DSL,0,1,1,1,0,0,Month-to-month,0,1,5,64.45,1867.6,No,0,37,1804.6000000000001,1804.6000000000001,Don't know
1,92230,Male,1,0,0,16,1,0,Fiber optic,0,0,0,0,0,0,Month-to-month,0,0,1,69.65,1043.3,No,0,63,1114.4,1114.4,Don't know
1,92231,Male,0,0,0,7,1,0,No,0,0,0,0,0,0,One year,0,0,1,19.5,128.6,No,0,71,136.5,136.5,Don't know
1,92233,Female,0,0,0,69,1,1,Fiber optic,0,1,1,1,1,1,Two year,1,1,7,110.5,7455.45,No,0,33,7624.5,7624.5,Don't know
1,92234,Female,0,0,1,1,0,0,DSL,0,0,0,0,0,0,Month-to-month,0,0,0,24.7,24.7,No,0,55,24.7,24.7,Don't know
1,92236,Male,0,0,0,3,1,0,DSL,1,0,1,0,1,1,Month-to-month,1,0,5,77.4,206.15,No,0,24,232.20000000000002,232.20000000000002,Don't know
1,92240,Female,0,1,0,69,1,1,Fiber optic,0,1,1,0,0,0,Month-to-month,1,1,4,85.4,5869.4,No,0,62,5892.6,5892.6,Don't know
1,92241,Female,0,1,0,71,0,0,DSL,1,1,1,1,0,0,Two year,1,1,4,47.6,3377.8,No,0,22,3379.6,3379.6,Don't know
1,92242,Female,0,1,1,69,1,0,No,0,0,0,0,0,0,Two year,0,0,1,19.4,1346.2,No,0,57,1338.6,1338.6,Don't know
1,92243,Female,0,0,0,48,1,1,Fiber optic,0,0,1,1,1,1,Month-to-month,1,0,6,103.85,4946.05,No,0,78,4984.799999999999,4984.799999999999,Don't know
1,92251,Male,0,0,0,45,1,1,Fiber optic,1,0,1,1,1,1,Month-to-month,1,1,7,108.45,4964.7,No,0,33,4880.25,4880.25,Don't know
1,92252,Male,0,0,0,51,1,1,Fiber optic,0,1,0,0,0,0,Month-to-month,0,1,3,81.0,4085.75,No,0,34,4131.0,4131.0,Don't know
1,92254,Male,0,0,0,72,1,1,DSL,1,1,1,1,1,1,Two year,0,1,8,86.65,6224.8,No,0,67,6238.8,6238.8,Don't know
1,92256,Male,0,1,1,37,1,1,Fiber optic,0,1,1,0,1,0,Month-to-month,1,0,5,92.95,3415.25,No,0,42,3439.15,3439.15,Don't know
1,92257,Male,0,1,0,71,1,1,DSL,1,1,1,1,1,1,Two year,0,0,8,90.35,6325.25,No,0,28,6414.849999999999,6414.849999999999,Don't know
1,92259,Female,0,0,0,66,1,1,No,0,0,0,0,0,0,Two year,1,1,2,25.15,1683.6,No,0,61,1659.8999999999999,1659.8999999999999,Don't know
1,92260,Male,0,1,0,51,1,0,DSL,1,0,0,1,1,1,One year,1,1,5,76.4,3966.3,No,0,52,3896.4,3896.4,Don't know
1,92262,Female,0,1,0,30,1,0,No,0,0,0,0,0,0,One year,0,1,1,19.55,608.5,No,0,50,586.5,586.5,Don't know
1,92264,Female,0,0,0,34,1,1,Fiber optic,0,0,0,0,1,0,Month-to-month,0,0,3,85.35,2896.6,No,0,78,2901.8999999999996,2901.8999999999996,Don't know
1,92266,Male,0,1,1,64,1,1,No,0,0,0,0,0,0,Two year,1,0,2,24.8,1514.85,No,0,55,1587.2,1587.2,Don't know
1,92267,Male,1,1,0,65,1,1,Fiber optic,0,1,1,0,1,1,One year,1,1,6,103.15,6792.45,No,0,51,6704.75,6704.75,Don't know
1,92268,Male,0,0,0,47,1,1,Fiber optic,1,1,0,1,1,0,Month-to-month,0,0,6,100.75,4669.2,No,0,27,4735.25,4735.25,Don't know
1,92274,Female,0,1,1,67,1,1,Fiber optic,0,1,0,1,1,0,Two year,0,1,5,94.1,6302.8,No,0,58,6304.7,6304.7,Don't know
1,92275,Male,0,0,0,39,1,0,No,0,0,0,0,0,0,One year,0,1,1,19.35,779.2,No,0,68,754.6500000000001,754.6500000000001,Don't know
1,92276,Male,0,0,0,14,1,0,No,0,0,0,0,0,0,Month-to-month,0,0,1,19.9,283.75,No,0,34,278.59999999999997,278.59999999999997,Don't know
1,92278,Male,1,0,0,56,1,1,Fiber optic,0,0,1,0,1,1,Month-to-month,1,0,5,101.05,5594,No,0,65,5658.8,5658.8,Don't know
1,92280,Female,0,0,0,14,1,0,DSL,0,0,0,1,0,1,One year,0,1,3,59.1,772.85,No,0,58,827.4,827.4,Don't know
1,92282,Male,0,1,0,16,1,0,DSL,1,1,0,0,0,0,One year,1,0,3,55.85,857.8,No,0,55,893.6,893.6,Don't know
1,92283,Male,0,1,1,70,1,1,Fiber optic,1,1,0,0,1,1,Month-to-month,1,0,6,106.05,7554.05,No,0,30,7423.5,7423.5,Don't know
1,92284,Male,1,1,0,72,1,1,DSL,1,1,1,0,1,1,Two year,1,1,7,84.1,5981.65,No,0,63,6055.2,6055.2,Don't know
1,92285,Female,0,1,1,23,1,0,Fiber optic,0,0,1,0,0,0,Month-to-month,1,1,2,75.3,1702.9,No,0,49,1731.8999999999999,1731.8999999999999,Don't know
1,92301,Male,0,0,1,21,1,1,No,0,0,0,0,0,0,Month-to-month,0,0,2,24.7,467.15,No,0,54,518.6999999999999,518.6999999999999,Don't know
1,92310,Female,0,0,0,36,1,1,DSL,0,0,1,0,0,0,One year,0,0,3,55.8,1941.5,No,0,25,2008.8,2008.8,Don't know
1,92311,Female,0,0,0,50,0,0,DSL,0,1,1,1,0,0,Two year,0,1,3,39.7,1932.75,No,0,49,1985.0000000000002,1985.0000000000002,Don't know
1,92313,Female,0,1,1,48,0,0,DSL,0,0,0,1,0,0,Month-to-month,1,1,1,29.5,1423.05,No,0,36,1416.0,1416.0,Don't know
1,92314,Female,0,0,1,50,1,0,No,0,0,0,0,0,0,Two year,0,1,1,20.15,970.85,No,0,27,1007.4999999999999,1007.4999999999999,Don't know
1,92315,Male,0,1,0,72,1,1,DSL,1,1,1,1,0,1,Two year,0,1,7,79.55,5810.9,No,0,55,5727.599999999999,5727.599999999999,Don't know
1,92316,Male,0,0,1,10,1,1,No,0,0,0,0,0,0,Month-to-month,0,1,2,24.8,223.9,No,0,36,248.0,248.0,Don't know
1,92320,Female,0,0,0,18,1,0,No,0,0,0,0,0,0,Month-to-month,0,0,1,19.65,391.7,No,0,20,353.7,353.7,Don't know
1,92325,Male,0,0,0,9,1,0,Fiber optic,0,0,1,0,1,1,Month-to-month,1,0,4,94.05,811.65,No,0,42,846.4499999999999,846.4499999999999,Don't know
1,92327,Male,0,0,0,2,1,1,Fiber optic,1,0,0,0,0,1,Month-to-month,0,0,4,90.75,174.75,No,0,60,181.5,181.5,Don't know
1,92328,Female,0,1,0,40,1,1,Fiber optic,0,0,0,1,0,0,Month-to-month,1,1,3,78.85,3126.85,No,0,45,3154.0,3154.0,Don't know
1,92332,Male,0,1,0,69,1,1,Fiber optic,0,0,1,0,1,1,One year,0,1,5,99.5,6841.45,No,0,56,6865.5,6865.5,Don't know
1,92335,Male,0,0,1,18,1,1,Fiber optic,0,0,1,0,0,0,Month-to-month,1,1,3,80.55,1406.65,No,0,37,1449.8999999999999,1449.8999999999999,Don't know
1,92336,Male,1,1,0,11,1,0,Fiber optic,0,0,0,0,0,0,Month-to-month,1,0,1,70.2,834.7,No,0,29,772.2,772.2,Don't know
1,92339,Male,0,1,0,55,1,0,DSL,1,0,0,0,0,1,One year,0,1,3,59.45,3157,No,0,77,3269.75,3269.75,Don't know
1,92341,Male,0,1,0,33,1,1,Fiber optic,0,1,1,0,0,1,Month-to-month,1,0,5,93.35,3092,No,0,40,3080.5499999999997,3080.5499999999997,Don't know
1,92342,Female,0,0,0,46,1,0,DSL,0,0,0,0,0,0,Month-to-month,0,1,1,44.95,2168.9,No,0,44,2067.7000000000003,2067.7000000000003,Don't know
1,92345,Male,0,0,0,34,1,1,No,0,0,0,0,0,0,Two year,0,1,2,26.1,980.35,No,0,46,887.4000000000001,887.4000000000001,Don't know
1,92346,Female,0,0,0,3,1,0,No,0,0,0,0,0,0,Month-to-month,0,0,1,20.2,65.95,No,0,24,60.599999999999994,60.599999999999994,Don't know
1,92347,Male,0,1,1,30,1,0,No,0,0,0,0,0,0,Two year,0,0,1,21.25,711.9,No,0,70,637.5,637.5,Don't know
1,92352,Female,0,0,0,33,1,1,DSL,1,0,0,1,0,0,One year,0,0,4,59.4,1952.8,No,0,38,1960.2,1960.2,Don't know
1,92354,Male,0,1,1,45,1,1,Fiber optic,0,1,1,0,0,1,One year,1,1,5,95.0,4368.85,No,0,27,4275.0,4275.0,Don't know
1,92356,Male,0,0,0,40,1,0,DSL,1,1,0,1,0,0,Month-to-month,1,0,4,61.9,2647.1,No,0,52,2476.0,2476.0,Don't know
1,92358,Female,0,0,0,71,1,1,Fiber optic,1,1,1,1,1,1,Two year,1,0,8,118.65,8477.6,No,0,73,8424.15,8424.15,Don't know
1,92363,Female,0,1,0,72,0,0,DSL,1,1,1,1,1,1,Two year,0,1,6,64.45,4528,No,0,45,4640.400000000001,4640.400000000001,Don't know
1,92364,Female,0,1,1,22,1,0,Fiber optic,0,0,0,0,0,1,Month-to-month,1,0,2,80.15,1790.65,No,0,42,1763.3000000000002,1763.3000000000002,Don't know
1,92365,Male,0,1,0,46,1,0,No,0,0,0,0,0,0,One year,1,1,1,20.2,845.6,No,0,68,929.1999999999999,929.1999999999999,Don't know
1,92368,Female,0,1,1,55,1,0,No,0,0,0,0,0,0,Two year,0,0,1,21.0,1210.3,No,0,24,1155.0,1155.0,Don't know
1,92371,Male,0,0,0,1,1,0,No,0,0,0,0,0,0,Month-to-month,0,0,1,20.45,20.45,No,0,38,20.45,20.45,Don't know
1,92372,Female,0,0,0,12,1,1,DSL,0,0,0,1,1,1,One year,1,0,5,75.85,854.45,No,0,70,910.1999999999999,910.1999999999999,Don't know
1,92373,Male,0,0,0,31,1,1,Fiber optic,0,1,0,0,0,0,Month-to-month,1,0,3,80.45,2429.1,No,0,49,2493.9500000000003,2493.9500000000003,Don't know
1,92376,Female,0,1,0,67,1,1,DSL,1,0,0,0,1,1,Two year,1,0,5,75.5,5229.45,No,0,69,5058.5,5058.5,Don't know
1,92377,Male,0,0,0,1,1,0,DSL,0,0,0,0,0,0,Month-to-month,0,0,1,44.45,44.45,No,0,74,44.45,44.45,Don't know
1,92384,Male,0,1,1,41,1,1,DSL,1,1,1,0,1,0,Month-to-month,1,1,6,74.55,3023.55,No,0,61,3056.5499999999997,3056.5499999999997,Don't know
1,92392,Male,0,1,0,42,0,0,DSL,1,0,1,1,1,0,Two year,0,1,4,48.15,2032.3,No,0,25,2022.3,2022.3,Don't know
1,92394,Male,0,1,0,23,1,0,No,0,0,0,0,0,0,One year,0,0,1,19.65,436.9,No,0,70,451.95,451.95,Don't know
1,92398,Female,0,0,0,1,1,0,No,0,0,0,0,0,0,Month-to-month,0,0,1,20.15,20.15,No,0,31,20.15,20.15,Don't know
1,92399,Female,0,0,0,56,1,1,Fiber optic,1,1,0,0,1,1,Month-to-month,1,1,6,106.6,5893.95,No,0,80,5969.599999999999,5969.599999999999,Don't know
1,92401,Male,0,0,1,15,1,1,Fiber optic,0,1,0,0,1,0,Month-to-month,1,0,4,91.0,1430.05,No,0,48,1365.0,1365.0,Don't know
1,92404,Male,0,1,1,12,1,1,No,0,0,0,0,0,0,Two year,1,1,2,25.4,313,No,0,71,304.79999999999995,304.79999999999995,Don't know
1,92405,Female,0,1,0,54,1,0,DSL,1,0,1,1,0,1,Two year,0,1,5,69.95,3871.85,No,0,57,3777.3,3777.3,Don't know
1,92407,Female,0,0,0,7,1,0,DSL,0,0,0,0,1,1,Month-to-month,1,0,3,66.85,458.1,No,0,43,467.94999999999993,467.94999999999993,Don't know
1,92410,Male,0,1,1,16,1,0,No,0,0,0,0,0,0,Month-to-month,0,0,1,20.15,341.35,No,0,58,322.4,322.4,Don't know
1,92411,Female,0,0,0,21,1,0,DSL,1,0,1,0,0,1,One year,0,0,4,64.85,1336.8,No,0,51,1361.85,1361.85,Don't know
1,92501,Male,1,1,0,30,1,1,DSL,0,0,1,0,1,1,Two year,0,0,5,74.85,2181.75,No,0,27,2245.5,2245.5,Don't know
1,92503,Male,0,0,0,3,1,0,DSL,0,0,0,1,0,0,Month-to-month,1,0,2,50.5,147.75,No,0,43,151.5,151.5,Don't know
1,92504,Male,0,0,0,11,1,0,Fiber optic,0,0,1,0,0,0,Month-to-month,0,0,2,72.9,818.45,No,0,71,801.9000000000001,801.9000000000001,Don't know
1,92505,Female,0,0,0,62,1,1,Fiber optic,1,1,1,1,1,1,One year,1,1,8,115.05,7133.45,No,0,43,7133.099999999999,7133.099999999999,Don't know
1,92506,Male,0,0,0,18,1,0,No,0,0,0,0,0,0,Month-to-month,0,0,1,19.0,348.8,No,0,39,342.0,342.0,Don't know
1,92507,Male,0,0,1,6,1,0,No,0,0,0,0,0,0,Month-to-month,0,0,1,19.55,128.6,No,0,69,117.30000000000001,117.30000000000001,Don't know
1,92508,Female,0,0,0,46,1,1,Fiber optic,0,0,1,0,1,1,One year,1,0,5,101.1,4674.4,No,0,54,4650.599999999999,4650.599999999999,Don't know
1,92509,Male,0,0,0,21,1,1,Fiber optic,0,0,0,0,0,1,Month-to-month,1,0,3,84.1,1737.45,No,0,69,1766.1,1766.1,Don't know
1,92518,Male,0,0,0,68,1,1,No,0,0,0,0,0,0,Two year,1,1,2,24.15,1498.85,No,0,70,1642.1999999999998,1642.1999999999998,Don't know
1,92530,Female,0,0,0,1,1,1,DSL,0,0,0,0,0,0,Month-to-month,1,0,2,50.1,50.1,No,0,57,50.1,50.1,Don't know
1,92532,Female,0,1,0,25,1,0,Fiber optic,0,0,1,0,0,0,Month-to-month,1,0,2,74.6,1797.75,No,0,35,1864.9999999999998,1864.9999999999998,Don't know
1,92536,Female,0,0,1,24,1,0,No,0,0,0,0,0,0,Two year,0,0,1,19.75,498.1,No,0,43,474.0,474.0,Don't know
1,92544,Male,0,1,0,51,1,1,Fiber optic,0,1,1,0,1,1,One year,1,1,6,106.8,5498.8,No,0,33,5446.8,5446.8,Don't know
1,92545,Female,0,1,0,57,1,1,DSL,1,0,1,1,1,1,Two year,1,0,7,84.5,4845.4,No,0,41,4816.5,4816.5,Don't know
1,92548,Female,0,0,0,15,1,1,No,0,0,0,0,0,0,Two year,0,1,2,25.05,369.1,No,0,43,375.75,375.75,Don't know
1,92549,Female,0,1,0,72,1,0,DSL,1,1,1,1,1,1,Two year,1,1,7,83.7,6096.9,No,0,36,6026.400000000001,6026.400000000001,Don't know
1,92553,Male,0,1,0,28,1,1,Fiber optic,0,1,1,0,1,0,Month-to-month,0,1,5,96.6,2684.35,No,0,43,2704.7999999999997,2704.7999999999997,Don't know
1,92557,Male,0,1,1,70,1,0,Fiber optic,1,1,1,1,1,0,Two year,1,1,6,101.1,6994.8,No,0,62,7077.0,7077.0,Don't know
1,92561,Female,0,0,0,13,1,0,No,0,0,0,0,0,0,One year,0,0,1,20.2,273.25,No,0,34,262.59999999999997,262.59999999999997,Don't know
1,92562,Female,1,1,0,59,1,1,Fiber optic,1,1,1,1,0,0,One year,1,0,6,94.05,5483.9,No,0,30,5548.95,5548.95,Don't know
1,92570,Female,0,1,0,62,1,0,DSL,1,0,1,1,1,1,Two year,0,0,6,81.0,4985.9,No,0,31,5022.0,5022.0,Don't know
1,92571,Female,0,0,0,21,1,0,DSL,1,0,1,1,0,0,One year,1,0,4,60.25,1258.35,No,0,25,1265.25,1265.25,Don't know
1,92582,Female,0,0,0,2,1,0,DSL,0,0,1,0,0,1,Month-to-month,0,0,3,60.85,111.4,No,0,54,121.7,121.7,Don't know
1,92583,Female,0,0,0,1,1,0,DSL,0,0,0,0,0,0,Month-to-month,0,1,1,43.95,43.95,No,0,20,43.95,43.95,Don't know
1,92584,Male,0,0,0,4,1,0,Fiber optic,0,0,1,0,0,1,Month-to-month,0,0,3,86.05,308.1,No,0,55,344.2,344.2,Don't know
1,92585,Female,0,0,0,19,1,0,No,0,0,0,0,0,0,One year,0,1,1,20.25,383.65,No,0,78,384.75,384.75,Don't know
1,92587,Male,0,1,1,67,1,0,No,0,0,0,0,0,0,Two year,1,1,1,19.4,1284.2,No,0,70,1299.8,1299.8,Don't know
1,92590,Male,1,1,0,72,1,1,Fiber optic,1,1,1,0,0,1,Two year,1,1,6,102.65,7550.3,No,0,66,7390.8,7390.8,Don't know
1,92591,Male,0,1,0,53,1,0,No,0,0,0,0,0,0,Two year,0,1,1,19.9,1110.05,No,0,61,1054.6999999999998,1054.6999999999998,Don't know
1,92592,Female,0,0,0,5,1,0,No,0,0,0,0,0,0,One year,0,0,1,19.55,99.6,No,0,47,97.75,97.75,Don't know
1,92595,Male,1,1,0,71,1,0,Fiber optic,0,1,1,1,0,1,Two year,1,1,5,95.5,6707.15,No,0,80,6780.5,6780.5,Don't know
1,92596,Female,0,1,0,50,1,1,DSL,0,1,1,1,1,1,One year,1,1,7,84.15,4164.4,No,0,43,4207.5,4207.5,Don't know
1,92602,Male,0,1,1,56,1,1,Fiber optic,0,0,1,1,1,1,Two year,1,0,6,103.2,5873.75,No,0,55,5779.2,5779.2,Don't know
1,92604,Male,0,0,0,2,1,0,DSL,0,0,0,1,0,0,Month-to-month,1,1,2,50.2,109.25,No,0,59,100.4,100.4,Don't know
1,92612,Male,0,1,1,46,1,0,No,0,0,0,0,0,0,Two year,0,1,1,19.95,862.4,No,0,75,917.6999999999999,917.6999999999999,Don't know
1,92614,Male,0,1,0,71,1,1,Fiber optic,1,1,1,1,1,1,Two year,1,0,8,116.25,8564.75,No,0,47,8253.75,8253.75,Don't know
1,92618,Female,0,0,0,29,0,0,DSL,0,0,0,1,0,0,Month-to-month,1,0,1,31.2,926.2,No,0,39,904.8,904.8,Don't know
1,92620,Male,0,1,1,69,1,1,No,0,0,0,0,0,0,Two year,0,1,2,24.45,1718.2,No,0,39,1687.05,1687.05,Don't know
1,92624,Male,0,1,0,71,1,1,DSL,0,1,1,1,1,1,Two year,0,1,7,84.2,5956.85,No,0,33,5978.2,5978.2,Don't know
1,92626,Male,1,1,0,56,1,0,DSL,1,1,1,1,1,1,Two year,1,1,7,85.65,4824.45,No,0,70,4796.400000000001,4796.400000000001,Don't know
1,92627,Male,0,0,0,56,1,0,No,0,0,0,0,0,0,One year,1,0,1,21.2,1238.65,No,0,23,1187.2,1187.2,Don't know
1,92630,Female,0,1,0,28,1,1,No,0,0,0,0,0,0,One year,0,0,2,25.55,672.2,No,0,39,715.4,715.4,Don't know
1,92646,Female,0,1,1,19,1,0,No,0,0,0,0,0,0,Month-to-month,0,0,1,20.2,382.2,No,0,64,383.8,383.8,Don't know
1,92647,Male,0,1,0,66,1,1,DSL,0,0,0,1,0,1,Month-to-month,0,0,4,63.85,4264.6,No,0,72,4214.1,4214.1,Don't know
1,92648,Female,0,1,0,17,1,1,DSL,0,0,1,1,0,0,One year,1,0,4,61.95,1070.7,No,0,27,1053.15,1053.15,Don't know
1,92649,Male,0,1,1,52,1,1,No,0,0,0,0,0,0,Two year,0,0,2,25.75,1345.85,No,0,21,1339.0,1339.0,Don't know
1,92651,Female,0,0,0,19,1,0,DSL,0,1,0,0,1,0,One year,0,0,3,58.2,1045.25,No,0,73,1105.8,1105.8,Don't know
1,92653,Female,0,0,0,36,1,0,DSL,1,1,1,1,1,1,One year,0,1,7,85.85,3003.55,No,0,64,3090.6,3090.6,Don't know
1,92656,Male,0,1,1,72,1,1,Fiber optic,1,1,1,1,0,1,One year,1,1,7,104.9,7537.5,No,0,35,7552.8,7552.8,Don't know
1,92660,Male,1,0,0,34,1,0,Fiber optic,0,1,1,0,1,1,One year,1,0,5,99.85,3343.15,No,0,71,3394.8999999999996,3394.8999999999996,Don't know
1,92672,Male,0,1,0,8,1,0,No,0,0,0,0,0,0,Month-to-month,1,1,1,19.55,161.15,No,0,31,156.4,156.4,Don't know
1,92673,Female,0,0,0,69,1,1,Fiber optic,0,0,1,1,1,1,Two year,0,0,6,104.0,7028.5,No,0,63,7176.0,7176.0,Don't know
1,92675,Female,0,1,0,50,1,1,Fiber optic,1,0,1,0,1,1,One year,1,0,6,104.4,5232.9,No,0,26,5220.0,5220.0,Don't know
1,92676,Male,0,0,0,10,1,0,No,0,0,0,0,0,0,One year,0,0,1,19.5,225.85,No,0,80,195.0,195.0,Don't know
1,92677,Female,0,1,1,12,1,1,No,0,0,0,0,0,0,Two year,0,1,2,25.25,274.7,No,0,49,303.0,303.0,Don't know
1,92683,Female,0,1,0,70,0,0,DSL,1,0,1,1,0,1,Two year,1,1,4,49.85,3370.2,No,0,26,3489.5,3489.5,Don't know
1,92688,Female,1,0,0,64,1,1,Fiber optic,1,0,1,1,1,1,Month-to-month,1,1,7,108.95,7111.3,No,0,26,6972.8,6972.8,Don't know
1,92691,Female,0,1,0,66,1,1,DSL,1,1,1,1,1,1,Two year,0,1,8,89.9,5958.85,No,0,20,5933.400000000001,5933.400000000001,Don't know
1,92692,Female,0,1,0,71,1,0,DSL,1,0,1,1,1,1,Two year,1,1,6,82.0,5999.85,No,0,72,5822.0,5822.0,Don't know
1,92694,Male,1,0,0,20,1,0,Fiber optic,0,0,0,0,1,1,Month-to-month,0,0,3,89.95,1648.45,No,0,33,1799.0,1799.0,Don't know
1,92701,Male,0,1,0,72,1,0,DSL,1,1,0,1,1,1,Two year,1,1,6,79.35,5753.25,No,0,55,5713.2,5713.2,Don't know
1,92703,Female,0,1,0,71,1,0,DSL,1,1,1,1,0,0,Two year,0,1,5,64.05,4492.9,No,0,71,4547.55,4547.55,Don't know
1,92704,Male,0,1,1,38,1,1,Fiber optic,0,0,1,0,1,1,Month-to-month,1,1,5,101.15,3956.7,No,0,34,3843.7000000000003,3843.7000000000003,Don't know
1,92707,Male,0,0,0,33,0,0,DSL,0,1,0,0,1,0,One year,1,0,2,39.1,1309,No,0,40,1290.3,1290.3,Don't know
1,92708,Female,0,1,0,23,0,0,DSL,1,0,0,1,0,0,Two year,0,0,2,34.6,813.45,No,0,73,795.8000000000001,795.8000000000001,Don't know
1,92780,Male,0,1,0,58,1,0,No,0,0,0,0,0,0,One year,1,0,1,19.55,1108.8,No,0,72,1133.9,1133.9,Don't know
1,92782,Female,1,1,0,70,1,1,Fiber optic,0,1,0,1,1,1,Two year,1,1,6,104.45,7349.35,No,0,27,7311.5,7311.5,Don't know
1,92801,Male,0,1,0,4,1,0,Fiber optic,0,0,0,0,0,0,Month-to-month,0,0,1,70.5,294.2,No,0,68,282.0,282.0,Don't know
1,92802,Male,0,1,1,45,1,0,No,0,0,0,0,0,0,Two year,0,0,1,20.35,929.2,No,0,62,915.7500000000001,915.7500000000001,Don't know
1,92805,Male,0,1,1,36,1,0,No,0,0,0,0,0,0,Two year,0,1,1,19.45,754.5,No,0,39,700.1999999999999,700.1999999999999,Don't know
1,92806,Male,0,0,0,54,1,0,DSL,1,1,0,1,1,0,Month-to-month,1,0,5,69.9,3883.3,No,0,65,3774.6000000000004,3774.6000000000004,Don't know
1,92807,Male,0,1,0,23,1,1,DSL,0,1,0,1,0,0,Two year,0,0,4,59.7,1414.2,No,0,49,1373.1000000000001,1373.1000000000001,Don't know
1,92808,Female,0,1,0,41,1,1,DSL,1,1,1,0,1,0,One year,1,1,6,78.35,3211.2,No,0,44,3212.35,3212.35,Don't know
1,92821,Male,1,0,0,5,1,0,Fiber optic,0,0,0,0,0,0,Month-to-month,1,0,1,71.45,371.6,No,0,36,357.25,357.25,Don't know
1,92823,Male,0,1,0,27,0,0,DSL,0,1,1,0,0,1,One year,1,1,3,45.85,1246.4,No,0,49,1237.95,1237.95,Don't know
1,92831,Female,0,0,0,1,1,0,Fiber optic,0,0,0,1,1,1,Month-to-month,1,0,4,95.85,95.85,No,0,23,95.85,95.85,Don't know
1,92832,Female,0,1,0,67,0,0,DSL,1,0,0,1,0,0,Two year,0,1,2,35.7,2545.7,No,0,25,2391.9,2391.9,Don't know
1,92833,Female,1,1,0,72,1,1,DSL,1,1,1,1,1,1,Two year,1,1,8,89.55,6448.85,No,0,25,6447.599999999999,6447.599999999999,Don't know
1,92835,Female,0,1,1,56,1,1,No,0,0,0,0,0,0,Two year,1,1,2,24.95,1468.9,No,0,76,1397.2,1397.2,Don't know
1,92840,Male,0,1,0,44,1,1,No,0,0,0,0,0,0,One year,0,0,2,24.85,1013.6,No,0,58,1093.4,1093.4,Don't know
1,92841,Female,1,1,0,66,1,1,Fiber optic,0,1,0,0,1,1,Month-to-month,1,0,5,100.8,6690.75,No,0,32,6652.8,6652.8,Don't know
1,92844,Female,0,1,0,69,1,1,Fiber optic,0,0,1,1,1,1,Two year,0,1,6,105.35,7240.65,No,0,34,7269.15,7269.15,Don't know
1,92860,Female,0,0,0,40,1,0,No,0,0,0,0,0,0,Two year,0,1,1,19.65,830.25,No,0,75,786.0,786.0,Don't know
1,92861,Male,0,1,1,30,1,1,DSL,1,0,0,0,0,0,Month-to-month,1,1,3,54.45,1588.7,No,0,38,1633.5,1633.5,Don't know
1,92865,Female,0,0,0,11,1,0,DSL,0,0,0,1,1,1,Month-to-month,0,0,4,70.5,829.3,No,0,75,775.5,775.5,Don't know
1,92866,Female,0,0,0,15,1,0,No,0,0,0,0,0,0,One year,0,1,1,20.1,302.45,No,0,71,301.5,301.5,Don't know
1,92867,Male,0,0,0,11,1,0,DSL,0,0,1,0,1,1,Month-to-month,1,0,4,69.35,712.25,No,0,47,762.8499999999999,762.8499999999999,Don't know
1,92868,Female,0,1,0,64,1,0,No,0,0,0,0,0,0,One year,0,1,1,19.8,1336.65,No,0,31,1267.2,1267.2,Don't know
1,92869,Male,1,1,0,72,1,0,DSL,1,1,1,1,1,0,Two year,0,1,6,74.4,5360.75,No,0,58,5356.8,5356.8,Don't know
1,92870,Male,1,1,0,72,1,1,Fiber optic,1,1,1,1,0,0,Two year,1,1,6,93.05,6735.05,No,0,39,6699.599999999999,6699.599999999999,Don't know
1,92879,Female,0,0,1,1,1,0,DSL,1,0,0,0,0,0,Month-to-month,0,0,2,51.2,51.2,No,0,51,51.2,51.2,Don't know
1,92880,Female,0,0,0,15,1,0,DSL,1,1,1,1,0,0,One year,0,1,5,65.6,1010,No,0,28,983.9999999999999,983.9999999999999,Don't know
1,92881,Female,0,0,0,60,1,1,DSL,0,0,1,1,1,1,One year,0,1,6,80.55,4847.05,No,0,52,4833.0,4833.0,Don't know
1,92882,Male,0,0,0,56,1,0,DSL,1,0,1,0,0,0,One year,0,0,3,52.7,3019.7,No,0,63,2951.2000000000003,2951.2000000000003,Don't know
1,92883,Female,0,0,0,8,1,0,No,0,0,0,0,0,0,Two year,0,0,1,20.85,161.65,No,0,23,166.8,166.8,Don't know
1,92887,Female,0,1,0,49,1,1,DSL,0,0,0,0,0,0,Month-to-month,1,1,2,52.15,2583.75,No,0,40,2555.35,2555.35,Don't know
1,93004,Male,0,0,0,70,1,1,Fiber optic,1,1,1,1,1,1,Two year,1,1,8,114.95,7711.25,No,0,26,8046.5,8046.5,Don't know
1,93012,Male,1,1,0,52,1,0,Fiber optic,1,0,1,1,1,1,One year,1,1,6,104.45,5481.25,No,0,78,5431.400000000001,5431.400000000001,Don't know
1,93013,Female,0,1,0,72,1,1,Fiber optic,1,1,1,1,1,1,Two year,1,1,8,113.65,8124.2,No,0,79,8182.8,8182.8,Don't know
1,93015,Female,0,0,0,40,1,0,No,0,0,0,0,0,0,Two year,1,1,1,20.6,827.3,No,0,27,824.0,824.0,Don't know
1,93023,Female,1,0,0,40,1,0,Fiber optic,0,0,0,0,1,1,Month-to-month,1,0,3,91.55,3673.6,No,0,59,3662.0,3662.0,Don't know
1,93030,Male,0,0,1,1,1,0,DSL,0,0,1,0,0,0,Month-to-month,1,0,2,49.85,49.85,No,0,49,49.85,49.85,Don't know
1,93033,Male,0,1,0,30,1,0,No,0,0,0,0,0,0,One year,0,1,1,19.8,576.65,No,0,74,594.0,594.0,Don't know
1,93041,Female,1,1,0,44,1,1,Fiber optic,0,0,1,1,1,1,Month-to-month,0,0,6,104.15,4495.65,No,0,32,4582.6,4582.6,Don't know
1,93063,Female,1,0,0,7,1,0,DSL,1,0,0,0,0,0,Month-to-month,1,0,2,48.2,340.35,No,0,34,337.40000000000003,337.40000000000003,Don't know
1,93065,Male,1,0,0,72,1,1,No,0,0,0,0,0,0,Two year,1,1,2,25.1,1789.9,No,0,74,1807.2,1807.2,Don't know
1,93066,Female,1,0,0,8,1,1,Fiber optic,0,0,0,1,1,1,Month-to-month,1,1,5,100.15,908.55,No,0,42,801.2,801.2,Don't know
1,93105,Male,0,0,1,3,1,0,DSL,1,0,1,0,0,0,Month-to-month,0,0,3,55.9,157.55,No,0,36,167.7,167.7,Don't know
1,93109,Male,1,1,0,8,1,0,DSL,0,0,1,1,0,1,Month-to-month,1,1,4,64.4,581.7,No,0,78,515.2,515.2,Don't know
1,93111,Female,0,0,0,5,1,0,Fiber optic,0,1,0,0,1,0,Month-to-month,1,0,3,85.3,420.45,No,0,67,426.5,426.5,Don't know
1,93117,Female,0,1,1,72,1,1,Fiber optic,1,0,1,1,1,1,Two year,0,0,7,107.45,7576.7,No,0,28,7736.400000000001,7736.400000000001,Don't know
1,93203,Female,0,1,0,54,1,1,DSL,1,1,1,1,1,1,Two year,0,1,8,91.3,4965,No,0,27,4930.2,4930.2,Don't know
1,93204,Male,0,1,0,72,1,1,DSL,0,1,1,1,1,1,Two year,0,1,7,85.95,6151.9,No,0,62,6188.400000000001,6188.400000000001,Don't know
1,93207,Male,1,0,0,1,1,0,DSL,0,0,0,0,0,0,Month-to-month,0,0,1,45.2,45.2,No,0,44,45.2,45.2,Don't know
1,93210,Male,0,1,1,69,1,1,Fiber optic,0,0,1,0,0,0,Two year,1,1,3,79.2,5420.65,No,0,63,5464.8,5464.8,Don't know
1,93212,Female,0,0,0,48,1,0,DSL,1,1,0,0,0,0,Two year,0,1,3,55.5,2627.35,No,0,48,2664.0,2664.0,Don't know
1,93218,Female,0,1,0,8,1,1,Fiber optic,0,0,0,1,0,1,Month-to-month,1,0,4,90.25,743.75,No,0,76,722.0,722.0,Don't know
1,93219,Male,0,1,0,71,1,1,DSL,1,1,1,1,1,1,Two year,1,0,8,91.25,6589.6,No,0,30,6478.75,6478.75,Don't know
1,93222,Male,0,1,0,67,1,0,Fiber optic,1,1,0,0,1,1,One year,1,1,5,100.9,6733.15,No,0,31,6760.3,6760.3,Don't know
1,93223,Male,0,1,1,34,1,1,Fiber optic,0,1,0,0,1,1,Month-to-month,1,1,5,97.7,3410,No,0,39,3321.8,3321.8,Don't know
1,93224,Female,0,0,0,3,1,0,Fiber optic,0,0,0,0,0,0,Month-to-month,1,0,1,69.85,199.85,No,0,40,209.54999999999998,209.54999999999998,Don't know
1,93225,Female,0,1,0,9,1,0,DSL,0,1,0,1,1,0,One year,1,0,4,65.6,593.3,No,0,65,590.4,590.4,Don't know
1,93226,Male,0,1,1,71,1,0,Fiber optic,1,1,1,0,1,1,One year,1,1,6,104.65,7288.4,No,0,74,7430.150000000001,7430.150000000001,Don't know
1,93230,Male,0,0,0,57,1,1,Fiber optic,0,0,0,1,1,0,Two year,1,1,4,90.45,5229.8,No,0,24,5155.650000000001,5155.650000000001,Don't know
1,93234,Male,0,0,0,72,0,0,DSL,1,1,1,1,1,1,Two year,1,1,6,63.7,4464.8,No,0,46,4586.400000000001,4586.400000000001,Don't know
1,93235,Female,1,1,1,48,1,0,Fiber optic,1,0,1,1,1,1,Month-to-month,1,0,6,104.5,5068.05,No,0,71,5016.0,5016.0,Don't know
1,93238,Male,0,0,0,18,1,0,No,0,0,0,0,0,0,One year,0,0,1,20.1,401.85,No,0,57,361.8,361.8,Don't know
1,93239,Male,0,1,1,43,1,1,Fiber optic,0,0,1,1,1,1,One year,1,1,6,104.3,4451.85,No,0,60,4484.9,4484.9,Don't know
1,93240,Female,0,1,0,72,1,1,DSL,1,1,1,1,1,1,Two year,1,1,8,93.25,6688.95,No,0,28,6714.0,6714.0,Don't know
1,93241,Male,0,1,0,35,1,1,DSL,0,0,0,1,1,1,One year,1,1,5,73.45,2661.1,No,0,66,2570.75,2570.75,Don't know
1,93242,Male,0,0,0,4,1,0,No,0,0,0,0,0,0,Month-to-month,0,0,1,20.7,73.05,No,0,76,82.8,82.8,Don't know
1,93243,Female,0,1,1,49,1,1,No,0,0,0,0,0,0,Two year,0,0,2,25.25,1211.65,No,0,35,1237.25,1237.25,Don't know
1,93244,Female,0,1,1,71,1,1,Fiber optic,1,1,1,0,1,0,Two year,0,1,6,100.5,7030.65,No,0,41,7135.5,7135.5,Don't know
1,93245,Male,0,1,1,11,1,0,Fiber optic,0,0,0,0,1,1,Month-to-month,0,0,3,90.6,1020.2,No,0,65,996.5999999999999,996.5999999999999,Don't know
1,93247,Male,0,1,0,63,1,1,DSL,1,1,1,1,1,1,Two year,1,1,8,89.4,5597.65,No,0,80,5632.200000000001,5632.200000000001,Don't know
1,93249,Female,1,0,0,65,1,1,Fiber optic,0,1,1,0,1,0,Month-to-month,1,1,5,95.45,6223.3,No,0,62,6204.25,6204.25,Don't know
1,93250,Female,0,0,1,49,1,0,No,0,0,0,0,0,0,Two year,0,1,1,20.45,1024.65,No,0,20,1002.05,1002.05,Don't know
1,93254,Female,0,1,1,4,1,0,No,0,0,0,0,0,0,Month-to-month,1,0,1,19.95,82.9,No,0,26,79.8,79.8,Don't know
1,93255,Female,0,1,0,72,1,1,Fiber optic,0,1,1,1,1,1,One year,0,1,7,109.15,7789.6,No,0,46,7858.8,7858.8,Don't know
1,93256,Female,1,1,0,26,1,0,Fiber optic,0,0,1,0,1,0,Month-to-month,1,1,3,85.7,2067,No,0,23,2228.2000000000003,2228.2000000000003,Don't know
1,93257,Female,1,1,0,35,1,1,Fiber optic,0,0,1,0,1,1,Month-to-month,0,1,5,102.05,3452.55,No,0,35,3571.75,3571.75,Don't know
1,93260,Female,0,0,0,57,1,1,Fiber optic,0,1,0,1,0,1,One year,0,0,5,94.7,5468.95,No,0,70,5397.900000000001,5397.900000000001,Don't know
1,93261,Male,0,1,1,28,1,1,DSL,0,1,0,0,0,1,Month-to-month,0,0,4,64.4,1802.15,No,0,48,1803.2000000000003,1803.2000000000003,Don't know
1,93262,Female,0,1,0,25,1,1,No,0,0,0,0,0,0,One year,1,0,2,26.8,733.55,No,0,78,670.0,670.0,Don't know
1,93263,Female,0,1,0,47,1,0,DSL,1,0,1,0,1,0,One year,1,1,4,66.05,3021.45,No,0,73,3104.35,3104.35,Don't know
1,93265,Female,0,1,1,57,1,1,DSL,1,1,0,1,0,0,Month-to-month,0,1,5,65.2,3687.85,No,0,76,3716.4,3716.4,Don't know
1,93266,Male,1,1,0,16,1,1,Fiber optic,0,0,0,0,1,0,Month-to-month,1,1,3,85.05,1391.15,No,0,80,1360.8,1360.8,Don't know
1,93267,Male,0,0,0,5,1,0,DSL,1,0,1,0,0,0,Month-to-month,1,0,3,55.8,274.35,No,0,69,279.0,279.0,Don't know
1,93271,Male,0,1,1,72,1,0,No,0,0,0,0,0,0,Two year,0,1,1,19.95,1322.85,No,0,56,1436.3999999999999,1436.3999999999999,Don't know
1,93274,Female,0,1,1,48,0,0,DSL,1,0,1,0,0,1,One year,0,1,3,45.0,2196.3,No,0,21,2160.0,2160.0,Don't know
1,93276,Female,0,1,0,68,1,1,Fiber optic,1,1,1,1,1,1,Two year,0,1,8,114.9,7843.55,No,0,77,7813.200000000001,7813.200000000001,Don't know
1,93277,Female,0,0,0,30,1,1,Fiber optic,1,0,0,1,1,1,Month-to-month,0,1,6,106.4,3211.9,No,0,35,3192.0,3192.0,Don't know
1,93280,Female,0,1,0,3,1,0,DSL,0,0,0,0,0,0,Month-to-month,1,0,1,46.1,130.15,No,0,39,138.3,138.3,Don't know
1,93283,Female,1,0,0,14,0,0,DSL,1,0,1,1,0,0,Two year,0,0,3,39.7,692.35,No,0,47,555.8000000000001,555.8000000000001,Don't know
1,93285,Female,0,0,1,4,1,0,No,0,0,0,0,0,0,Month-to-month,1,1,1,20.05,85.5,No,0,57,80.2,80.2,Don't know
1,93286,Female,0,1,1,71,1,1,Fiber optic,0,1,1,0,0,1,Two year,1,1,5,95.75,6849.4,No,0,26,6798.25,6798.25,Don't know
1,93287,Male,0,1,0,8,1,1,No,0,0,0,0,0,0,One year,0,0,2,24.4,203.95,No,0,35,195.2,195.2,Don't know
1,93291,Male,0,1,1,61,0,0,DSL,1,0,1,0,0,0,Month-to-month,0,1,2,33.6,2117.2,No,0,64,2049.6,2049.6,Don't know
1,93292,Male,0,1,1,72,1,1,Fiber optic,0,1,1,1,0,0,Two year,0,1,5,90.45,6565.85,No,0,35,6512.400000000001,6512.400000000001,Don't know
1,93301,Female,0,0,0,5,1,1,Fiber optic,0,0,0,0,1,0,Month-to-month,1,0,3,84.0,424.75,No,0,54,420.0,420.0,Don't know
1,93304,Female,0,0,0,49,1,0,DSL,1,1,1,1,0,0,Two year,0,1,5,67.4,3306.85,No,0,66,3302.6000000000004,3302.6000000000004,Don't know
1,93305,Male,0,0,0,8,1,0,No,0,0,0,0,0,0,Month-to-month,1,1,1,19.7,168.9,No,0,22,157.6,157.6,Don't know
1,93306,Male,0,0,0,3,1,0,Fiber optic,0,0,0,0,0,1,Month-to-month,1,0,2,80.35,253.8,No,0,51,241.04999999999998,241.04999999999998,Don't know
1,93307,Male,0,1,1,9,1,0,No,0,0,0,0,0,0,Two year,0,0,1,19.6,197.4,No,0,65,176.4,176.4,Don't know
1,93308,Male,0,1,1,67,1,0,DSL,1,1,0,0,0,0,Two year,1,1,3,54.2,3838.2,No,0,57,3631.4,3631.4,Don't know
1,93309,Male,0,0,0,46,1,0,DSL,0,0,0,0,0,0,Month-to-month,1,1,1,45.2,2065.15,No,0,75,2079.2000000000003,2079.2000000000003,Don't know
1,93311,Female,0,1,0,67,1,1,DSL,1,1,1,0,0,1,One year,0,0,6,75.1,5064.45,No,0,25,5031.7,5031.7,Don't know
1,93312,Female,0,1,0,55,1,0,No,0,0,0,0,0,0,One year,0,0,1,19.7,1140.05,No,0,28,1083.5,1083.5,Don't know
1,93313,Male,0,1,0,33,1,1,DSL,1,1,1,0,1,0,Month-to-month,1,1,6,72.75,2447.45,No,0,75,2400.75,2400.75,Don't know
1,93401,Male,0,1,1,62,1,0,No,0,0,0,0,0,0,Two year,0,1,1,20.05,1263.9,No,0,63,1243.1000000000001,1243.1000000000001,Don't know
1,93405,Male,0,1,1,49,0,0,DSL,1,0,0,0,0,1,Month-to-month,1,0,2,39.2,1838.15,No,0,39,1920.8000000000002,1920.8000000000002,Don't know
1,93420,Male,0,0,0,1,1,0,DSL,0,0,0,0,0,0,Month-to-month,1,0,1,44.75,44.75,No,0,59,44.75,44.75,Don't know
1,93422,Male,0,1,0,14,1,1,Fiber optic,0,1,1,0,0,0,Month-to-month,1,0,4,82.65,1185,No,0,79,1157.1000000000001,1157.1000000000001,Don't know
1,93424,Male,1,0,0,18,1,1,Fiber optic,0,0,1,1,1,0,Month-to-month,0,1,5,93.9,1743.9,No,0,47,1690.2,1690.2,Don't know
1,93428,Female,0,1,0,72,1,1,Fiber optic,1,1,1,1,1,1,Two year,1,1,8,117.15,8529.5,No,0,41,8434.800000000001,8434.800000000001,Don't know
1,93429,Male,0,0,0,64,1,1,Fiber optic,1,0,1,1,0,1,Two year,0,1,6,99.25,6549.45,No,0,59,6352.0,6352.0,Don't know
1,93430,Male,0,1,0,69,1,1,Fiber optic,1,1,1,1,1,1,Two year,1,1,8,112.55,7806.5,No,0,52,7765.95,7765.95,Don't know
1,93432,Female,0,0,0,1,1,1,No,0,0,0,0,0,0,Month-to-month,1,0,2,25.7,25.7,No,0,54,25.7,25.7,Don't know
1,93433,Male,0,1,1,71,1,1,DSL,1,1,1,1,1,1,Two year,0,1,8,90.3,6287.3,No,0,63,6411.3,6411.3,Don't know
1,93434,Female,0,1,1,66,1,0,DSL,0,0,0,1,0,0,One year,1,1,2,49.4,3251.85,No,0,59,3260.4,3260.4,Don't know
1,93436,Male,0,0,0,2,1,0,No,0,0,0,0,0,0,Month-to-month,0,0,1,19.4,50.6,No,0,56,38.8,38.8,Don't know
1,93437,Female,1,1,0,71,1,0,Fiber optic,1,1,1,1,1,1,Two year,1,1,7,109.7,7904.25,No,0,26,7788.7,7788.7,Don't know
1,93440,Male,0,0,0,11,1,0,DSL,0,1,0,0,1,0,One year,1,0,3,61.25,729.95,No,0,58,673.75,673.75,Don't know
1,93441,Male,0,0,1,47,1,0,DSL,1,1,0,0,0,0,Month-to-month,1,0,3,55.3,2654.05,No,0,52,2599.1,2599.1,Don't know
1,93445,Male,0,1,1,60,1,1,Fiber optic,0,1,0,1,1,1,Month-to-month,1,1,6,103.75,5969.95,No,0,53,6225.0,6225.0,Don't know
1,93446,Male,0,0,0,11,1,0,No,0,0,0,0,0,0,One year,0,0,1,19.5,226.8,No,0,28,214.5,214.5,Don't know
1,93449,Female,0,0,0,29,0,0,DSL,1,1,0,1,0,0,One year,0,1,3,39.5,1082.75,No,0,29,1145.5,1145.5,Don't know
1,93450,Male,0,1,1,21,0,0,DSL,0,0,0,0,0,0,Month-to-month,1,0,0,26.05,565.75,No,0,44,547.0500000000001,547.0500000000001,Don't know
1,93451,Male,1,1,0,48,1,1,Fiber optic,0,0,1,0,0,1,Month-to-month,1,1,4,91.05,4370.75,No,0,60,4370.4,4370.4,Don't know
1,93452,Female,0,0,1,3,0,0,DSL,0,1,0,0,0,0,Month-to-month,0,0,1,29.65,90.05,No,0,69,88.94999999999999,88.94999999999999,Don't know
1,93453,Female,0,1,1,43,1,0,DSL,0,1,0,0,0,0,Month-to-month,0,0,2,50.2,2169.4,No,0,49,2158.6,2158.6,Don't know
1,93454,Male,0,0,0,5,1,1,Fiber optic,0,1,1,0,1,1,Month-to-month,0,0,6,105.3,550.6,No,0,66,526.5,526.5,Don't know
1,93455,Female,0,0,0,1,1,0,DSL,0,0,0,0,0,1,Month-to-month,1,0,2,55.45,55.45,No,0,45,55.45,55.45,Don't know
1,93458,Male,0,1,1,71,1,1,DSL,1,0,1,1,1,1,One year,0,0,7,85.45,6300.85,No,0,32,6066.95,6066.95,Don't know
1,93460,Female,0,1,0,8,1,0,No,0,0,0,0,0,0,One year,0,0,1,19.8,160.05,No,0,51,158.4,158.4,Don't know
1,93461,Male,0,0,0,8,1,1,DSL,0,0,0,0,1,0,Month-to-month,1,0,3,59.25,436.6,No,0,54,474.0,474.0,Don't know
1,93463,Male,0,0,0,20,1,1,Fiber optic,0,0,1,0,1,0,Month-to-month,1,1,4,90.7,1781.35,No,0,77,1814.0,1814.0,Don't know
1,93501,Male,0,0,0,71,1,1,Fiber optic,0,1,0,0,0,0,One year,1,1,3,79.05,5552.5,No,0,38,5612.55,5612.55,Don't know
1,93505,Female,1,1,0,31,1,1,Fiber optic,0,0,1,0,1,0,One year,1,0,4,90.7,2835.5,No,0,34,2811.7000000000003,2811.7000000000003,Don't know
1,93510,Female,1,1,0,38,1,1,Fiber optic,1,1,0,0,0,1,One year,0,1,5,95.0,3591.25,No,0,71,3610.0,3610.0,Don't know
1,93513,Female,0,1,1,2,0,0,DSL,0,1,0,0,0,0,Month-to-month,1,0,1,30.25,63.75,No,0,61,60.5,60.5,Don't know
1,93514,Female,0,1,0,12,0,0,DSL,0,0,1,0,1,1,Month-to-month,1,1,3,49.85,617.15,No,0,24,598.2,598.2,Don't know
1,93516,Female,0,0,1,9,1,0,Fiber optic,1,0,1,1,0,1,Month-to-month,0,1,5,93.0,870.25,No,0,40,837.0,837.0,Don't know
1,93517,Male,1,0,1,11,1,0,DSL,0,1,0,1,0,0,Month-to-month,1,0,3,54.55,601.25,No,0,40,600.05,600.05,Don't know
1,93518,Male,0,0,1,6,1,0,No,0,0,0,0,0,0,Month-to-month,0,0,1,19.7,111.65,No,0,44,118.19999999999999,118.19999999999999,Don't know
1,93522,Female,0,1,0,71,1,0,DSL,1,1,1,1,1,1,One year,1,1,7,84.8,6046.1,No,0,28,6020.8,6020.8,Don't know
1,93523,Female,0,1,1,42,1,1,Fiber optic,1,1,0,0,1,0,One year,1,1,5,94.45,3923.8,No,0,63,3966.9,3966.9,Don't know
1,93529,Female,0,1,1,45,1,0,No,0,0,0,0,0,0,Two year,0,0,1,20.85,892.15,No,0,32,938.2500000000001,938.2500000000001,Don't know
1,93530,Male,0,1,1,28,0,0,DSL,0,1,1,1,1,1,One year,1,1,5,60.0,1682.05,No,0,80,1680.0,1680.0,Don't know
1,93531,Female,0,1,0,43,1,1,Fiber optic,0,1,0,0,0,0,Month-to-month,0,0,3,80.45,3398.9,No,0,35,3459.35,3459.35,Don't know
1,93532,Male,0,0,1,60,1,1,DSL,1,0,1,1,1,1,Two year,1,0,7,84.95,4984.85,No,0,41,5097.0,5097.0,Don't know
1,93535,Male,0,1,1,7,0,0,DSL,1,0,1,1,0,1,Two year,0,1,4,49.65,305.55,No,0,60,347.55,347.55,Don't know
1,93536,Female,0,1,0,25,1,0,No,0,0,0,0,0,0,One year,1,1,1,20.2,507.9,No,0,23,505.0,505.0,Don't know
1,93543,Male,0,0,0,27,1,1,Fiber optic,0,0,1,0,1,1,One year,1,1,5,100.5,2673.45,No,0,50,2713.5,2713.5,Don't know
1,93544,Male,0,0,0,10,0,0,DSL,0,1,0,1,0,0,Month-to-month,0,0,2,35.75,389.8,No,0,59,357.5,357.5,Don't know
1,93545,Female,1,0,0,27,1,1,Fiber optic,0,1,1,0,0,0,Month-to-month,1,1,4,86.45,2401.05,No,0,77,2334.15,2334.15,Don't know
1,93546,Female,0,0,0,11,1,0,DSL,0,0,1,1,0,0,One year,0,1,3,53.8,651.55,No,0,27,591.8,591.8,Don't know
1,93549,Male,0,1,1,4,0,0,DSL,1,0,0,0,1,0,Month-to-month,0,1,2,38.55,156.1,No,0,40,154.2,154.2,Don't know
1,93550,Male,0,0,0,68,0,0,DSL,0,0,1,0,0,1,Month-to-month,1,1,2,39.9,2796.35,No,0,69,2713.2,2713.2,Don't know
1,93551,Male,1,0,0,1,1,0,Fiber optic,0,0,0,0,0,0,Month-to-month,1,0,1,70.05,70.05,No,0,51,70.05,70.05,Don't know
1,93552,Female,0,0,0,18,1,0,No,0,0,0,0,0,0,One year,0,0,1,20.1,407.05,No,0,55,361.8,361.8,Don't know
1,93554,Male,0,0,0,26,1,0,No,0,0,0,0,0,0,Month-to-month,1,0,1,20.3,511.25,No,0,68,527.8000000000001,527.8000000000001,Don't know
1,93555,Female,0,1,0,17,0,0,DSL,0,1,1,0,0,0,Month-to-month,1,1,2,35.65,646.05,No,0,38,606.05,606.05,Don't know
1,93562,Male,1,1,0,59,1,0,Fiber optic,1,1,1,0,0,0,One year,1,1,4,82.95,4903.15,No,0,61,4894.05,4894.05,Don't know
1,93563,Male,0,0,0,30,1,0,DSL,1,0,1,0,0,0,Two year,1,0,3,55.65,1653.85,No,0,70,1669.5,1669.5,Don't know
1,93601,Female,1,1,0,50,1,1,No,0,0,0,0,0,0,One year,0,0,2,25.2,1306.3,No,0,61,1260.0,1260.0,Don't know
1,93602,Male,0,0,0,9,0,0,DSL,1,0,1,1,0,1,One year,0,0,4,50.8,463.6,No,0,47,457.2,457.2,Don't know
1,93603,Female,0,1,1,3,1,0,No,0,0,0,0,0,0,Month-to-month,0,0,1,19.65,60.65,No,0,31,58.949999999999996,58.949999999999996,Don't know
1,93604,Female,0,0,1,14,1,0,DSL,0,0,1,0,1,0,Month-to-month,1,1,3,59.8,824.85,No,0,51,837.1999999999999,837.1999999999999,Don't know
1,93605,Female,1,0,0,31,1,0,Fiber optic,1,0,0,0,0,0,Month-to-month,1,1,2,73.55,2094.65,No,0,39,2280.0499999999997,2280.0499999999997,Don't know
1,93606,Female,0,0,0,7,1,0,DSL,1,1,1,0,0,0,Month-to-month,0,0,4,61.4,438.9,No,0,71,429.8,429.8,Don't know
1,93609,Male,0,1,0,17,1,0,No,0,0,0,0,0,0,One year,0,1,1,19.9,329.75,No,0,63,338.29999999999995,338.29999999999995,Don't know
1,93610,Male,0,1,1,32,1,0,No,0,0,0,0,0,0,Month-to-month,1,1,1,19.45,674.55,No,0,42,622.4,622.4,Don't know
1,93611,Female,1,0,0,2,1,0,Fiber optic,0,0,0,0,1,0,Month-to-month,0,0,2,81.5,162.55,No,0,59,163.0,163.0,Don't know
1,93614,Female,0,1,1,72,1,1,Fiber optic,1,1,1,0,1,1,Two year,0,1,7,109.55,7887.25,No,0,27,7887.599999999999,7887.599999999999,Don't know
1,93616,Female,0,1,1,27,1,0,Fiber optic,1,0,0,0,0,0,Month-to-month,0,0,2,74.4,1972.35,No,0,57,2008.8000000000002,2008.8000000000002,Don't know
1,93620,Male,0,0,0,7,1,0,Fiber optic,0,0,1,0,0,0,Month-to-month,1,0,2,74.9,490.55,No,0,52,524.3000000000001,524.3000000000001,Don't know
1,93622,Male,0,1,1,11,1,0,DSL,0,0,1,0,1,0,Month-to-month,1,1,3,59.65,683.25,No,0,71,656.15,656.15,Don't know
1,93623,Female,0,1,1,72,1,1,Fiber optic,1,0,1,1,1,1,Two year,1,1,7,110.45,8058.85,No,0,41,7952.400000000001,7952.400000000001,Don't know
1,93626,Female,1,0,0,4,1,1,Fiber optic,0,0,0,0,0,0,Month-to-month,1,0,2,74.45,294.45,No,0,50,297.8,297.8,Don't know
1,93627,Female,0,0,0,71,1,1,No,0,0,0,0,0,0,Two year,0,0,2,24.55,1719.15,No,0,74,1743.05,1743.05,Don't know
1,93630,Male,0,1,1,47,1,1,No,0,0,0,0,0,0,Two year,0,0,2,24.55,1160.45,No,0,78,1153.8500000000001,1153.8500000000001,Don't know
1,93631,Male,1,1,0,57,1,0,Fiber optic,0,1,1,0,1,0,One year,1,0,4,90.65,5199.8,No,0,23,5167.05,5167.05,Don't know
1,93634,Male,1,1,0,50,1,1,Fiber optic,1,0,1,0,1,1,Two year,1,1,6,105.05,5163.3,No,0,40,5252.5,5252.5,Don't know
1,93635,Male,0,0,0,8,1,0,No,0,0,0,0,0,0,Month-to-month,1,1,1,20.45,162.3,No,0,24,163.6,163.6,Don't know
1,93637,Female,0,1,1,48,1,0,No,0,0,0,0,0,0,Two year,0,0,1,19.55,883.35,No,0,68,938.4000000000001,938.4000000000001,Don't know
1,93638,Female,0,0,0,70,1,0,No,0,0,0,0,0,0,One year,0,1,1,19.7,1341.5,No,0,72,1379.0,1379.0,Don't know
1,93640,Male,0,0,1,1,1,0,DSL,1,1,0,1,0,1,Month-to-month,1,1,5,70.45,70.45,No,0,53,70.45,70.45,Don't know
1,93641,Male,0,1,0,8,1,1,Fiber optic,0,0,0,0,0,1,Month-to-month,1,1,3,85.65,659.45,No,0,72,685.2,685.2,Don't know
1,93645,Male,0,1,1,60,1,0,No,0,0,0,0,0,0,Two year,0,0,1,20.55,1205.05,No,0,47,1233.0,1233.0,Don't know
1,93646,Male,0,1,1,49,1,1,Fiber optic,0,0,0,1,1,1,One year,1,0,5,97.95,4917.9,No,0,53,4799.55,4799.55,Don't know
1,93648,Female,0,0,0,29,1,0,No,0,0,0,0,0,0,One year,0,0,1,20.0,599.3,No,0,65,580.0,580.0,Don't know
1,93650,Female,0,1,0,67,1,1,No,0,0,0,0,0,0,Two year,1,1,2,25.25,1733.15,No,0,32,1691.75,1691.75,Don't know
1,93652,Male,0,1,0,67,1,1,DSL,1,1,1,1,0,0,Two year,0,1,6,70.9,4677.1,No,0,80,4750.3,4750.3,Don't know
1,93653,Female,0,1,1,6,1,0,No,0,0,0,0,0,0,Month-to-month,0,0,1,19.85,119.3,No,0,31,119.10000000000001,119.10000000000001,Don't know
1,93654,Female,0,0,0,47,1,1,Fiber optic,0,1,1,0,1,1,Month-to-month,1,0,6,106.35,4849.1,No,0,74,4998.45,4998.45,Don't know
1,93656,Female,0,0,0,53,1,0,Fiber optic,1,1,1,1,0,1,Two year,0,0,6,99.5,5424.25,No,0,23,5273.5,5273.5,Don't know
1,93657,Male,0,1,0,69,1,0,DSL,1,1,1,1,1,1,Two year,1,0,7,84.7,5878.9,No,0,70,5844.3,5844.3,Don't know
1,93660,Male,0,0,0,3,1,0,Fiber optic,1,0,0,0,0,1,Month-to-month,1,0,3,86.05,244.85,No,0,37,258.15,258.15,Don't know
1,93662,Male,0,0,0,4,1,0,DSL,0,0,0,0,0,0,Month-to-month,0,0,1,44.55,220.75,No,0,45,178.2,178.2,Don't know
1,93664,Male,0,1,1,56,1,1,DSL,1,1,0,1,0,1,Two year,1,1,6,75.85,4261.2,No,0,52,4247.599999999999,4247.599999999999,Don't know
1,93666,Male,1,1,0,61,1,1,No,0,0,0,0,0,0,Two year,0,1,2,25.0,1501.75,No,0,78,1525.0,1525.0,Don't know
1,93667,Female,0,1,0,2,1,0,DSL,0,0,0,0,0,0,Month-to-month,1,0,1,45.0,89.75,No,0,60,90.0,90.0,Don't know
1,93669,Male,0,1,1,12,1,0,No,0,0,0,0,0,0,Month-to-month,0,0,1,20.5,255.5,No,0,65,246.0,246.0,Don't know
1,93675,Female,0,1,1,28,1,1,Fiber optic,0,0,0,1,0,1,One year,1,0,4,90.45,2509.25,No,0,74,2532.6,2532.6,Don't know
1,93701,Male,0,0,0,24,1,0,DSL,1,1,0,1,0,0,Month-to-month,0,1,4,60.45,1440.75,No,0,56,1450.8000000000002,1450.8000000000002,Don't know
1,93703,Female,0,1,1,68,1,1,DSL,1,1,1,1,0,1,One year,1,0,7,78.45,5333.35,No,0,67,5334.6,5334.6,Don't know
1,93704,Male,0,0,1,39,1,1,Fiber optic,0,0,0,1,1,1,Two year,0,0,5,100.55,3895.35,No,0,71,3921.45,3921.45,Don't know
1,93705,Female,0,1,0,42,1,0,No,0,0,0,0,0,0,Month-to-month,0,1,1,20.35,869.9,No,0,69,854.7,854.7,Don't know
1,93710,Female,0,1,0,6,1,1,Fiber optic,0,1,0,0,0,1,Month-to-month,1,0,4,90.75,512.25,No,0,54,544.5,544.5,Don't know
1,93720,Female,0,1,0,38,1,0,No,0,0,0,0,0,0,One year,1,1,1,20.25,814.75,No,0,25,769.5,769.5,Don't know
1,93721,Male,0,0,0,18,1,0,No,0,0,0,0,0,0,Two year,0,1,1,20.05,388.6,No,0,20,360.90000000000003,360.90000000000003,Don't know
1,93722,Female,0,1,0,4,1,0,No,0,0,0,0,0,0,Month-to-month,0,0,1,19.6,93.45,No,0,66,78.4,78.4,Don't know
1,93725,Male,0,1,0,27,1,0,DSL,0,1,0,1,0,0,Month-to-month,1,0,3,53.8,1389.85,No,0,66,1452.6,1452.6,Don't know
1,93726,Male,0,0,1,41,1,0,DSL,1,1,1,0,1,0,One year,0,0,5,70.2,2894.55,No,0,56,2878.2000000000003,2878.2000000000003,Don't know
1,93727,Male,0,1,1,50,1,0,DSL,1,0,0,1,1,1,One year,0,0,5,75.5,4025.6,No,0,21,3775.0,3775.0,Don't know
1,93728,Male,0,1,1,72,1,0,No,0,0,0,0,0,0,Two year,0,0,1,20.35,1354.4,No,0,41,1465.2,1465.2,Don't know
1,93901,Female,0,0,0,70,1,1,No,0,0,0,0,0,0,One year,0,1,2,26.05,1856.4,No,0,21,1823.5,1823.5,Don't know
1,93905,Male,0,1,1,44,1,0,No,0,0,0,0,0,0,One year,0,1,1,20.6,926,No,0,44,906.4000000000001,906.4000000000001,Don't know
1,93907,Female,0,1,1,34,1,0,No,0,0,0,0,0,0,One year,1,1,1,20.1,682.1,No,0,21,683.4000000000001,683.4000000000001,Don't know
1,93908,Female,1,1,0,72,1,1,No,0,0,0,0,0,0,Two year,0,1,2,24.3,1778.7,No,0,55,1749.6000000000001,1749.6000000000001,Don't know
1,93920,Male,0,1,0,71,1,1,No,0,0,0,0,0,0,Two year,1,0,2,24.5,1816.2,No,0,38,1739.5,1739.5,Don't know
1,93921,Female,0,0,0,64,1,1,Fiber optic,0,1,1,1,1,1,Two year,1,1,7,110.5,7069.25,No,0,64,7072.0,7072.0,Don't know
1,93923,Female,0,1,0,72,1,1,No,0,0,0,0,0,0,Two year,1,1,2,25.25,1841.2,No,0,36,1818.0,1818.0,Don't know
1,93925,Male,1,1,0,29,1,0,Fiber optic,1,0,1,0,0,1,One year,0,1,4,90.1,2656.7,No,0,55,2612.8999999999996,2612.8999999999996,Don't know
1,93926,Female,0,1,0,23,1,0,DSL,1,0,1,1,0,1,One year,1,1,5,68.75,1689.45,No,0,34,1581.25,1581.25,Don't know
1,93927,Male,0,1,1,52,1,0,No,0,0,0,0,0,0,Two year,0,0,1,19.2,1054.75,No,0,78,998.4,998.4,Don't know
1,93930,Female,0,0,0,64,1,1,Fiber optic,1,1,1,1,1,1,Two year,1,1,8,115.1,7334.05,No,0,78,7366.4,7366.4,Don't know
1,93940,Male,0,0,0,24,1,1,Fiber optic,0,1,0,0,1,1,Month-to-month,1,1,5,99.65,2404.85,No,0,47,2391.6000000000004,2391.6000000000004,Don't know
1,93950,Male,0,1,0,2,1,1,Fiber optic,0,0,1,0,1,0,Month-to-month,1,0,4,91.45,171.45,No,0,32,182.9,182.9,Don't know
1,93953,Female,0,1,1,34,1,0,DSL,1,1,1,1,1,1,Two year,0,0,7,84.75,2839.45,No,0,51,2881.5,2881.5,Don't know
1,93955,Male,0,1,1,53,1,1,DSL,0,0,1,1,1,1,One year,1,0,6,78.75,3942.45,No,0,73,4173.75,4173.75,Don't know
1,93960,Female,0,1,1,47,1,0,No,0,0,0,0,0,0,Two year,0,1,1,20.25,873.4,No,0,38,951.75,951.75,Don't know
1,93962,Male,0,0,1,72,1,0,No,0,0,0,0,0,0,Two year,0,1,1,19.9,1529.65,No,0,72,1432.8,1432.8,Don't know
1,94002,Male,0,1,1,72,1,1,Fiber optic,1,1,0,1,0,1,Two year,1,1,6,97.75,6991.6,No,0,46,7038.0,7038.0,Don't know
1,94019,Female,0,0,0,7,1,0,Fiber optic,0,0,1,1,1,1,Month-to-month,1,0,5,100.4,715,No,0,56,702.8000000000001,702.8000000000001,Don't know
1,94020,Female,0,1,0,71,1,1,No,0,0,0,0,0,0,Two year,1,1,2,24.45,1681.6,No,0,77,1735.95,1735.95,Don't know
1,94021,Female,1,0,0,41,1,0,Fiber optic,0,0,1,1,1,1,One year,1,1,5,101.1,4016.2,No,0,38,4145.099999999999,4145.099999999999,Don't know
1,94022,Male,0,1,1,67,0,0,DSL,1,0,0,0,1,1,Two year,0,1,3,50.9,3281.65,No,0,62,3410.2999999999997,3410.2999999999997,Don't know
1,94024,Male,0,1,0,69,1,1,Fiber optic,1,1,1,1,0,1,One year,1,1,7,107.2,7317.1,No,0,51,7396.8,7396.8,Don't know
1,94025,Female,1,1,0,70,1,1,DSL,1,1,1,1,1,1,Two year,1,1,8,92.2,6474.45,No,0,44,6454.0,6454.0,Don't know
1,94028,Male,0,0,0,72,1,1,Fiber optic,1,1,1,1,1,1,Two year,0,1,8,113.4,8164.1,No,0,56,8164.8,8164.8,Don't know
1,94030,Male,0,1,1,34,0,0,DSL,0,0,0,1,1,0,Two year,1,0,2,40.55,1325.85,No,0,31,1378.6999999999998,1378.6999999999998,Don't know
1,94037,Female,0,1,1,65,1,1,No,0,0,0,0,0,0,Two year,0,1,2,26.0,1654.85,No,0,72,1690.0,1690.0,Don't know
1,94038,Female,0,0,0,70,1,1,Fiber optic,1,1,1,1,1,1,Two year,1,1,8,111.95,7795.95,No,0,25,7836.5,7836.5,Don't know
1,94040,Female,0,1,1,72,0,0,DSL,1,0,1,0,1,1,Two year,1,1,4,53.8,3952.45,No,0,28,3873.6,3873.6,Don't know
1,94041,Male,0,0,1,35,1,0,DSL,0,0,0,1,1,1,One year,1,0,4,72.1,2495.15,No,0,45,2523.5,2523.5,Don't know
1,94044,Female,0,1,0,12,1,1,DSL,1,0,1,0,1,1,One year,0,0,6,78.85,876.75,No,0,55,946.1999999999999,946.1999999999999,Don't know
1,94060,Female,0,1,1,62,1,0,DSL,1,0,1,1,1,0,One year,1,1,5,70.75,4263.45,No,0,24,4386.5,4386.5,Don't know
1,94061,Female,0,0,0,25,1,0,DSL,1,0,0,1,1,1,Month-to-month,1,1,5,76.15,1992.95,No,0,32,1903.7500000000002,1903.7500000000002,Don't know
1,94062,Female,0,0,0,52,0,0,DSL,1,1,0,1,0,0,Two year,0,0,3,39.1,1982.1,No,0,52,2033.2,2033.2,Don't know
1,94063,Male,1,0,0,8,1,0,Fiber optic,0,0,0,0,0,0,Month-to-month,1,1,1,69.95,562.7,No,0,47,559.6,559.6,Don't know
1,94065,Male,0,0,0,2,1,0,No,0,0,0,0,0,0,Month-to-month,0,0,1,20.05,33.7,No,0,59,40.1,40.1,Don't know
1,94066,Female,0,1,1,56,1,0,No,0,0,0,0,0,0,Two year,0,0,1,20.05,1090.1,No,0,59,1122.8,1122.8,Don't know
1,94070,Female,0,0,0,12,1,0,No,0,0,0,0,0,0,Month-to-month,0,1,1,19.45,227.45,No,0,76,233.39999999999998,233.39999999999998,Don't know
1,94074,Female,0,1,0,47,1,1,No,0,0,0,0,0,0,One year,0,0,2,26.9,1250.85,No,0,47,1264.3,1264.3,Don't know
1,94080,Male,1,0,0,2,1,0,No,0,0,0,0,0,0,Month-to-month,0,0,1,19.2,37.2,No,0,24,38.4,38.4,Don't know
1,94086,Female,0,0,0,18,1,0,DSL,0,0,1,0,0,0,Month-to-month,1,0,2,50.0,892.7,No,0,49,900.0,900.0,Don't know
1,94087,Female,0,0,0,8,1,0,DSL,1,0,0,0,1,0,Month-to-month,1,0,3,60.0,487.75,No,0,29,480.0,480.0,Don't know
1,94089,Male,0,1,0,45,1,1,Fiber optic,1,0,1,0,0,0,Month-to-month,1,0,4,84.55,3713.95,No,0,44,3804.75,3804.75,Don't know
1,94102,Male,0,0,0,3,1,0,DSL,0,0,0,0,0,0,Month-to-month,0,0,1,45.45,141.7,No,0,72,136.35000000000002,136.35000000000002,Don't know
1,94103,Female,0,0,0,38,1,0,No,0,0,0,0,0,0,One year,0,0,1,20.05,678.2,No,0,27,761.9,761.9,Don't know
1,94104,Male,0,1,0,72,1,1,Fiber optic,1,1,1,1,1,1,Two year,1,0,8,115.55,8425.3,No,0,58,8319.6,8319.6,Don't know
1,94107,Female,0,1,1,71,1,1,Fiber optic,1,1,1,0,1,0,Two year,1,1,6,99.0,7061.65,No,0,74,7029.0,7029.0,Don't know
1,94108,Male,0,1,1,66,0,0,DSL,0,0,0,1,1,1,Two year,0,1,3,50.55,3364.55,No,0,30,3336.2999999999997,3336.2999999999997,Don't know
1,94111,Female,0,1,1,13,1,1,No,0,0,0,0,0,0,Two year,1,1,2,25.0,332.5,No,0,21,325.0,325.0,Don't know
1,94112,Female,0,1,1,65,1,1,DSL,1,1,1,1,1,1,Two year,0,1,8,91.55,5963.95,No,0,26,5950.75,5950.75,Don't know
1,94115,Male,0,1,1,15,1,0,No,0,0,0,0,0,0,Two year,0,0,1,19.35,278.85,No,0,54,290.25,290.25,Don't know
1,94116,Female,0,1,0,72,1,1,No,0,0,0,0,0,0,Two year,0,1,2,24.85,1871.85,No,0,78,1789.2,1789.2,Don't know
1,94118,Female,0,1,1,42,1,0,Fiber optic,0,0,1,1,1,1,Two year,1,0,5,100.4,4303.65,No,0,76,4216.8,4216.8,Don't know
1,94121,Female,0,1,0,71,1,1,No,0,0,0,0,0,0,Two year,0,1,2,25.0,1753,No,0,79,1775.0,1775.0,Don't know
1,94124,Female,0,0,0,35,1,0,No,0,0,0,0,0,0,Month-to-month,0,1,1,19.25,617.65,No,0,67,673.75,673.75,Don't know
1,94127,Female,0,1,1,53,1,0,Fiber optic,0,1,1,1,1,1,Month-to-month,1,1,6,108.25,5935.1,No,0,73,5737.25,5737.25,Don't know
1,94131,Male,0,0,0,48,1,0,No,0,0,0,0,0,0,Two year,0,1,1,20.15,982.95,No,0,43,967.1999999999999,967.1999999999999,Don't know
1,94132,Female,1,0,1,30,1,1,Fiber optic,0,0,0,1,1,1,Month-to-month,1,0,5,101.3,2974.5,No,0,34,3039.0,3039.0,Don't know
1,94133,Male,0,0,0,10,1,0,No,0,0,0,0,0,0,Month-to-month,0,1,1,20.0,198.7,No,0,66,200.0,200.0,Don't know
1,94134,Female,0,0,1,12,1,1,Fiber optic,0,1,1,0,1,1,Month-to-month,1,0,6,105.3,1275.65,No,0,72,1263.6,1263.6,Don't know
1,94301,Female,1,0,0,57,1,0,DSL,1,0,1,1,1,0,Two year,0,1,5,69.85,4003,No,0,72,3981.45,3981.45,Don't know
1,94303,Female,0,1,0,58,1,0,DSL,1,1,0,0,1,0,Month-to-month,1,1,4,65.25,3791.6,No,0,64,3784.5,3784.5,Don't know
1,94304,Female,0,0,0,37,1,0,No,0,0,0,0,0,0,Two year,0,0,1,19.8,813.3,No,0,61,732.6,732.6,Don't know
1,94305,Female,0,1,1,44,1,0,No,0,0,0,0,0,0,Month-to-month,0,0,1,19.6,780.25,No,0,36,862.4000000000001,862.4000000000001,Don't know
1,94306,Male,0,0,1,27,1,0,No,0,0,0,0,0,0,One year,0,1,1,20.05,552.9,No,0,65,541.35,541.35,Don't know
1,94401,Female,0,0,0,8,1,0,DSL,0,0,0,1,0,0,Month-to-month,0,0,2,49.4,408.25,No,0,48,395.2,395.2,Don't know
1,94403,Female,1,1,0,25,1,0,Fiber optic,0,1,1,0,0,1,Month-to-month,0,1,4,88.4,2191.15,No,0,51,2210.0,2210.0,Don't know
1,94404,Female,0,1,1,57,1,1,Fiber optic,0,1,0,0,1,1,Month-to-month,1,0,5,100.6,5611.7,No,0,48,5734.2,5734.2,Don't know
1,94501,Female,0,0,0,12,1,0,No,0,0,0,0,0,0,Month-to-month,0,0,1,19.45,246.25,No,0,33,233.39999999999998,233.39999999999998,Don't know
1,94502,Female,0,1,1,62,1,0,No,0,0,0,0,0,0,Two year,0,1,1,20.3,1296.15,No,0,56,1258.6000000000001,1258.6000000000001,Don't know
1,94506,Female,0,1,0,65,1,1,Fiber optic,0,1,1,1,1,1,Two year,1,1,7,107.65,7082.85,No,0,25,6997.25,6997.25,Don't know
1,94507,Female,0,1,0,71,1,1,DSL,0,0,1,1,1,1,Two year,1,1,6,80.45,5662.25,No,0,75,5711.95,5711.95,Don't know
1,94508,Female,0,1,1,21,1,0,DSL,0,1,0,0,1,0,One year,1,1,3,58.85,1215.45,No,0,25,1235.8500000000001,1235.8500000000001,Don't know
1,94509,Male,0,1,0,71,1,1,Fiber optic,1,1,1,0,1,1,One year,1,0,7,109.6,7854.15,No,0,22,7781.599999999999,7781.599999999999,Don't know
1,94510,Female,0,0,0,7,1,0,Fiber optic,0,0,1,0,0,0,Month-to-month,1,0,2,75.15,525,No,0,50,526.0500000000001,526.0500000000001,Don't know
1,94511,Female,0,0,0,72,1,0,DSL,1,1,1,1,0,1,Two year,1,1,6,73.0,5265.2,No,0,80,5256.0,5256.0,Don't know
1,94512,Female,0,0,0,1,1,0,Fiber optic,0,0,0,0,0,0,Month-to-month,0,0,1,70.1,70.1,No,0,74,70.1,70.1,Don't know
1,94513,Female,0,1,1,72,1,1,Fiber optic,0,1,1,1,0,1,Two year,1,1,6,98.65,7129.45,No,0,78,7102.8,7102.8,Don't know
1,94514,Female,0,1,1,64,1,1,Fiber optic,0,1,1,1,1,1,One year,1,0,7,111.45,7266.95,No,0,74,7132.8,7132.8,Don't know
1,94515,Female,0,0,0,72,1,1,Fiber optic,1,1,1,1,1,1,Two year,1,0,8,114.9,8496.7,No,0,69,8272.800000000001,8272.800000000001,Don't know
1,94517,Female,0,0,0,29,1,1,Fiber optic,0,0,1,0,1,1,Month-to-month,0,1,5,100.55,2878.75,No,0,53,2915.95,2915.95,Don't know
1,94518,Female,0,0,0,13,1,0,No,0,0,0,0,0,0,Two year,1,0,1,20.4,261.3,No,0,76,265.2,265.2,Don't know
1,94519,Female,0,0,0,31,1,1,Fiber optic,1,1,0,0,1,1,Month-to-month,0,0,6,104.35,3205.6,No,0,78,3234.85,3234.85,Don't know
1,94530,Female,0,1,1,14,1,1,DSL,0,1,0,1,1,1,Month-to-month,0,1,6,80.45,1137.05,No,0,26,1126.3,1126.3,Don't know
1,94536,Female,0,0,0,72,1,1,DSL,1,1,1,1,1,1,Two year,1,1,8,91.35,6697.2,No,0,52,6577.2,6577.2,Don't know
1,94541,Male,0,1,1,25,1,0,No,0,0,0,0,0,0,One year,0,0,1,19.9,505.45,No,0,76,497.49999999999994,497.49999999999994,Don't know
1,94544,Male,0,0,0,18,1,0,DSL,1,0,1,1,1,0,Month-to-month,1,0,5,68.35,1299.8,No,0,47,1230.3,1230.3,Don't know
1,94545,Male,0,1,0,71,1,0,DSL,0,1,1,1,1,1,Two year,1,1,6,79.1,5564.85,No,0,29,5616.099999999999,5616.099999999999,Don't know
1,94546,Male,1,1,1,28,1,1,DSL,0,0,0,0,0,0,One year,1,0,2,51.0,1381.8,No,0,44,1428.0,1428.0,Don't know
1,94547,Female,0,0,1,2,1,1,Fiber optic,1,0,0,0,0,0,Month-to-month,0,1,3,80.55,188.1,No,0,40,161.1,161.1,Don't know
1,94549,Male,0,1,1,17,1,1,DSL,0,1,1,1,0,0,Month-to-month,1,0,5,66.7,1077.05,No,0,46,1133.9,1133.9,Don't know
1,94550,Male,0,0,0,56,1,1,Fiber optic,1,1,0,0,0,0,Month-to-month,1,0,4,86.4,4922.4,No,0,64,4838.400000000001,4838.400000000001,Don't know
1,94552,Female,0,1,0,60,0,0,DSL,1,1,1,0,0,1,One year,0,0,4,50.05,2911.5,No,0,65,3003.0,3003.0,Don't know
1,94553,Female,0,0,0,33,1,1,No,0,0,0,0,0,0,Two year,0,1,2,25.7,826.1,No,0,39,848.1,848.1,Don't know
1,94555,Female,0,0,0,1,1,0,Fiber optic,1,1,0,1,0,0,Month-to-month,1,0,4,83.4,83.4,No,0,26,83.4,83.4,Don't know
1,94558,Male,0,1,0,63,1,1,Fiber optic,1,0,0,1,0,0,Two year,1,1,4,84.65,5377.8,No,0,49,5332.950000000001,5332.950000000001,Don't know
1,94560,Female,0,0,0,55,1,0,DSL,0,1,1,0,0,1,Two year,1,0,4,64.75,3617.1,No,0,36,3561.25,3561.25,Don't know
1,94561,Female,0,1,0,65,1,1,Fiber optic,1,1,0,1,1,0,One year,1,1,6,100.15,6643.5,No,0,72,6509.75,6509.75,Don't know
1,94564,Male,0,0,0,63,1,1,No,0,0,0,0,0,0,Two year,0,0,2,25.25,1559.3,No,0,79,1590.75,1590.75,Don't know
1,94565,Female,1,1,0,70,1,1,Fiber optic,1,1,1,1,1,1,Two year,1,1,8,113.0,7987.6,No,0,47,7910.0,7910.0,Don't know
1,94566,Female,0,1,1,36,0,0,DSL,1,0,1,1,0,0,Two year,0,1,3,40.65,1547.35,No,0,44,1463.3999999999999,1463.3999999999999,Don't know
1,94569,Male,0,0,0,22,1,0,Fiber optic,0,1,1,1,0,1,Month-to-month,1,1,5,94.95,2142.8,No,0,28,2088.9,2088.9,Don't know
1,94571,Female,1,0,0,5,1,0,DSL,1,1,0,1,0,0,Month-to-month,0,1,4,59.9,287.85,No,0,35,299.5,299.5,Don't know
1,94577,Female,0,0,0,1,1,0,No,0,0,0,0,0,0,Month-to-month,0,1,1,19.8,19.8,No,0,22,19.8,19.8,Don't know
1,94578,Male,0,0,0,56,1,0,DSL,0,1,1,1,1,1,Two year,1,1,6,81.8,4534.45,No,0,75,4580.8,4580.8,Don't know
1,94579,Female,0,0,0,2,1,0,No,0,0,0,0,0,0,Month-to-month,1,0,1,20.0,40.9,No,0,39,40.0,40.0,Don't know
1,94580,Male,0,0,0,35,1,1,DSL,1,0,1,0,0,0,Month-to-month,1,0,4,59.6,2094.9,No,0,27,2086.0,2086.0,Don't know
1,94583,Female,0,1,0,64,1,1,No,0,0,0,0,0,0,Two year,0,1,2,25.0,1584.8,No,0,61,1600.0,1600.0,Don't know
1,94585,Female,0,0,0,15,1,1,Fiber optic,1,0,1,0,0,0,Month-to-month,1,1,4,84.35,1302.65,No,0,35,1265.25,1265.25,Don't know
1,94587,Male,0,0,0,1,1,0,DSL,0,0,0,0,0,1,Month-to-month,0,0,2,55.55,55.55,No,0,35,55.55,55.55,Don't know
1,94588,Female,0,1,1,70,1,0,DSL,1,0,0,1,1,1,Two year,0,1,5,75.35,5437.75,No,0,64,5274.5,5274.5,Don't know
1,94591,Female,0,0,0,39,1,0,DSL,0,0,0,1,0,1,One year,0,0,3,59.3,2209.15,No,0,42,2312.7,2312.7,Don't know
1,94592,Female,0,0,0,29,1,1,DSL,1,0,0,0,0,1,Month-to-month,1,0,4,66.1,1912.15,No,0,72,1916.8999999999999,1916.8999999999999,Don't know
1,94595,Female,0,1,1,14,1,0,No,0,0,0,0,0,0,Two year,0,0,1,18.8,255.55,No,0,28,263.2,263.2,Don't know
1,94596,Female,0,0,0,61,1,1,DSL,1,0,1,1,1,1,Two year,0,1,7,86.45,5175.3,No,0,74,5273.45,5273.45,Don't know
1,94598,Male,0,0,1,13,1,0,DSL,1,0,0,0,0,0,Month-to-month,1,1,2,52.1,670.65,No,0,34,677.3000000000001,677.3000000000001,Don't know
1,94599,Female,0,0,0,66,0,0,DSL,1,1,1,1,0,0,Two year,1,0,4,47.4,3177.25,No,0,27,3128.4,3128.4,Don't know
1,94602,Female,0,1,0,59,1,1,Fiber optic,1,1,1,0,1,1,One year,1,1,7,109.15,6557.75,No,0,67,6439.85,6439.85,Don't know
1,94603,Male,0,1,1,62,1,1,Fiber optic,1,1,0,0,1,0,One year,1,1,5,94.95,5791.85,No,0,27,5886.900000000001,5886.900000000001,Don't know
1,94605,Male,1,1,0,33,1,0,Fiber optic,1,1,0,1,0,1,One year,1,0,5,93.55,3055.5,No,0,21,3087.15,3087.15,Don't know
1,94606,Male,0,0,1,66,1,0,DSL,0,1,1,1,1,1,Two year,1,1,6,79.5,5196.1,No,0,66,5247.0,5247.0,Don't know
1,94607,Female,0,0,0,72,1,1,Fiber optic,1,1,1,1,1,1,Two year,0,1,8,115.05,8405,No,0,46,8283.6,8283.6,Don't know
1,94610,Female,0,1,1,51,1,1,Fiber optic,1,0,0,1,1,0,One year,1,0,5,95.15,5000.05,No,0,21,4852.650000000001,4852.650000000001,Don't know
1,94611,Male,0,0,0,63,1,1,Fiber optic,0,1,0,1,1,1,Month-to-month,0,0,6,105.4,6713.2,No,0,66,6640.200000000001,6640.200000000001,Don't know
1,94612,Male,0,0,0,27,1,0,No,0,0,0,0,0,0,One year,0,1,1,20.1,562.6,No,0,28,542.7,542.7,Don't know
1,94619,Female,1,0,0,4,1,0,No,0,0,0,0,0,0,Month-to-month,0,0,1,20.05,91.45,No,0,20,80.2,80.2,Don't know
1,94621,Male,0,1,1,42,1,0,No,0,0,0,0,0,0,Two year,0,0,1,20.7,828.85,No,0,76,869.4,869.4,Don't know
1,94702,Female,0,0,0,29,1,0,No,0,0,0,0,0,0,One year,0,0,1,20.35,617.35,No,0,66,590.1500000000001,590.1500000000001,Don't know
1,94704,Male,0,0,0,30,1,0,No,0,0,0,0,0,0,One year,0,0,1,19.7,625.05,No,0,59,591.0,591.0,Don't know
1,94706,Male,0,1,1,71,1,0,DSL,1,1,1,1,1,1,Two year,0,1,7,85.45,6029.9,No,0,44,6066.95,6066.95,Don't know
1,94707,Male,0,1,0,46,0,0,DSL,1,0,1,1,0,0,Two year,0,1,3,40.4,1842.7,No,0,44,1858.3999999999999,1858.3999999999999,Don't know
1,94710,Male,0,0,0,69,1,1,Fiber optic,0,1,0,1,1,1,One year,1,1,6,105.2,7386.05,No,0,47,7258.8,7258.8,Don't know
1,94801,Female,0,1,0,72,1,1,Fiber optic,1,1,1,0,1,0,Two year,0,1,6,100.65,7334.05,No,0,20,7246.8,7246.8,Don't know
1,94804,Male,0,0,0,28,1,0,Fiber optic,0,0,1,1,0,1,Month-to-month,0,0,4,91.0,2626.15,No,0,66,2548.0,2548.0,Don't know
1,94806,Female,1,1,0,72,1,1,Fiber optic,1,1,1,1,1,1,Two year,1,1,8,116.75,8277.05,No,0,68,8406.0,8406.0,Don't know
1,94903,Female,0,0,0,7,1,0,DSL,1,0,0,0,0,1,One year,1,0,3,59.1,369.25,No,0,29,413.7,413.7,Don't know
1,94904,Female,0,0,0,22,1,0,DSL,1,0,0,0,0,0,Month-to-month,1,0,2,49.8,1049.05,No,0,29,1095.6,1095.6,Don't know
1,94920,Male,0,0,0,72,1,0,No,0,0,0,0,0,0,Two year,0,1,1,19.3,1414.8,No,0,42,1389.6000000000001,1389.6000000000001,Don't know
1,94922,Male,0,1,1,8,1,0,No,0,0,0,0,0,0,Month-to-month,0,1,1,19.65,169.75,No,0,38,157.2,157.2,Don't know
1,94923,Male,0,1,0,52,1,1,DSL,1,1,1,1,0,1,One year,1,1,7,81.4,4354.45,No,0,64,4232.8,4232.8,Don't know
1,94924,Female,0,0,0,68,0,0,DSL,1,0,1,1,0,0,Two year,0,0,3,38.9,2719.2,No,0,45,2645.2,2645.2,Don't know
1,94925,Female,0,1,0,71,1,1,DSL,1,1,1,1,1,1,Two year,0,1,8,87.95,6365.35,No,0,71,6244.45,6244.45,Don't know
1,94928,Male,0,0,0,2,1,0,No,0,0,0,0,0,0,Month-to-month,0,0,1,19.85,51.6,No,0,64,39.7,39.7,Don't know
1,94929,Female,1,0,0,34,1,1,Fiber optic,0,1,0,1,1,0,Month-to-month,1,0,5,96.35,3190.25,No,0,32,3275.8999999999996,3275.8999999999996,Don't know
1,94930,Female,0,0,0,35,0,0,DSL,0,0,0,0,0,0,Month-to-month,0,0,0,24.15,812.5,No,0,75,845.25,845.25,Don't know
1,94931,Female,0,1,1,61,1,0,No,0,0,0,0,0,0,One year,0,1,1,19.1,1143.8,No,0,57,1165.1000000000001,1165.1000000000001,Don't know
1,94933,Male,0,0,0,1,1,0,DSL,0,0,0,0,0,0,Month-to-month,0,0,1,44.0,44,No,0,61,44.0,44.0,Don't know
1,94938,Female,0,1,1,53,1,0,DSL,0,0,1,0,0,1,One year,0,1,3,60.6,3297,No,0,38,3211.8,3211.8,Don't know
1,94939,Female,0,1,0,72,1,1,No,0,0,0,0,0,0,Two year,0,1,2,25.65,1887,No,0,22,1846.8,1846.8,Don't know
1,94946,Male,1,1,0,41,0,0,DSL,0,1,1,0,1,1,Month-to-month,1,0,4,53.95,2215.4,No,0,46,2211.9500000000003,2211.9500000000003,Don't know
1,94947,Female,0,1,0,24,1,0,No,0,0,0,0,0,0,One year,0,1,1,20.4,482.8,No,0,79,489.59999999999997,489.59999999999997,Don't know
1,94950,Male,0,0,0,8,0,0,DSL,1,0,0,0,0,0,Month-to-month,0,0,1,29.35,216.45,No,0,59,234.8,234.8,Don't know
1,94951,Male,0,0,0,1,1,0,No,0,0,0,0,0,0,Month-to-month,1,0,1,20.45,20.45,No,0,80,20.45,20.45,Don't know
1,94952,Female,0,0,0,54,1,1,Fiber optic,0,0,1,1,0,1,Two year,1,1,5,95.1,5064.85,No,0,67,5135.4,5135.4,Don't know
1,94954,Male,0,0,0,41,1,1,No,0,0,0,0,0,0,Month-to-month,1,1,2,25.25,996.45,No,0,40,1035.25,1035.25,Don't know
1,94956,Female,0,1,0,19,1,0,DSL,0,0,0,0,0,0,Month-to-month,0,0,1,44.9,839.65,No,0,76,853.1,853.1,Don't know
1,94960,Female,0,1,1,72,1,1,DSL,1,1,1,1,1,1,Two year,0,1,8,92.65,6733,No,0,75,6670.8,6670.8,Don't know
1,94963,Male,0,0,0,62,0,0,DSL,1,1,1,1,0,0,Two year,1,1,4,43.7,2618.3,No,0,58,2709.4,2709.4,Don't know
1,94964,Female,1,1,1,56,1,0,DSL,1,0,0,1,1,1,Two year,1,1,5,72.6,4084.35,No,0,79,4065.5999999999995,4065.5999999999995,Don't know
1,94971,Male,0,1,1,32,1,0,No,0,0,0,0,0,0,Two year,0,0,1,18.95,613.95,No,0,49,606.4,606.4,Don't know
1,94972,Male,0,0,0,21,1,0,No,0,0,0,0,0,0,Month-to-month,0,1,1,20.5,402.85,No,0,75,430.5,430.5,Don't know
1,94973,Male,0,1,1,62,1,0,No,0,0,0,0,0,0,One year,0,1,1,19.95,1244.8,No,0,32,1236.8999999999999,1236.8999999999999,Don't know
1,95002,Female,0,0,0,2,0,0,DSL,0,0,0,0,0,0,Month-to-month,0,0,0,24.5,46.4,No,0,54,49.0,49.0,Don't know
1,95003,Male,0,0,1,27,1,0,No,0,0,0,0,0,0,Two year,0,0,1,20.6,581.85,No,0,56,556.2,556.2,Don't know
1,95005,Female,0,0,0,25,0,0,DSL,1,1,1,0,1,1,One year,0,0,5,61.05,1540.2,No,0,76,1526.25,1526.25,Don't know
1,95007,Male,0,0,0,49,1,1,Fiber optic,0,1,0,1,1,1,One year,1,1,6,106.65,5168.1,No,0,27,5225.85,5225.85,Don't know
1,95008,Female,0,0,0,63,1,1,Fiber optic,1,1,1,0,1,1,Month-to-month,0,1,7,108.25,6780.1,No,0,39,6819.75,6819.75,Don't know
1,95010,Female,0,0,1,4,1,0,No,0,0,0,0,0,0,Month-to-month,0,1,1,20.4,94.5,No,0,65,81.6,81.6,Don't know
1,95012,Female,0,1,0,1,1,0,DSL,0,0,0,0,1,0,Month-to-month,1,0,2,55.3,55.3,No,0,37,55.3,55.3,Don't know
1,95014,Male,0,0,0,11,1,0,No,0,0,0,0,0,0,Month-to-month,0,0,1,20.25,208,No,0,33,222.75,222.75,Don't know
1,95017,Male,1,0,0,52,1,1,Fiber optic,0,0,0,0,0,0,Month-to-month,1,1,2,72.95,3829.75,No,0,72,3793.4,3793.4,Don't know
1,95018,Female,1,1,0,60,1,1,Fiber optic,0,1,0,0,0,1,Month-to-month,0,0,4,89.45,5294.6,No,0,44,5367.0,5367.0,Don't know
1,95019,Male,0,0,0,64,1,1,Fiber optic,0,0,1,1,1,1,One year,1,1,6,104.65,6889.8,No,0,80,6697.6,6697.6,Don't know
1,95020,Female,0,1,1,43,1,0,DSL,1,0,1,0,1,1,Two year,0,1,5,75.2,3254.35,No,0,23,3233.6,3233.6,Don't know
1,95023,Female,0,1,0,61,1,1,Fiber optic,0,0,0,1,1,1,One year,0,1,5,101.15,6383.9,No,0,79,6170.150000000001,6170.150000000001,Don't know
1,95033,Male,0,0,0,66,1,1,DSL,1,1,1,1,0,0,Two year,0,1,6,68.75,4447.55,No,0,60,4537.5,4537.5,Don't know
1,95035,Male,0,1,0,67,1,0,Fiber optic,1,1,1,1,1,1,Two year,1,0,7,111.05,7321.05,No,0,67,7440.349999999999,7440.349999999999,Don't know
1,95037,Female,0,1,0,42,1,0,Fiber optic,0,0,1,1,1,1,Two year,1,1,5,99.0,4135,No,0,76,4158.0,4158.0,Don't know
1,95041,Female,0,1,1,31,1,0,No,0,0,0,0,0,0,Two year,0,0,1,21.0,697.7,No,0,24,651.0,651.0,Don't know
1,95043,Male,0,0,0,7,1,0,No,0,0,0,0,0,0,Month-to-month,1,0,1,19.4,168.65,No,0,56,135.79999999999998,135.79999999999998,Don't know
1,95046,Male,0,1,1,34,1,1,DSL,0,0,1,0,1,1,One year,0,1,5,77.2,2753.8,No,0,58,2624.8,2624.8,Don't know
1,95050,Male,0,0,0,3,1,0,No,0,0,0,0,0,0,One year,1,0,1,19.45,69.25,No,0,32,58.349999999999994,58.349999999999994,Don't know
1,95051,Female,0,1,1,19,0,0,DSL,0,0,0,0,0,0,Month-to-month,1,0,0,24.85,434.8,No,0,39,472.15000000000003,472.15000000000003,Don't know
1,95062,Male,0,0,0,3,0,0,DSL,1,0,1,1,0,0,Month-to-month,0,0,3,41.35,107.25,No,0,46,124.05000000000001,124.05000000000001,Don't know
1,95064,Male,0,1,0,46,1,0,No,0,0,0,0,0,0,Month-to-month,0,0,1,19.6,851.2,No,0,59,901.6,901.6,Don't know
1,95066,Female,0,1,1,69,1,1,Fiber optic,1,0,1,0,0,0,One year,0,1,4,84.45,5848.6,No,0,49,5827.05,5827.05,Don't know
1,95070,Male,0,0,0,5,1,0,No,0,0,0,0,0,0,Month-to-month,0,0,1,20.25,109.8,No,0,44,101.25,101.25,Don't know
1,95073,Male,0,0,0,1,1,0,No,0,0,0,0,0,0,Month-to-month,0,1,1,19.65,19.65,No,0,79,19.65,19.65,Don't know
1,95076,Male,0,0,0,26,1,0,No,0,0,0,0,0,0,One year,1,1,1,20.65,595.5,No,0,79,536.9,536.9,Don't know
1,95111,Male,0,0,0,25,1,0,Fiber optic,0,0,1,1,1,1,Two year,0,1,5,99.3,2513.5,No,0,23,2482.5,2482.5,Don't know
1,95112,Male,0,1,1,64,1,0,Fiber optic,1,1,0,0,0,0,Month-to-month,0,0,3,81.05,5135.35,No,0,48,5187.2,5187.2,Don't know
1,95113,Male,0,1,1,30,1,1,DSL,1,1,1,1,0,0,Month-to-month,0,0,6,67.6,2000.2,No,0,33,2027.9999999999998,2027.9999999999998,Don't know
1,95116,Male,0,0,0,13,1,0,Fiber optic,0,0,0,0,0,0,Month-to-month,1,0,1,70.15,931.75,No,0,30,911.95,911.95,Don't know
1,95117,Female,0,1,0,64,1,1,Fiber optic,1,1,1,1,1,1,One year,1,0,8,115.0,7396.15,No,0,45,7360.0,7360.0,Don't know
1,95118,Female,0,0,1,46,1,1,Fiber optic,0,0,1,1,0,0,Month-to-month,1,1,4,84.8,3958.85,No,0,39,3900.7999999999997,3900.7999999999997,Don't know
1,95119,Female,0,0,0,12,1,0,No,0,0,0,0,0,0,One year,0,0,1,19.7,260.9,No,0,62,236.39999999999998,236.39999999999998,Don't know
1,95122,Female,0,1,1,13,1,0,DSL,1,0,1,0,0,1,Month-to-month,1,0,4,63.15,816.8,No,0,46,820.9499999999999,820.9499999999999,Don't know
1,95123,Female,0,1,1,67,1,1,DSL,1,1,0,1,1,0,Two year,0,1,6,74.0,4868.4,No,0,35,4958.0,4958.0,Don't know
1,95124,Male,0,1,0,24,0,0,DSL,0,0,1,0,0,0,Month-to-month,0,0,1,29.1,688,No,0,33,698.4000000000001,698.4000000000001,Don't know
1,95125,Male,0,0,0,6,1,0,DSL,0,0,0,1,0,0,Month-to-month,0,0,2,50.05,288.35,No,0,34,300.29999999999995,300.29999999999995,Don't know
1,95128,Male,0,0,0,10,1,0,No,0,0,0,0,0,0,Month-to-month,0,0,1,20.0,185.4,No,0,63,200.0,200.0,Don't know
1,95129,Female,0,0,0,13,1,0,Fiber optic,0,1,0,0,0,0,One year,1,0,2,74.65,966.25,No,0,40,970.45,970.45,Don't know
1,95132,Male,1,0,0,7,0,0,DSL,0,1,0,1,0,1,Month-to-month,1,0,3,44.4,265.8,No,0,77,310.8,310.8,Don't know
1,95133,Male,0,1,1,38,1,1,DSL,1,0,1,1,1,1,Two year,1,1,7,85.4,3297,No,0,51,3245.2000000000003,3245.2000000000003,Don't know
1,95134,Female,0,1,0,43,1,1,Fiber optic,1,1,0,0,0,1,Month-to-month,1,0,5,94.1,4107.3,No,0,71,4046.2999999999997,4046.2999999999997,Don't know
1,95136,Female,0,0,0,25,1,1,Fiber optic,0,1,1,1,1,1,Two year,0,0,7,108.9,2809.05,No,0,80,2722.5,2722.5,Don't know
1,95138,Male,0,0,1,27,1,0,DSL,1,1,0,0,0,0,One year,0,0,3,56.2,1567.55,No,0,42,1517.4,1517.4,Don't know
1,95139,Male,0,1,1,72,1,1,No,0,0,0,0,0,0,Two year,0,0,2,26.1,1851.45,No,0,41,1879.2,1879.2,Don't know
1,95140,Male,0,0,1,71,1,1,Fiber optic,1,1,0,0,0,0,One year,1,1,4,85.45,6028.95,No,0,48,6066.95,6066.95,Don't know
1,95148,Female,0,0,0,24,1,1,Fiber optic,0,0,1,0,1,0,Month-to-month,1,1,4,88.95,2072.75,No,0,37,2134.8,2134.8,Don't know
1,95203,Male,0,0,0,57,1,0,DSL,1,0,1,0,1,1,Two year,1,1,5,74.35,4317.35,No,0,71,4237.95,4237.95,Don't know
1,95204,Female,0,0,0,15,1,0,DSL,0,1,0,0,0,0,Month-to-month,0,0,2,48.85,736.8,No,0,62,732.75,732.75,Don't know
1,95205,Male,0,0,0,4,1,1,Fiber optic,1,0,0,0,0,0,Month-to-month,1,0,3,80.1,336.15,No,0,67,320.4,320.4,Don't know
1,95206,Female,0,0,0,28,1,0,DSL,1,1,0,0,0,0,Month-to-month,0,0,3,56.05,1522.65,No,0,47,1569.3999999999999,1569.3999999999999,Don't know
1,95209,Female,0,1,0,55,1,1,Fiber optic,1,0,0,0,1,0,Month-to-month,1,1,4,89.8,4959.6,No,0,42,4939.0,4939.0,Don't know
1,95215,Male,0,0,1,55,1,0,No,0,0,0,0,0,0,One year,0,1,1,19.1,1001.5,No,0,66,1050.5,1050.5,Don't know
1,95219,Female,0,1,1,20,1,0,No,0,0,0,0,0,0,Month-to-month,0,0,1,20.35,442.6,No,0,49,407.0,407.0,Don't know
1,95220,Female,0,1,1,62,1,1,Fiber optic,0,1,0,1,1,1,One year,1,1,6,106.05,6703.5,No,0,69,6575.099999999999,6575.099999999999,Don't know
1,95223,Female,0,0,0,43,1,0,No,0,0,0,0,0,0,Two year,1,1,1,19.65,779.25,No,0,41,844.9499999999999,844.9499999999999,Don't know
1,95225,Female,0,1,0,60,1,0,DSL,1,1,0,1,0,0,Two year,0,1,4,59.85,3483.45,No,0,54,3591.0,3591.0,Don't know
1,95226,Male,0,1,0,58,1,1,DSL,1,1,1,0,1,1,Two year,1,0,7,86.1,4890.5,No,0,33,4993.799999999999,4993.799999999999,Don't know
1,95227,Male,0,0,1,7,1,0,No,0,0,0,0,0,0,One year,0,0,1,19.45,136.75,No,0,29,136.15,136.15,Don't know
1,95228,Male,0,1,1,2,1,0,Fiber optic,1,0,0,0,1,1,Month-to-month,0,0,4,97.1,184.15,No,0,43,194.2,194.2,Don't know
1,95230,Male,1,0,0,37,0,0,DSL,0,1,1,0,0,0,Month-to-month,0,0,2,36.65,1315,No,0,72,1356.05,1356.05,Don't know
1,95231,Female,1,1,1,65,1,1,Fiber optic,0,0,1,1,1,1,One year,1,1,6,103.9,6767.1,No,0,75,6753.5,6753.5,Don't know
1,95232,Female,0,1,1,39,1,0,No,0,0,0,0,0,0,Two year,0,0,1,19.75,757.95,No,0,61,770.25,770.25,Don't know
1,95236,Male,0,0,0,68,1,1,No,0,0,0,0,0,0,Two year,0,0,2,24.55,1657.4,No,0,31,1669.4,1669.4,Don't know
1,95237,Female,0,1,1,62,0,0,DSL,1,1,0,1,1,0,Two year,0,1,4,48.7,3008.55,No,0,26,3019.4,3019.4,Don't know
1,95242,Female,0,1,0,72,1,1,Fiber optic,1,1,1,0,1,1,Two year,1,0,7,109.55,8165.1,No,0,53,7887.599999999999,7887.599999999999,Don't know
1,95245,Female,0,1,0,41,1,0,No,0,0,0,0,0,0,Two year,0,1,1,20.65,875.55,No,0,79,846.65,846.65,Don't know
1,95247,Female,0,0,0,4,1,0,DSL,1,1,0,0,0,0,Month-to-month,0,0,3,55.2,220.65,No,0,74,220.8,220.8,Don't know
1,95249,Male,0,0,0,53,1,1,No,0,0,0,0,0,0,One year,0,1,2,24.05,1301.9,No,0,20,1274.65,1274.65,Don't know
1,95252,Male,0,1,0,39,1,0,No,0,0,0,0,0,0,Two year,1,1,1,20.45,790,No,0,80,797.55,797.55,Don't know
1,95254,Male,0,1,0,63,1,0,No,0,0,0,0,0,0,Two year,0,0,1,19.25,1237.65,No,0,20,1212.75,1212.75,Don't know
1,95255,Male,0,0,0,15,1,1,No,0,0,0,0,0,0,Month-to-month,1,0,2,26.35,378.6,No,0,73,395.25,395.25,Don't know
1,95257,Female,0,1,0,13,1,0,DSL,0,0,0,0,0,0,One year,0,0,1,43.8,592.65,No,0,40,569.4,569.4,Don't know
1,95258,Male,0,0,0,1,1,0,DSL,0,1,0,0,0,0,Month-to-month,1,0,2,50.15,50.15,No,0,50,50.15,50.15,Don't know
1,95301,Male,0,0,0,1,1,0,No,0,0,0,0,0,0,Two year,0,0,1,20.45,20.45,No,0,27,20.45,20.45,Don't know
1,95305,Male,0,0,0,60,1,0,DSL,1,1,1,0,0,0,Two year,0,0,4,61.4,3638.25,No,0,40,3684.0,3684.0,Don't know
1,95307,Male,0,1,0,40,1,1,DSL,0,1,0,1,1,0,One year,0,1,5,70.75,2921.75,No,0,32,2830.0,2830.0,Don't know
1,95310,Female,0,0,0,66,1,0,DSL,1,1,1,0,0,0,Two year,1,1,4,61.15,4017.45,No,0,66,4035.9,4035.9,Don't know
1,95311,Male,0,1,1,42,1,0,No,0,0,0,0,0,0,One year,0,0,1,20.25,854.9,No,0,64,850.5,850.5,Don't know
1,95312,Female,1,0,0,66,1,1,DSL,1,1,0,1,0,0,One year,1,1,5,63.85,4174.35,No,0,80,4214.1,4214.1,Don't know
1,95313,Male,0,0,0,49,1,1,Fiber optic,0,1,0,0,1,1,Month-to-month,0,0,5,98.7,4920.55,No,0,79,4836.3,4836.3,Don't know
1,95316,Female,0,0,0,41,1,0,No,0,0,0,0,0,0,Two year,0,0,1,20.0,810.3,No,0,21,820.0,820.0,Don't know
1,95317,Female,0,1,1,41,1,0,No,0,0,0,0,0,0,Two year,0,1,1,19.3,772.4,No,0,40,791.3000000000001,791.3000000000001,Don't know
1,95318,Female,0,1,1,23,1,0,Fiber optic,1,1,0,1,0,0,Month-to-month,0,0,4,84.4,1936.85,No,0,54,1941.2,1941.2,Don't know
1,95320,Male,0,0,0,3,0,0,DSL,0,0,0,0,0,0,Month-to-month,0,0,0,25.1,79.8,No,0,58,75.30000000000001,75.30000000000001,Don't know
1,95321,Female,0,0,0,4,0,0,DSL,1,0,1,1,0,1,Month-to-month,0,0,4,48.25,202.25,No,0,30,193.0,193.0,Don't know
1,95322,Female,0,1,1,52,1,0,No,0,0,0,0,0,0,Two year,0,0,1,19.85,1070.5,No,0,43,1032.2,1032.2,Don't know
1,95324,Female,0,0,0,11,1,0,Fiber optic,0,1,1,1,0,1,Month-to-month,1,0,5,94.2,999.9,No,0,52,1036.2,1036.2,Don't know
1,95325,Female,0,1,0,2,1,0,DSL,1,0,0,0,0,1,Month-to-month,1,0,3,62.15,113.1,No,0,34,124.3,124.3,Don't know
1,95326,Female,0,1,0,26,1,1,Fiber optic,0,1,0,0,0,0,Month-to-month,0,1,3,79.3,2015.8,No,0,54,2061.7999999999997,2061.7999999999997,Don't know
1,95327,Male,0,1,1,24,1,0,DSL,1,0,1,0,0,0,One year,1,1,3,56.25,1454.25,No,0,52,1350.0,1350.0,Don't know
1,95328,Female,0,0,0,12,1,0,No,0,0,0,0,0,0,Month-to-month,0,0,1,20.3,246.7,No,0,27,243.60000000000002,243.60000000000002,Don't know
1,95329,Male,1,1,0,60,1,1,Fiber optic,0,0,0,1,1,1,Month-to-month,1,0,5,99.0,6017.9,No,0,40,5940.0,5940.0,Don't know
1,95330,Female,0,1,1,64,1,1,DSL,1,1,1,1,1,1,Two year,1,0,8,90.6,5817.45,No,0,43,5798.4,5798.4,Don't know
1,95333,Male,0,1,0,66,1,0,DSL,1,1,1,1,1,1,Two year,1,1,7,85.9,5595.3,No,0,24,5669.400000000001,5669.400000000001,Don't know
1,95334,Female,0,0,0,60,1,1,Fiber optic,0,0,1,0,0,0,One year,1,1,3,79.2,4765,No,0,49,4752.0,4752.0,Don't know
1,95335,Male,0,1,1,17,1,1,DSL,1,0,1,0,1,0,One year,1,1,5,70.35,1201.65,No,0,35,1195.9499999999998,1195.9499999999998,Don't know
1,95336,Male,0,1,1,42,1,0,No,0,0,0,0,0,0,Two year,0,0,1,19.35,867.3,No,0,21,812.7,812.7,Don't know
1,95337,Male,0,0,0,1,1,1,DSL,0,0,0,0,0,0,Month-to-month,1,0,2,50.15,50.15,No,0,80,50.15,50.15,Don't know
1,95338,Female,0,1,1,47,1,0,DSL,0,1,0,1,0,1,Two year,0,1,4,63.8,3007.25,No,0,45,2998.6,2998.6,Don't know
1,95340,Female,0,1,0,10,1,0,No,0,0,0,0,0,0,Month-to-month,1,0,1,20.55,252.75,No,0,71,205.5,205.5,Don't know
1,95345,Male,1,1,0,70,1,1,DSL,1,1,1,1,1,1,Two year,1,1,8,88.55,6306.5,No,0,37,6198.5,6198.5,Don't know
1,95346,Male,1,0,0,67,1,1,Fiber optic,0,0,1,0,1,1,Month-to-month,1,1,5,101.4,6841.05,No,0,28,6793.8,6793.8,Don't know
1,95351,Male,0,0,0,1,1,0,DSL,0,0,0,0,0,0,Month-to-month,0,0,1,44.6,44.6,No,0,77,44.6,44.6,Don't know
1,95354,Male,0,0,0,4,1,0,DSL,0,1,0,1,1,0,Month-to-month,1,1,4,63.75,226.2,No,0,59,255.0,255.0,Don't know
1,95355,Female,0,1,1,66,1,1,Fiber optic,1,1,1,0,1,1,Two year,0,1,7,109.25,7082.5,No,0,28,7210.5,7210.5,Don't know
1,95356,Female,0,0,0,12,1,0,Fiber optic,0,1,0,0,0,1,Month-to-month,1,0,3,84.6,1017.35,No,0,75,1015.1999999999999,1015.1999999999999,Don't know
1,95357,Female,0,0,0,24,1,0,No,0,0,0,0,0,0,One year,0,1,1,20.45,527.35,No,0,20,490.79999999999995,490.79999999999995,Don't know
1,95358,Male,0,0,0,26,1,0,Fiber optic,0,1,0,0,1,0,Month-to-month,1,0,3,85.75,2146.5,No,0,64,2229.5,2229.5,Don't know
1,95361,Male,0,1,0,57,1,1,Fiber optic,0,0,1,1,1,1,Two year,0,0,6,107.95,5969.85,No,0,24,6153.150000000001,6153.150000000001,Don't know
1,95364,Female,0,1,1,42,1,1,No,0,0,0,0,0,0,Two year,0,0,2,22.95,1014.25,No,0,24,963.9,963.9,Don't know
1,95366,Female,0,1,0,64,1,0,No,0,0,0,0,0,0,Two year,0,1,1,19.45,1225.65,No,0,78,1244.8,1244.8,Don't know
1,95368,Male,0,0,0,19,1,0,No,0,0,0,0,0,0,One year,1,1,1,19.7,386.5,No,0,41,374.3,374.3,Don't know
1,95370,Male,0,1,0,22,1,0,Fiber optic,0,0,1,0,1,0,Month-to-month,1,1,3,87.0,1850.65,No,0,49,1914.0,1914.0,Don't know
1,95374,Male,0,0,0,12,1,0,Fiber optic,0,0,0,0,0,1,Month-to-month,1,1,2,79.95,1043.4,No,0,71,959.4000000000001,959.4000000000001,Don't know
1,95376,Female,0,1,0,31,1,0,DSL,1,0,0,1,0,1,One year,1,0,4,64.0,1910.75,No,0,24,1984.0,1984.0,Don't know
1,95379,Female,0,0,0,11,1,0,DSL,0,0,0,0,1,1,Month-to-month,1,0,3,64.9,716.1,No,0,80,713.9000000000001,713.9000000000001,Don't know
1,95380,Male,0,1,1,68,1,1,No,0,0,0,0,0,0,Two year,0,0,2,25.75,1686.15,No,0,26,1751.0,1751.0,Don't know
1,95382,Female,1,1,1,72,1,1,DSL,1,1,1,1,1,1,Two year,1,1,8,90.15,6716.45,No,0,49,6490.8,6490.8,Don't know
1,95383,Male,1,0,0,67,1,1,Fiber optic,1,1,1,1,1,1,Two year,1,1,8,116.1,7839.85,No,0,60,7778.7,7778.7,Don't know
1,95385,Female,0,0,0,60,1,0,Fiber optic,1,0,1,1,1,1,Month-to-month,1,1,6,104.95,6236.75,No,0,62,6297.0,6297.0,Don't know
1,95388,Male,0,1,1,58,0,0,DSL,1,1,1,0,1,0,One year,0,0,4,50.0,2919.85,No,0,45,2900.0,2900.0,Don't know
1,95403,Male,0,0,0,1,1,0,No,0,0,0,0,0,0,Month-to-month,0,0,1,20.45,20.45,No,0,51,20.45,20.45,Don't know
1,95407,Female,0,1,0,37,1,0,No,0,0,0,0,0,0,One year,1,1,1,19.85,717.5,No,0,20,734.45,734.45,Don't know
1,95409,Male,0,0,0,13,1,0,No,0,0,0,0,0,0,One year,1,0,1,19.95,253.8,No,0,24,259.34999999999997,259.34999999999997,Don't know
1,95410,Male,0,0,0,43,1,1,No,0,0,0,0,0,0,Two year,0,1,2,26.45,1110.05,No,0,51,1137.35,1137.35,Don't know
1,95412,Female,0,0,0,6,0,0,DSL,1,1,1,1,1,1,Two year,1,0,6,63.4,348.8,No,0,48,380.4,380.4,Don't know
1,95415,Male,0,0,0,71,0,0,DSL,1,1,1,1,1,0,Two year,0,1,5,53.95,3888.65,No,0,76,3830.4500000000003,3830.4500000000003,Don't know
1,95420,Female,0,1,1,72,1,1,Fiber optic,1,1,0,0,1,0,Two year,1,0,5,95.1,6843.15,No,0,25,6847.2,6847.2,Don't know
1,95421,Female,1,0,0,6,1,0,Fiber optic,1,0,0,0,0,0,Month-to-month,1,0,2,74.1,450.9,No,0,79,444.59999999999997,444.59999999999997,Don't know
1,95422,Male,0,1,1,12,0,0,DSL,0,1,0,1,0,0,Month-to-month,0,0,2,35.5,432.25,No,0,75,426.0,426.0,Don't know
1,95425,Female,0,1,0,21,1,0,Fiber optic,0,0,1,1,0,0,One year,0,0,3,79.2,1742.45,No,0,24,1663.2,1663.2,Don't know
1,95426,Female,0,1,1,6,1,0,DSL,0,0,0,1,0,0,Month-to-month,1,0,2,48.8,297.35,No,0,45,292.79999999999995,292.79999999999995,Don't know
1,95429,Female,0,0,0,43,1,0,DSL,0,1,0,1,0,0,One year,0,0,3,55.45,2444.25,No,0,48,2384.35,2384.35,Don't know
1,95430,Female,0,1,1,35,1,1,No,0,0,0,0,0,0,Two year,1,1,2,25.4,949.8,No,0,38,889.0,889.0,Don't know
1,95432,Male,1,1,0,32,1,1,Fiber optic,0,1,1,0,0,1,Month-to-month,1,0,5,93.5,2970.8,No,0,77,2992.0,2992.0,Don't know
1,95436,Male,0,0,0,52,0,0,DSL,1,1,1,1,1,1,Two year,0,1,6,63.9,3334.95,No,0,36,3322.7999999999997,3322.7999999999997,Don't know
1,95437,Male,0,0,0,32,1,0,DSL,0,0,0,0,1,1,One year,1,1,3,64.85,2010.95,No,0,29,2075.2,2075.2,Don't know
1,95439,Female,0,1,1,72,0,0,DSL,1,1,1,1,1,1,Two year,1,1,6,63.8,4684.3,No,0,32,4593.599999999999,4593.599999999999,Don't know
1,95441,Male,0,0,0,51,0,0,DSL,1,0,0,1,0,1,Month-to-month,1,1,3,44.45,2181.55,No,0,62,2266.9500000000003,2266.9500000000003,Don't know
1,95442,Male,0,1,1,68,1,0,No,0,0,0,0,0,0,Two year,1,1,1,19.95,1303.25,No,0,70,1356.6,1356.6,Don't know
1,95443,Male,1,1,0,8,0,0,DSL,0,1,1,0,0,1,Month-to-month,1,0,3,43.35,371.4,No,0,68,346.8,346.8,Don't know
1,95444,Male,0,1,0,49,0,0,DSL,0,1,0,0,1,1,Two year,0,1,3,49.65,2409.9,No,0,29,2432.85,2432.85,Don't know
1,95445,Female,0,1,0,72,1,0,DSL,1,1,1,1,1,1,Two year,0,0,7,85.1,6155.4,No,0,39,6127.2,6127.2,Don't know
1,95449,Male,0,0,0,54,1,0,Fiber optic,1,0,1,0,1,0,Month-to-month,0,0,4,89.8,4667,No,0,67,4849.2,4849.2,Don't know
1,95451,Female,0,1,1,50,1,0,Fiber optic,0,0,1,1,1,1,One year,0,0,5,103.05,5153.5,No,0,72,5152.5,5152.5,Don't know
1,95452,Female,0,1,0,69,1,1,Fiber optic,1,1,1,1,1,1,Two year,1,0,8,116.0,8182.85,No,0,37,8004.0,8004.0,Don't know
1,95453,Male,0,0,0,1,1,0,Fiber optic,0,0,0,0,0,0,Month-to-month,1,0,1,69.9,69.9,No,0,26,69.9,69.9,Don't know
1,95454,Male,0,1,1,68,1,0,Fiber optic,1,1,0,1,0,1,Two year,0,1,5,95.1,6683.4,No,0,38,6466.799999999999,6466.799999999999,Don't know
1,95456,Male,0,0,1,40,0,0,DSL,1,1,0,1,0,0,One year,0,0,3,40.25,1564.05,No,0,30,1610.0,1610.0,Don't know
1,95457,Male,0,1,1,31,1,1,No,0,0,0,0,0,0,Two year,0,0,2,25.75,755.6,No,0,32,798.25,798.25,Don't know
1,95458,Female,1,0,1,33,1,1,Fiber optic,0,1,1,0,1,1,Month-to-month,1,1,6,105.35,3465.05,No,0,58,3476.5499999999997,3476.5499999999997,Don't know
1,95459,Male,1,1,0,55,1,1,Fiber optic,0,1,1,1,1,1,Two year,1,0,7,113.6,6292.7,No,0,56,6248.0,6248.0,Don't know
1,95460,Male,0,1,1,68,1,1,No,0,0,0,0,0,0,Two year,1,1,2,24.0,1664.3,No,0,57,1632.0,1632.0,Don't know
1,95461,Female,0,1,1,12,1,0,No,0,0,0,0,0,0,Month-to-month,0,1,1,19.4,198.1,No,0,29,232.79999999999998,232.79999999999998,Don't know
1,95462,Male,0,1,0,71,1,0,DSL,1,1,1,1,1,1,Two year,1,1,7,86.1,6045.9,No,0,52,6113.099999999999,6113.099999999999,Don't know
1,95463,Male,0,0,0,40,1,1,Fiber optic,0,1,1,0,1,1,Month-to-month,1,0,6,102.65,4108.15,No,0,52,4106.0,4106.0,Don't know
1,95464,Female,0,1,1,64,1,1,Fiber optic,0,1,1,0,0,1,One year,1,0,5,92.85,5980.75,No,0,58,5942.4,5942.4,Don't know
1,95465,Male,0,1,0,53,1,1,Fiber optic,0,1,0,1,0,1,One year,0,1,5,97.75,5043.2,No,0,41,5180.75,5180.75,Don't know
1,95469,Male,0,1,0,72,1,1,Fiber optic,1,1,1,0,1,0,Two year,1,1,6,97.95,7114.25,No,0,22,7052.400000000001,7052.400000000001,Don't know
1,95470,Male,0,0,0,46,1,0,No,0,0,0,0,0,0,Two year,0,0,1,19.95,907.05,No,0,55,917.6999999999999,917.6999999999999,Don't know
1,95471,Male,0,0,0,40,1,1,No,0,0,0,0,0,0,Two year,1,0,2,24.6,973.95,No,0,65,984.0,984.0,Don't know
1,95472,Male,0,0,0,12,0,0,DSL,1,1,0,1,1,0,Month-to-month,1,1,4,50.95,605.75,No,0,73,611.4000000000001,611.4000000000001,Don't know
1,95476,Male,0,0,0,9,1,0,Fiber optic,1,0,0,0,0,0,Month-to-month,0,0,2,75.6,661.55,No,0,30,680.4,680.4,Don't know
1,95482,Female,0,1,1,51,1,1,Fiber optic,0,0,0,1,0,0,Month-to-month,1,0,3,80.75,4116.9,No,0,36,4118.25,4118.25,Don't know
1,95485,Male,0,1,1,49,1,0,Fiber optic,0,1,1,0,1,0,Month-to-month,1,1,4,90.4,4494.65,No,0,72,4429.6,4429.6,Don't know
1,95490,Female,0,0,0,56,1,0,DSL,1,0,1,1,0,0,One year,1,1,4,60.25,3282.75,No,0,40,3374.0,3374.0,Don't know
1,95492,Male,0,0,0,4,1,0,No,0,0,0,0,0,0,Month-to-month,1,0,1,20.2,55.7,No,0,45,80.8,80.8,Don't know
1,95493,Male,0,1,0,20,1,0,DSL,1,0,0,1,0,1,One year,1,0,4,64.15,1274.45,No,0,61,1283.0,1283.0,Don't know
1,95494,Female,0,1,1,26,1,0,No,0,0,0,0,0,0,Month-to-month,1,1,1,20.25,493.95,No,0,43,526.5,526.5,Don't know
1,95511,Male,0,0,0,51,1,0,Fiber optic,0,1,1,0,1,1,Month-to-month,1,0,5,99.0,5038.15,No,0,78,5049.0,5049.0,Don't know
1,95514,Female,0,0,0,4,1,1,Fiber optic,0,1,0,0,0,0,Month-to-month,1,0,3,80.3,324.2,No,0,70,321.2,321.2,Don't know
1,95519,Female,0,0,0,1,1,0,No,0,0,0,0,0,0,Month-to-month,0,1,1,19.55,19.55,No,0,38,19.55,19.55,Don't know
1,95521,Male,0,1,1,27,1,1,Fiber optic,1,1,0,1,1,0,Month-to-month,0,0,6,100.75,2793.55,No,0,31,2720.25,2720.25,Don't know
1,95525,Male,0,0,0,12,1,0,DSL,0,1,0,1,0,0,Month-to-month,1,0,3,53.75,648.65,No,0,28,645.0,645.0,Don't know
1,95527,Female,0,1,1,34,1,1,No,0,0,0,0,0,0,One year,1,1,2,25.6,917.15,No,0,43,870.4000000000001,870.4000000000001,Don't know
1,95528,Male,0,1,0,24,1,1,DSL,1,0,0,1,0,0,One year,1,0,4,58.35,1346.9,No,0,45,1400.4,1400.4,Don't know
1,95536,Female,1,0,0,14,0,0,DSL,0,0,0,0,1,1,Month-to-month,1,0,2,46.35,672.7,No,0,44,648.9,648.9,Don't know
1,95537,Male,0,1,0,59,1,1,Fiber optic,1,1,1,1,1,1,Two year,0,0,8,113.75,6561.25,No,0,23,6711.25,6711.25,Don't know
1,95540,Male,0,0,0,3,1,0,Fiber optic,0,1,1,0,0,1,Month-to-month,0,0,4,90.4,268.45,No,0,61,271.20000000000005,271.20000000000005,Don't know
1,95542,Female,0,1,1,65,1,1,Fiber optic,1,0,1,1,1,1,Two year,0,0,7,109.3,7337.55,No,0,51,7104.5,7104.5,Don't know
1,95545,Female,0,1,1,59,1,1,DSL,1,1,1,1,1,1,Two year,0,1,8,90.3,5194.05,No,0,53,5327.7,5327.7,Don't know
1,95546,Male,0,1,1,72,0,0,DSL,1,1,1,1,1,1,Two year,1,1,6,65.25,4478.85,No,0,67,4698.0,4698.0,Don't know
1,95549,Male,0,0,0,3,1,0,DSL,0,0,0,1,0,1,Month-to-month,0,0,3,60.65,196.9,No,0,22,181.95,181.95,Don't know
1,95550,Male,0,0,1,19,1,1,No,0,0,0,0,0,0,Month-to-month,1,1,2,24.1,439.2,No,0,35,457.90000000000003,457.90000000000003,Don't know
1,95551,Male,0,0,0,1,1,0,No,0,0,0,0,0,0,Month-to-month,1,0,1,19.5,19.5,No,0,21,19.5,19.5,Don't know
1,95552,Male,0,0,0,24,1,0,Fiber optic,0,1,1,1,0,0,Month-to-month,1,0,4,85.95,2107.15,No,0,52,2062.8,2062.8,Don't know
1,95553,Male,1,0,0,57,1,0,DSL,0,0,1,1,0,0,One year,1,0,3,53.5,3035.8,No,0,58,3049.5,3049.5,Don't know
1,95554,Female,0,0,0,72,1,1,No,0,0,0,0,0,0,Two year,0,1,2,25.45,1866.45,No,0,42,1832.3999999999999,1832.3999999999999,Don't know
1,95555,Male,0,0,0,67,1,0,No,0,0,0,0,0,0,Two year,0,1,1,20.5,1430.95,No,0,45,1373.5,1373.5,Don't know
1,95556,Male,0,1,1,52,1,0,No,0,0,0,0,0,0,One year,1,1,1,20.85,1071.6,No,0,56,1084.2,1084.2,Don't know
1,95558,Male,0,1,1,71,1,1,DSL,1,1,1,1,1,1,Two year,0,1,8,89.9,6457.15,No,0,57,6382.900000000001,6382.900000000001,Don't know
1,95559,Female,0,1,0,26,1,1,No,0,0,0,0,0,0,One year,0,0,2,26.0,684.05,No,0,20,676.0,676.0,Don't know
1,95560,Female,0,0,0,35,1,1,Fiber optic,1,1,1,1,1,1,Two year,1,0,8,113.2,3914.05,No,0,76,3962.0,3962.0,Don't know
1,95562,Female,0,1,1,55,1,0,Fiber optic,0,0,0,0,0,0,Two year,1,1,1,69.05,3842.6,No,0,67,3797.75,3797.75,Don't know
1,95563,Female,0,1,1,33,1,0,No,0,0,0,0,0,0,Two year,0,0,1,20.1,670.35,No,0,25,663.3000000000001,663.3000000000001,Don't know
1,95564,Male,0,1,0,72,1,1,Fiber optic,1,1,1,0,1,1,Two year,1,0,7,109.65,7880.25,No,0,25,7894.8,7894.8,Don't know
1,95565,Male,0,0,1,1,1,0,No,0,0,0,0,0,0,Month-to-month,1,0,1,19.2,19.2,No,0,76,19.2,19.2,Don't know
1,95568,Female,1,1,0,37,1,0,Fiber optic,0,0,1,1,1,0,Month-to-month,0,0,4,90.0,3371.75,No,0,62,3330.0,3330.0,Don't know
1,95569,Male,0,0,0,12,0,0,DSL,0,1,0,1,0,0,Month-to-month,0,0,2,34.0,442.45,No,0,39,408.0,408.0,Don't know
1,95570,Male,0,1,1,1,1,0,No,0,0,0,0,0,0,One year,0,0,1,20.4,20.4,No,0,54,20.4,20.4,Don't know
1,95571,Male,0,1,0,62,0,0,DSL,1,1,0,1,0,0,Two year,1,1,3,38.6,2345.55,No,0,45,2393.2000000000003,2393.2000000000003,Don't know
1,95573,Female,0,0,0,1,0,0,DSL,0,0,0,0,0,0,Month-to-month,0,1,0,25.25,25.25,No,0,28,25.25,25.25,Don't know
1,95585,Female,0,0,0,18,1,1,DSL,1,0,1,0,0,0,Month-to-month,1,0,4,60.6,1156.35,No,0,74,1090.8,1090.8,Don't know
1,95589,Male,0,0,0,2,1,0,Fiber optic,0,1,0,0,0,0,Month-to-month,1,0,2,74.75,144.8,No,0,34,149.5,149.5,Don't know
1,95595,Male,0,1,1,19,1,0,No,0,0,0,0,0,0,Month-to-month,0,0,1,20.6,414.95,No,0,32,391.40000000000003,391.40000000000003,Don't know
1,95602,Male,0,0,0,9,1,0,No,0,0,0,0,0,0,Month-to-month,0,0,1,20.4,181.8,No,0,21,183.6,183.6,Don't know
1,95603,Male,0,0,0,27,1,0,DSL,1,0,1,1,1,1,One year,0,0,6,81.7,2212.55,No,0,39,2205.9,2205.9,Don't know
1,95607,Female,1,0,0,24,1,0,No,0,0,0,0,0,0,Month-to-month,1,0,1,20.3,459.95,No,0,71,487.20000000000005,487.20000000000005,Don't know
1,95612,Female,0,0,0,11,1,0,No,0,0,0,0,0,0,One year,0,0,1,20.0,211.95,No,0,53,220.0,220.0,Don't know
1,95614,Male,0,0,0,1,1,1,No,0,0,0,0,0,0,Month-to-month,1,0,2,25.0,25,No,0,53,25.0,25.0,Don't know
1,95615,Male,1,0,1,38,1,1,Fiber optic,1,0,0,0,0,0,Month-to-month,1,0,3,80.45,3162.65,No,0,41,3057.1,3057.1,Don't know
1,95616,Female,0,1,1,9,1,0,No,0,0,0,0,0,0,Two year,0,0,1,19.75,210.65,No,0,24,177.75,177.75,Don't know
1,95618,Male,0,1,1,54,1,1,DSL,1,1,0,1,0,0,Two year,1,1,5,65.65,3566.7,No,0,49,3545.1000000000004,3545.1000000000004,Don't know
1,95619,Female,0,0,0,29,1,1,DSL,0,0,0,0,1,1,One year,1,1,4,71.0,2080.1,No,0,32,2059.0,2059.0,Don't know
1,95620,Male,1,1,0,44,1,1,Fiber optic,0,0,1,0,1,0,Month-to-month,1,0,4,89.2,4040.2,No,0,36,3924.8,3924.8,Don't know
1,95621,Male,0,1,1,59,1,0,DSL,1,1,1,1,1,1,Two year,1,0,7,86.75,5186,No,0,21,5118.25,5118.25,Don't know
1,95624,Female,0,1,1,18,1,0,DSL,1,1,0,1,0,0,One year,1,0,4,61.5,1087.45,No,0,67,1107.0,1107.0,Don't know
1,95625,Male,1,0,0,67,1,1,No,0,0,0,0,0,0,Two year,0,1,2,25.1,1672.15,No,0,26,1681.7,1681.7,Don't know
1,95627,Male,0,0,1,33,0,0,DSL,1,0,0,1,0,0,One year,0,1,2,34.05,1113.95,No,0,73,1123.6499999999999,1123.6499999999999,Don't know
1,95628,Male,0,0,0,5,1,0,No,0,0,0,0,0,0,Month-to-month,0,0,1,19.95,107.05,No,0,20,99.75,99.75,Don't know
1,95629,Female,0,0,0,2,1,0,No,0,0,0,0,0,0,Month-to-month,0,0,1,19.95,38.15,No,0,40,39.9,39.9,Don't know
1,95630,Male,0,1,1,72,1,1,DSL,1,1,1,1,1,1,Two year,0,1,8,89.7,6339.3,No,0,50,6458.400000000001,6458.400000000001,Don't know
1,95631,Male,0,0,1,9,1,0,No,0,0,0,0,0,0,Month-to-month,0,0,1,20.4,184.1,No,0,67,183.6,183.6,Don't know
1,95632,Male,0,1,1,67,1,1,No,0,0,0,0,0,0,Two year,0,0,2,26.3,1688.9,No,0,52,1762.1000000000001,1762.1000000000001,Don't know
1,95634,Female,0,0,0,8,1,0,No,0,0,0,0,0,0,Month-to-month,1,0,1,20.7,137.6,No,0,49,165.6,165.6,Don't know
1,95639,Male,0,0,0,17,1,0,No,0,0,0,0,0,0,Two year,0,1,1,19.45,369.05,No,0,29,330.65,330.65,Don't know
1,95640,Female,0,1,0,68,1,1,Fiber optic,1,1,1,0,1,1,Two year,1,1,7,110.8,7553.6,No,0,67,7534.4,7534.4,Don't know
1,95642,Female,1,1,0,25,1,0,Fiber optic,0,0,0,0,0,0,Month-to-month,1,0,1,69.3,1813.1,No,0,50,1732.5,1732.5,Don't know
1,95645,Male,0,0,0,67,0,0,DSL,1,0,1,1,1,0,One year,1,1,4,49.35,3321.35,No,0,33,3306.4500000000003,3306.4500000000003,Don't know
1,95646,Male,0,0,0,32,1,0,No,0,0,0,0,0,0,One year,0,1,1,20.35,707.5,No,0,40,651.2,651.2,Don't know
1,95648,Female,1,1,0,67,1,1,Fiber optic,1,1,0,0,1,1,One year,1,0,6,105.6,7112.15,No,0,45,7075.2,7075.2,Don't know
1,95650,Male,1,1,0,72,0,0,DSL,1,1,1,1,1,1,Two year,1,1,6,64.45,4641.1,No,0,68,4640.400000000001,4640.400000000001,Don't know
1,95653,Male,0,0,1,1,1,0,DSL,0,1,0,0,0,0,Month-to-month,1,0,2,49.9,49.9,No,0,39,49.9,49.9,Don't know
1,95660,Female,0,1,0,48,1,0,DSL,0,1,1,0,0,1,One year,1,0,4,65.65,3094.65,No,0,67,3151.2000000000003,3151.2000000000003,Don't know
1,95661,Female,0,1,0,61,1,1,Fiber optic,0,0,1,1,1,1,One year,1,1,6,103.3,6518.35,No,0,27,6301.3,6301.3,Don't know
1,95663,Female,0,0,0,2,1,0,DSL,0,0,0,0,0,0,Month-to-month,0,0,1,44.45,82.7,No,0,26,88.9,88.9,Don't know
1,95666,Female,0,1,1,71,1,1,DSL,1,1,1,1,1,1,Two year,0,1,8,89.9,6342.7,No,0,54,6382.900000000001,6382.900000000001,Don't know
1,95667,Male,0,1,0,37,1,1,DSL,1,0,0,0,0,0,Month-to-month,1,0,3,55.05,2030.75,No,0,26,2036.85,2036.85,Don't know
1,95668,Male,0,1,1,65,1,1,Fiber optic,0,0,1,1,1,1,Two year,1,1,6,104.1,6700.05,No,0,25,6766.5,6766.5,Don't know
1,95669,Female,0,0,1,67,1,1,Fiber optic,0,1,0,1,1,1,One year,1,1,6,106.6,7244.7,No,0,65,7142.2,7142.2,Don't know
1,95672,Male,0,1,1,50,1,1,DSL,1,0,0,1,1,0,Two year,1,1,5,70.5,3486.65,No,0,60,3525.0,3525.0,Don't know
1,95673,Male,0,1,1,25,1,0,No,0,0,0,0,0,0,One year,0,0,1,19.6,411.15,No,0,51,490.00000000000006,490.00000000000006,Don't know
1,95675,Female,0,1,1,64,1,1,No,0,0,0,0,0,0,Two year,1,0,2,24.05,1559.15,No,0,55,1539.2,1539.2,Don't know
1,95677,Male,0,1,0,25,0,0,DSL,0,0,1,0,1,0,One year,1,1,2,38.1,970.4,No,0,72,952.5,952.5,Don't know
1,95681,Male,1,1,0,24,0,0,DSL,0,0,1,1,0,0,Month-to-month,0,0,2,34.25,828.2,No,0,63,822.0,822.0,Don't know
1,95682,Female,0,0,0,37,1,1,Fiber optic,0,0,1,0,1,1,Month-to-month,1,0,5,100.05,3810.55,No,0,52,3701.85,3701.85,Don't know
1,95683,Female,0,0,0,21,1,0,Fiber optic,0,0,0,0,0,0,Month-to-month,1,0,1,68.65,1493.2,No,0,21,1441.65,1441.65,Don't know
1,95684,Male,0,0,0,1,1,0,DSL,0,0,0,0,0,0,Month-to-month,1,0,1,45.8,45.8,No,0,30,45.8,45.8,Don't know
1,95685,Female,0,0,0,10,1,1,Fiber optic,0,0,0,0,0,0,Month-to-month,1,0,2,75.75,777.3,No,0,52,757.5,757.5,Don't know
1,95687,Male,0,1,0,51,1,1,Fiber optic,1,1,0,0,0,1,One year,1,1,5,96.4,4911.05,No,0,26,4916.400000000001,4916.400000000001,Don't know
1,95688,Female,0,0,0,10,1,0,No,0,0,0,0,0,0,Month-to-month,1,0,1,20.55,187.35,No,0,43,205.5,205.5,Don't know
1,95689,Female,0,0,0,6,0,0,DSL,1,1,0,1,0,1,Month-to-month,0,1,4,50.95,307.6,No,0,79,305.70000000000005,305.70000000000005,Don't know
1,95690,Male,0,1,1,47,1,1,DSL,1,1,1,1,1,1,Two year,1,0,8,90.5,4318.35,No,0,30,4253.5,4253.5,Don't know
1,95691,Female,0,1,1,61,1,1,DSL,1,1,1,1,0,1,One year,1,0,7,79.4,4820.55,No,0,74,4843.400000000001,4843.400000000001,Don't know
1,95692,Female,0,0,0,52,0,0,DSL,1,1,1,0,1,1,Two year,1,1,5,58.75,3038.55,No,0,21,3055.0,3055.0,Don't know
1,95693,Female,0,1,1,35,1,1,DSL,1,1,0,0,0,0,Month-to-month,1,1,4,59.45,2136.9,No,0,49,2080.75,2080.75,Don't know
1,95694,Male,0,1,0,71,1,1,Fiber optic,0,1,1,0,1,1,One year,1,1,6,105.7,7472.15,No,0,20,7504.7,7504.7,Don't know
1,95701,Male,0,1,0,45,1,0,DSL,1,0,1,0,0,0,Two year,0,1,3,53.3,2296.25,No,0,79,2398.5,2398.5,Don't know
1,95713,Male,0,0,0,2,0,0,DSL,0,0,0,0,0,0,Month-to-month,0,0,0,24.3,38.45,No,0,77,48.6,48.6,Don't know
1,95715,Male,0,0,0,51,1,1,DSL,1,0,0,1,0,0,One year,0,1,4,59.9,3043.6,No,0,42,3054.9,3054.9,Don't know
1,95717,Male,0,1,1,60,1,1,No,0,0,0,0,0,0,One year,0,1,2,23.95,1506.4,No,0,71,1437.0,1437.0,Don't know
1,95720,Male,0,0,0,9,1,0,No,0,0,0,0,0,0,One year,1,0,1,20.15,163.7,No,0,70,181.35,181.35,Don't know
1,95722,Male,0,0,0,17,1,1,Fiber optic,0,0,1,1,0,1,Month-to-month,1,1,5,95.65,1640,No,0,49,1626.0500000000002,1626.0500000000002,Don't know
1,95728,Male,0,1,1,46,1,0,DSL,1,0,1,1,1,1,Two year,0,0,6,81.0,3846.35,No,0,57,3726.0,3726.0,Don't know
1,95735,Female,0,0,0,68,1,0,DSL,1,1,1,1,1,1,Two year,1,1,7,82.45,5646.6,No,0,70,5606.6,5606.6,Don't know
1,95742,Female,0,1,0,4,1,0,No,0,0,0,0,0,0,One year,0,1,1,20.5,79.05,No,0,80,82.0,82.0,Don't know
1,95747,Male,0,0,1,28,1,0,DSL,0,1,0,1,0,0,One year,1,1,3,54.4,1516.6,No,0,74,1523.2,1523.2,Don't know
1,95758,Female,0,0,0,39,1,0,DSL,0,1,0,0,1,0,One year,1,1,3,58.6,2224.5,No,0,46,2285.4,2285.4,Don't know
1,95762,Male,0,0,0,11,1,0,Fiber optic,0,0,1,0,0,1,Month-to-month,0,0,3,84.8,888.75,No,0,60,932.8,932.8,Don't know
1,95765,Female,0,1,0,71,0,0,DSL,0,1,1,1,1,1,Two year,1,1,5,61.4,4310.35,No,0,37,4359.4,4359.4,Don't know
1,95776,Male,0,0,1,2,1,0,No,0,0,0,0,0,0,Month-to-month,0,0,1,20.4,42.9,No,0,77,40.8,40.8,Don't know
1,95815,Female,0,0,0,17,1,0,No,0,0,0,0,0,0,One year,0,0,1,20.15,353.65,No,0,48,342.54999999999995,342.54999999999995,Don't know
1,95816,Female,0,1,0,55,1,1,Fiber optic,0,1,1,0,1,0,Month-to-month,1,1,5,94.45,5073.1,No,0,55,5194.75,5194.75,Don't know
1,95817,Female,0,0,0,58,1,1,Fiber optic,1,0,0,0,0,0,Month-to-month,1,1,3,79.8,4526.85,No,0,78,4628.4,4628.4,Don't know
1,95820,Male,1,0,0,9,1,1,Fiber optic,0,0,0,0,0,0,Month-to-month,1,0,2,74.05,678.45,No,0,51,666.4499999999999,666.4499999999999,Don't know
1,95821,Male,0,0,0,26,1,0,DSL,0,0,0,1,0,0,Month-to-month,0,1,2,49.15,1237.3,No,0,54,1277.8999999999999,1277.8999999999999,Don't know
1,95822,Female,0,0,0,50,1,0,No,0,0,0,0,0,0,Two year,0,1,1,19.4,1023.95,No,0,41,969.9999999999999,969.9999999999999,Don't know
1,95823,Female,0,1,0,72,1,1,Fiber optic,1,1,1,1,1,1,Two year,1,1,8,113.65,8182.75,No,0,38,8182.8,8182.8,Don't know
1,95824,Female,0,0,1,43,1,0,Fiber optic,1,1,0,1,1,1,One year,1,1,6,106.0,4532.3,No,0,76,4558.0,4558.0,Don't know
1,95825,Male,0,0,0,56,1,1,No,0,0,0,0,0,0,Two year,1,1,2,25.95,1444.05,No,0,40,1453.2,1453.2,Don't know
1,95826,Female,0,0,0,1,1,0,No,0,0,0,0,0,0,Month-to-month,0,0,1,19.1,19.1,No,0,26,19.1,19.1,Don't know
1,95828,Male,0,1,0,72,1,1,Fiber optic,1,1,0,1,0,1,Two year,1,1,6,100.55,7325.1,No,0,54,7239.599999999999,7239.599999999999,Don't know
1,95829,Male,0,1,0,36,1,1,Fiber optic,0,0,0,0,1,1,Month-to-month,1,0,4,95.4,3474.2,No,0,44,3434.4,3434.4,Don't know
1,95830,Male,0,0,0,5,1,0,DSL,0,0,1,1,1,1,Month-to-month,0,1,5,75.15,392.65,No,0,68,375.75,375.75,Don't know
1,95832,Female,1,0,0,44,1,0,Fiber optic,0,1,1,0,0,1,One year,0,1,4,89.15,3990.75,No,0,27,3922.6000000000004,3922.6000000000004,Don't know
1,95833,Female,1,1,1,70,1,1,Fiber optic,0,1,1,1,1,1,One year,1,0,7,107.9,7475.85,No,0,53,7553.0,7553.0,Don't know
1,95834,Male,0,0,0,44,1,0,No,0,0,0,0,0,0,One year,0,1,1,19.5,835.5,No,0,35,858.0,858.0,Don't know
1,95837,Female,0,1,0,69,1,1,No,0,0,0,0,0,0,Two year,1,1,2,24.95,1718.35,No,0,45,1721.55,1721.55,Don't know
1,95841,Male,1,1,1,68,1,0,No,0,0,0,0,0,0,One year,0,1,1,19.5,1193.55,No,0,51,1326.0,1326.0,Don't know
1,95842,Male,0,0,0,16,1,0,Fiber optic,0,0,0,0,0,0,Month-to-month,1,1,1,69.95,1205.5,No,0,54,1119.2,1119.2,Don't know
1,95843,Male,0,1,1,68,1,0,DSL,1,1,0,1,1,1,Two year,0,1,6,82.85,5776.45,No,0,42,5633.799999999999,5633.799999999999,Don't know
1,95864,Male,0,0,0,4,1,0,No,0,0,0,0,0,0,Month-to-month,0,0,1,19.0,78.9,No,0,55,76.0,76.0,Don't know
1,95901,Female,0,1,1,26,0,0,DSL,1,1,0,1,0,0,Month-to-month,0,1,3,38.85,1025.15,No,0,43,1010.1,1010.1,Don't know
1,95910,Male,0,0,1,5,1,0,No,0,0,0,0,0,0,Month-to-month,0,1,1,20.35,122,No,0,60,101.75,101.75,Don't know
1,95912,Male,0,1,0,70,1,1,Fiber optic,0,1,1,0,1,0,One year,1,1,5,95.0,6602.9,No,0,65,6650.0,6650.0,Don't know
1,95914,Male,0,1,0,24,1,0,DSL,1,0,0,1,1,1,One year,0,1,5,74.4,1712.9,No,0,68,1785.6000000000001,1785.6000000000001,Don't know
1,95916,Female,1,1,0,72,1,1,DSL,1,1,1,1,0,1,Two year,0,1,7,78.45,5682.25,No,0,71,5648.400000000001,5648.400000000001,Don't know
1,95917,Male,0,0,0,1,1,0,Fiber optic,0,0,0,1,0,0,Month-to-month,1,0,2,74.3,74.3,No,0,64,74.3,74.3,Don't know
1,95918,Male,0,1,0,70,0,0,DSL,0,1,1,1,0,1,One year,1,1,4,51.05,3635.15,No,0,69,3573.5,3573.5,Don't know
1,95919,Female,0,1,1,36,1,0,No,0,0,0,0,0,0,Month-to-month,0,1,1,19.2,702.9,No,0,79,691.1999999999999,691.1999999999999,Don't know
1,95923,Female,0,1,1,41,1,1,Fiber optic,0,1,1,1,1,1,One year,1,1,7,109.1,4454.25,No,0,77,4473.099999999999,4473.099999999999,Don't know
1,95928,Male,0,0,0,14,1,0,Fiber optic,0,0,1,0,0,0,Month-to-month,0,0,2,76.45,1117.55,No,0,52,1070.3,1070.3,Don't know
1,95934,Male,0,1,1,13,1,1,DSL,0,1,1,1,1,0,Month-to-month,1,0,6,72.8,930.05,No,0,46,946.4,946.4,Don't know
1,95935,Male,0,0,0,6,1,0,No,0,0,0,0,0,0,Month-to-month,0,0,1,18.95,110.15,No,0,68,113.69999999999999,113.69999999999999,Don't know
1,95938,Female,0,1,0,15,1,0,Fiber optic,1,0,1,0,1,1,Month-to-month,0,0,5,101.75,1669.4,No,0,50,1526.25,1526.25,Don't know
1,95939,Female,0,0,0,47,1,0,Fiber optic,1,0,0,0,0,0,Month-to-month,0,1,2,75.45,3545.1,No,0,66,3546.15,3546.15,Don't know
1,95941,Female,0,0,0,8,1,0,DSL,0,0,1,1,0,1,Month-to-month,0,0,4,64.1,504.05,No,0,25,512.8,512.8,Don't know
1,95942,Male,0,0,0,17,0,0,DSL,0,0,0,0,0,0,Month-to-month,1,0,0,25.65,440.2,No,0,24,436.04999999999995,436.04999999999995,Don't know
1,95943,Male,0,1,1,15,1,0,Fiber optic,1,0,0,0,0,0,Month-to-month,0,0,2,75.1,1151.55,No,0,60,1126.5,1126.5,Don't know
1,95944,Female,0,0,0,26,1,0,Fiber optic,1,0,1,1,0,1,One year,1,1,5,95.85,2475.35,No,0,42,2492.1,2492.1,Don't know
1,95945,Female,0,0,0,23,1,1,DSL,1,0,0,0,0,0,Month-to-month,0,0,3,54.4,1249.25,No,0,22,1251.2,1251.2,Don't know
1,95946,Female,1,0,0,4,1,0,Fiber optic,0,1,0,0,0,0,Month-to-month,0,0,2,72.75,317.75,No,0,50,291.0,291.0,Don't know
1,95947,Male,0,0,1,29,1,0,No,0,0,0,0,0,0,One year,0,0,1,19.85,535.05,No,0,26,575.6500000000001,575.6500000000001,Don't know
1,95948,Female,0,0,0,25,1,0,No,0,0,0,0,0,0,Month-to-month,0,0,1,19.05,461.3,No,0,65,476.25,476.25,Don't know
1,95951,Male,1,0,0,3,1,1,Fiber optic,0,0,0,0,1,1,Month-to-month,1,0,4,94.85,335.75,No,0,40,284.54999999999995,284.54999999999995,Don't know
1,95953,Female,0,1,1,69,0,0,DSL,1,1,1,1,0,0,Two year,0,1,4,46.25,3121.4,No,0,33,3191.25,3191.25,Don't know
1,95954,Male,0,0,0,14,1,0,No,0,0,0,0,0,0,One year,0,0,1,19.35,324.8,No,0,39,270.90000000000003,270.90000000000003,Don't know
1,95955,Male,0,0,0,19,1,1,DSL,0,0,0,0,1,1,Month-to-month,0,0,4,69.6,1394.55,No,0,77,1322.3999999999999,1322.3999999999999,Don't know
1,95956,Male,1,0,0,39,1,1,Fiber optic,0,1,0,0,0,1,Month-to-month,0,0,4,90.7,3413.25,No,0,39,3537.3,3537.3,Don't know
1,95957,Male,0,0,0,31,1,0,Fiber optic,0,1,1,0,1,1,Month-to-month,1,0,5,101.4,3143.65,No,0,72,3143.4,3143.4,Don't know
1,95959,Male,0,1,1,24,1,0,No,0,0,0,0,0,0,One year,0,0,1,20.25,439.75,No,0,58,486.0,486.0,Don't know
1,95960,Male,0,1,0,14,1,0,DSL,0,0,0,1,0,0,Month-to-month,0,1,2,48.8,664.4,No,0,77,683.1999999999999,683.1999999999999,Don't know
1,95961,Female,0,1,0,64,1,0,DSL,1,1,1,1,0,1,Two year,1,0,6,74.35,4759.55,No,0,80,4758.4,4758.4,Don't know
1,95962,Female,0,0,0,50,1,0,No,0,0,0,0,0,0,One year,1,0,1,19.35,1033,No,0,39,967.5000000000001,967.5000000000001,Don't know
1,95963,Male,0,1,1,52,1,0,DSL,0,1,1,1,1,0,One year,1,0,5,68.75,3482.85,No,0,51,3575.0,3575.0,Don't know
1,95965,Male,0,0,0,28,1,1,Fiber optic,0,1,0,0,1,1,One year,0,0,5,100.2,2688.45,No,0,79,2805.6,2805.6,Don't know
1,95966,Female,0,0,0,21,1,0,No,0,0,0,0,0,0,Two year,1,1,1,20.85,435.25,No,0,35,437.85,437.85,Don't know
1,95969,Female,0,1,0,17,1,0,No,0,0,0,0,0,0,One year,0,0,1,19.35,307,No,0,77,328.95000000000005,328.95000000000005,Don't know
1,95970,Male,0,1,0,58,0,0,DSL,0,0,0,0,1,1,One year,1,1,2,45.0,2689.35,No,0,55,2610.0,2610.0,Don't know
1,95973,Female,0,1,0,51,1,1,No,0,0,0,0,0,0,Two year,0,0,2,25.5,1281.25,No,0,43,1300.5,1300.5,Don't know
1,95974,Male,0,1,1,72,0,0,DSL,1,0,1,1,1,0,Two year,0,0,4,48.9,3527,No,0,47,3520.7999999999997,3520.7999999999997,Don't know
1,95977,Female,0,0,0,27,1,0,No,0,0,0,0,0,0,Two year,1,0,1,19.6,561.15,No,0,21,529.2,529.2,Don't know
1,95978,Female,0,0,0,3,1,0,No,0,0,0,0,0,0,Month-to-month,0,0,1,20.0,63.6,No,0,65,60.0,60.0,Don't know
1,95979,Female,0,1,0,64,1,1,DSL,1,1,1,1,0,1,Two year,1,0,7,81.3,5129.3,No,0,74,5203.2,5203.2,Don't know
1,95981,Female,0,1,0,45,1,0,Fiber optic,0,0,0,1,1,1,Two year,1,1,4,95.2,4285.8,No,0,27,4284.0,4284.0,Don't know
1,95983,Female,0,1,0,71,1,1,DSL,0,1,1,1,1,1,Two year,1,1,7,83.3,5894.5,No,0,24,5914.3,5914.3,Don't know
1,95986,Female,0,1,1,58,1,0,No,0,0,0,0,0,0,Two year,0,1,1,20.3,1160.75,No,0,66,1177.4,1177.4,Don't know
1,95987,Male,0,1,1,34,1,0,Fiber optic,0,1,1,0,1,0,Month-to-month,1,0,4,89.85,3091.75,No,0,45,3054.8999999999996,3054.8999999999996,Don't know
1,95991,Female,0,1,1,15,1,0,No,0,0,0,0,0,0,Month-to-month,0,0,1,19.8,272.95,No,0,34,297.0,297.0,Don't know
1,95993,Male,0,1,1,66,0,0,DSL,0,0,1,1,1,1,Two year,0,1,4,54.65,3632,No,0,42,3606.9,3606.9,Don't know
1,96001,Male,1,0,0,12,0,0,DSL,0,1,0,0,0,0,Month-to-month,1,1,1,29.35,381.2,No,0,27,352.20000000000005,352.20000000000005,Don't know
1,96002,Male,0,0,0,58,1,0,No,0,0,0,0,0,0,Two year,1,1,1,19.15,1035.5,No,0,25,1110.6999999999998,1110.6999999999998,Don't know
1,96003,Female,0,1,1,3,1,0,No,0,0,0,0,0,0,Two year,0,0,1,19.1,52,No,0,30,57.300000000000004,57.300000000000004,Don't know
1,96007,Female,0,0,0,9,1,0,Fiber optic,0,1,1,0,0,0,Month-to-month,0,0,3,80.55,653.9,No,0,26,724.9499999999999,724.9499999999999,Don't know
1,96008,Female,0,0,0,3,1,0,No,0,0,0,0,0,0,One year,0,0,1,20.25,71.2,No,0,31,60.75,60.75,Don't know
1,96010,Male,0,1,0,40,1,1,Fiber optic,0,1,1,0,1,1,One year,1,1,6,106.0,4178.65,No,0,77,4240.0,4240.0,Don't know
1,96011,Female,0,0,0,68,1,1,No,0,0,0,0,0,0,Two year,0,1,2,25.5,1821.8,No,0,37,1734.0,1734.0,Don't know
1,96014,Female,0,0,0,50,1,1,DSL,0,1,0,1,1,1,Two year,1,0,6,79.6,4024.2,No,0,39,3979.9999999999995,3979.9999999999995,Don't know
1,96015,Male,0,0,0,1,1,0,DSL,0,0,0,0,0,1,Month-to-month,1,0,2,55.25,55.25,No,0,49,55.25,55.25,Don't know
1,96016,Female,0,1,0,72,1,1,DSL,1,1,1,1,1,1,Two year,0,1,8,88.05,6520.8,No,0,42,6339.599999999999,6339.599999999999,Don't know
1,96017,Male,0,0,1,40,1,0,No,0,0,0,0,0,0,One year,1,1,1,20.4,854.9,No,0,59,816.0,816.0,Don't know
1,96019,Female,0,1,1,72,1,1,Fiber optic,1,1,1,1,1,1,Two year,1,1,8,117.6,8308.9,No,0,54,8467.199999999999,8467.199999999999,Don't know
1,96020,Female,0,0,0,6,1,0,No,0,0,0,0,0,0,Month-to-month,0,0,1,20.0,109.2,No,0,53,120.0,120.0,Don't know
1,96021,Female,0,0,0,5,1,0,No,0,0,0,0,0,0,Month-to-month,1,1,1,19.65,92.05,No,0,42,98.25,98.25,Don't know
1,96022,Male,0,1,0,48,1,1,DSL,0,1,1,0,0,1,One year,1,1,5,70.55,3420.5,No,0,39,3386.3999999999996,3386.3999999999996,Don't know
1,96024,Female,0,1,1,64,1,0,DSL,1,0,0,1,1,0,One year,0,0,4,65.8,4068,No,0,57,4211.2,4211.2,Don't know
1,96025,Female,0,0,0,17,1,0,No,0,0,0,0,0,0,One year,0,1,1,20.05,337.9,No,0,70,340.85,340.85,Don't know
1,96027,Male,0,1,0,40,1,0,Fiber optic,0,1,1,0,0,0,Month-to-month,1,0,3,80.0,3168.75,No,0,31,3200.0,3200.0,Don't know
1,96028,Female,0,1,1,41,0,0,DSL,1,0,1,0,0,0,One year,0,1,2,35.4,1412.4,No,0,43,1451.3999999999999,1451.3999999999999,Don't know
1,96029,Male,1,0,0,51,1,1,Fiber optic,0,1,0,0,0,0,One year,1,1,3,79.6,3974.7,No,0,59,4059.6,4059.6,Don't know
1,96031,Male,0,1,0,41,1,1,Fiber optic,0,1,0,0,0,0,Month-to-month,1,0,3,80.25,3439,No,0,49,3290.25,3290.25,Don't know
1,96033,Female,0,0,0,2,1,0,No,0,0,0,0,0,0,Month-to-month,1,0,1,20.45,42.45,No,0,56,40.9,40.9,Don't know
1,96034,Male,0,0,0,68,1,0,Fiber optic,0,1,1,0,0,0,One year,0,1,3,79.6,5461.45,No,0,20,5412.799999999999,5412.799999999999,Don't know
1,96035,Female,0,1,1,24,1,1,No,0,0,0,0,0,0,Two year,0,0,2,24.7,571.75,No,0,56,592.8,592.8,Don't know
1,96037,Male,0,1,0,70,1,1,DSL,1,0,1,1,0,1,Two year,0,1,6,77.3,5498.2,No,0,23,5411.0,5411.0,Don't know
1,96038,Male,0,0,0,3,0,0,DSL,0,0,0,1,0,0,Month-to-month,1,0,1,29.75,96.85,No,0,55,89.25,89.25,Don't know
1,96039,Male,0,0,0,2,1,0,DSL,0,0,0,0,0,0,Month-to-month,0,1,1,44.9,111.05,No,0,26,89.8,89.8,Don't know
1,96040,Male,0,1,0,3,0,0,DSL,0,1,0,0,0,0,Month-to-month,0,1,1,29.8,94.4,No,0,32,89.4,89.4,Don't know
1,96044,Female,0,0,0,13,1,0,DSL,1,0,0,0,1,1,Month-to-month,1,0,4,71.95,923.85,No,0,67,935.35,935.35,Don't know
1,96046,Male,0,0,0,7,1,0,No,0,0,0,0,0,0,Month-to-month,0,0,1,20.75,141.1,No,0,46,145.25,145.25,Don't know
1,96047,Male,0,1,1,12,1,0,DSL,0,0,0,0,1,0,Month-to-month,1,0,2,56.3,628.65,No,0,56,675.5999999999999,675.5999999999999,Don't know
1,96048,Male,0,1,1,53,1,1,Fiber optic,0,1,1,0,1,1,One year,1,0,6,105.25,5576.3,No,0,56,5578.25,5578.25,Don't know
1,96051,Male,0,1,1,63,1,0,No,0,0,0,0,0,0,Two year,0,0,1,19.55,1245.6,No,0,36,1231.65,1231.65,Don't know
1,96052,Female,0,0,0,15,1,0,DSL,1,1,1,1,1,1,Month-to-month,0,0,7,84.45,1287.85,No,0,46,1266.75,1266.75,Don't know
1,96054,Male,0,1,1,36,1,0,DSL,1,1,0,0,0,0,One year,0,0,3,53.65,1939.35,No,0,37,1931.3999999999999,1931.3999999999999,Don't know
1,96055,Male,1,1,0,4,0,0,DSL,0,0,1,0,0,0,Month-to-month,1,0,1,29.9,118.25,No,0,46,119.6,119.6,Don't know
1,96056,Female,0,1,1,24,1,0,No,0,0,0,0,0,0,Two year,0,0,1,19.7,452.55,No,0,42,472.79999999999995,472.79999999999995,Don't know
1,96057,Female,0,0,0,61,0,0,DSL,1,1,1,1,0,0,One year,0,1,4,43.7,2696.55,No,0,50,2665.7000000000003,2665.7000000000003,Don't know
1,96058,Male,0,0,0,16,1,1,DSL,0,1,0,0,0,0,Month-to-month,0,0,3,55.3,875.35,No,0,25,884.8,884.8,Don't know
1,96059,Male,0,1,1,65,1,0,No,0,0,0,0,0,0,Two year,1,1,1,19.85,1267.05,No,0,52,1290.25,1290.25,Don't know
1,96061,Female,0,1,1,26,1,0,No,0,0,0,0,0,0,Two year,0,1,1,19.65,494.9,No,0,37,510.9,510.9,Don't know
1,96062,Male,0,0,0,16,1,0,DSL,0,0,0,1,0,0,Month-to-month,1,0,2,49.45,799,No,0,49,791.2,791.2,Don't know
1,96065,Male,0,0,1,5,1,0,No,0,0,0,0,0,0,Two year,0,0,1,20.45,106.9,No,0,75,102.25,102.25,Don't know
1,96067,Female,0,0,0,19,0,0,DSL,0,1,0,0,0,1,Month-to-month,1,0,2,39.7,710.05,No,0,65,754.3000000000001,754.3000000000001,Don't know
1,96068,Male,0,0,0,10,1,1,DSL,1,0,0,0,0,0,Month-to-month,1,1,3,54.5,568.2,No,0,59,545.0,545.0,Don't know
1,96073,Female,0,0,0,72,1,1,Fiber optic,0,1,1,1,1,1,Two year,1,1,7,111.6,8012.75,No,0,59,8035.2,8035.2,Don't know
1,96075,Female,0,1,1,10,1,0,DSL,0,1,1,0,0,0,Month-to-month,1,0,3,55.55,551.3,No,0,41,555.5,555.5,Don't know
1,96076,Male,0,1,0,11,1,0,No,0,0,0,0,0,0,One year,1,0,1,20.55,184.95,No,0,23,226.05,226.05,Don't know
1,96084,Male,0,1,1,17,1,1,DSL,1,0,0,1,0,0,One year,1,0,4,62.1,1096.65,No,0,33,1055.7,1055.7,Don't know
1,96085,Female,0,1,1,36,1,1,Fiber optic,1,0,1,0,1,1,Month-to-month,1,1,6,104.5,3684.95,No,0,49,3762.0,3762.0,Don't know
1,96086,Male,1,0,0,17,1,0,Fiber optic,0,1,1,0,1,1,Month-to-month,1,0,5,101.8,1752.45,No,0,53,1730.6,1730.6,Don't know
1,96087,Female,1,1,1,66,1,1,Fiber optic,1,1,0,1,1,1,One year,1,1,7,110.6,7210.85,No,0,67,7299.599999999999,7299.599999999999,Don't know
1,96088,Male,0,1,1,61,1,0,DSL,1,1,1,1,1,1,One year,0,1,7,84.9,5264.5,No,0,72,5178.900000000001,5178.900000000001,Don't know
1,96090,Male,0,0,0,22,1,0,Fiber optic,0,1,0,0,1,1,Month-to-month,1,0,4,93.2,2157.3,No,0,26,2050.4,2050.4,Don't know
1,96091,Male,0,0,0,1,0,0,DSL,0,0,0,0,0,0,Month-to-month,1,0,0,24.4,24.4,No,0,66,24.4,24.4,Don't know
1,96092,Female,0,0,0,6,1,0,Fiber optic,0,0,0,0,0,0,Month-to-month,0,1,1,70.55,433.95,No,0,52,423.29999999999995,423.29999999999995,Don't know
1,96094,Female,0,1,1,68,1,0,DSL,1,1,1,1,1,1,Two year,1,1,7,85.0,5607.75,No,0,65,5780.0,5780.0,Don't know
1,96097,Female,0,1,1,52,1,0,Fiber optic,0,1,1,1,0,0,Month-to-month,0,1,4,85.8,4433.3,No,0,22,4461.599999999999,4461.599999999999,Don't know
1,96101,Female,0,0,1,10,1,0,Fiber optic,0,0,1,1,1,0,Month-to-month,1,0,4,91.1,964.35,No,0,50,911.0,911.0,Don't know
1,96104,Female,0,1,1,72,1,0,No,0,0,0,0,0,0,Two year,0,1,1,20.1,1460.85,No,0,30,1447.2,1447.2,Don't know
1,96105,Male,0,1,1,47,1,0,No,0,0,0,0,0,0,One year,0,0,1,20.05,951.55,No,0,64,942.35,942.35,Don't know
1,96106,Male,0,1,1,24,1,1,DSL,1,0,0,0,1,1,One year,0,0,5,74.8,1821.2,No,0,52,1795.1999999999998,1795.1999999999998,Don't know
1,96107,Male,0,0,0,65,1,1,No,0,0,0,0,0,0,One year,0,1,2,24.8,1600.95,No,0,76,1612.0,1612.0,Don't know
1,96108,Female,0,0,0,4,1,1,Fiber optic,0,0,0,1,1,1,Month-to-month,1,0,5,100.85,399.25,No,0,21,403.4,403.4,Don't know
1,96113,Female,0,0,0,34,1,0,Fiber optic,0,1,1,1,1,1,Month-to-month,1,0,6,105.1,3634.8,No,0,68,3573.3999999999996,3573.3999999999996,Don't know
1,96114,Female,0,1,0,14,1,0,No,0,0,0,0,0,0,Two year,0,0,1,20.4,292.4,No,0,73,285.59999999999997,285.59999999999997,Don't know
1,96116,Male,0,1,1,13,1,0,No,0,0,0,0,0,0,One year,0,0,1,20.0,218.55,No,0,27,260.0,260.0,Don't know
1,96117,Female,0,1,1,65,1,1,DSL,0,1,0,1,1,1,Two year,1,1,6,79.4,5071.9,No,0,65,5161.0,5161.0,Don't know
1,96118,Male,0,1,1,23,1,0,DSL,1,0,0,1,0,0,One year,0,1,3,57.2,1423.35,No,0,69,1315.6000000000001,1315.6000000000001,Don't know
1,96119,Male,0,1,0,55,1,0,DSL,1,1,1,0,0,0,Two year,0,0,4,58.6,3068.6,No,0,49,3223.0,3223.0,Don't know
1,96120,Male,0,1,0,49,1,0,Fiber optic,0,1,0,0,1,1,Two year,1,0,4,94.8,4690.65,No,0,29,4645.2,4645.2,Don't know
1,96121,Male,0,1,0,60,1,1,Fiber optic,0,1,1,0,1,1,One year,0,1,6,102.5,6157.6,No,0,54,6150.0,6150.0,Don't know
1,96122,Female,0,1,1,69,1,0,No,0,0,0,0,0,0,One year,1,1,1,20.35,1442.65,No,0,26,1404.15,1404.15,Don't know
1,96123,Male,0,0,0,40,1,1,Fiber optic,0,0,0,0,1,0,Month-to-month,1,0,3,84.9,3369.05,No,0,37,3396.0,3396.0,Don't know
1,96124,Male,0,1,0,67,1,0,DSL,1,1,0,1,0,1,Two year,1,1,5,69.2,4671.65,No,0,43,4636.400000000001,4636.400000000001,Don't know
1,96128,Female,0,1,1,13,1,0,No,0,0,0,0,0,0,Two year,0,0,1,20.85,272.35,No,0,58,271.05,271.05,Don't know
1,96130,Female,0,0,1,41,1,1,Fiber optic,0,1,0,0,1,0,Month-to-month,1,1,4,88.5,3645.05,No,0,27,3628.5,3628.5,Don't know
1,96132,Female,0,0,0,4,0,0,DSL,1,0,1,0,0,0,Month-to-month,0,0,2,35.0,135.75,No,0,70,140.0,140.0,Don't know
1,96133,Female,0,1,1,24,1,0,DSL,1,0,0,1,0,0,Month-to-month,0,0,3,55.15,1319.85,No,0,80,1323.6,1323.6,Don't know
1,96134,Female,0,0,0,5,0,0,DSL,0,1,0,0,1,1,Month-to-month,1,1,3,50.95,229.4,No,0,69,254.75,254.75,Don't know
1,96136,Female,0,0,0,5,1,1,DSL,0,1,0,0,0,1,Month-to-month,1,0,4,64.0,370.25,No,0,75,320.0,320.0,Don't know
1,96140,Female,0,1,1,72,1,1,DSL,1,1,1,1,1,0,Two year,0,1,7,80.2,5714.2,No,0,24,5774.400000000001,5774.400000000001,Don't know
1,96141,Female,0,0,0,24,1,0,DSL,0,0,1,0,0,0,Month-to-month,1,1,2,49.3,1233.25,No,0,66,1183.1999999999998,1183.1999999999998,Don't know
1,96142,Female,0,1,0,42,1,1,DSL,1,0,1,1,1,1,Two year,0,1,7,84.35,3571.6,No,0,59,3542.7,3542.7,Don't know
1,96143,Female,0,0,0,4,1,0,No,0,0,0,0,0,0,Month-to-month,0,0,1,20.05,83.3,No,0,30,80.2,80.2,Don't know
1,96145,Male,0,0,0,68,1,1,Fiber optic,1,1,1,1,1,1,One year,1,1,8,117.2,8035.95,No,0,55,7969.6,7969.6,Don't know
1,96146,Female,0,1,1,33,1,0,No,0,0,0,0,0,0,One year,0,0,1,20.1,579.4,No,0,62,663.3000000000001,663.3000000000001,Don't know
1,90001,Male,1,1,0,69,1,1,Fiber optic,0,1,1,1,1,1,Two year,1,0,7,109.95,7634.25,No,0,63,7586.55,7586.55,Don't know
1,90002,Male,1,0,0,38,1,1,Fiber optic,0,0,0,0,1,1,Month-to-month,0,0,4,94.75,3653,No,0,71,3600.5,3600.5,Don't know
1,90003,Female,0,1,1,3,1,0,Fiber optic,0,1,0,1,0,0,Month-to-month,1,0,3,80.0,241.3,No,0,76,240.0,240.0,Don't know
1,90004,Female,0,1,1,48,1,1,DSL,0,1,0,1,1,1,Two year,0,0,6,79.65,3870.3,No,0,50,3823.2000000000003,3823.2000000000003,Don't know
1,90005,Female,0,1,0,15,1,1,No,0,0,0,0,0,0,Two year,0,0,2,25.2,387.9,No,0,25,378.0,378.0,Don't know
1,90006,Female,0,0,0,25,1,0,No,0,0,0,0,0,0,One year,0,1,1,19.9,527.5,No,0,56,497.49999999999994,497.49999999999994,Don't know
1,90008,Female,0,0,0,48,0,0,DSL,1,1,0,0,1,0,Month-to-month,1,0,3,44.8,2104.55,No,0,26,2150.3999999999996,2150.3999999999996,Don't know
1,90010,Male,0,0,0,1,1,0,No,0,0,0,0,0,0,Month-to-month,0,0,1,20.3,20.3,No,0,80,20.3,20.3,Don't know
1,90011,Male,0,0,0,1,1,0,No,0,0,0,0,0,0,Month-to-month,0,0,1,19.2,19.2,No,0,27,19.2,19.2,Don't know
1,90012,Female,0,0,0,37,1,0,Fiber optic,0,1,1,0,0,0,One year,0,0,3,80.05,3019.1,No,0,55,2961.85,2961.85,Don't know
1,90013,Male,1,1,0,66,1,1,Fiber optic,0,1,1,1,1,1,One year,1,1,7,107.35,7051.95,No,0,53,7085.099999999999,7085.099999999999,Don't know
1,90014,Female,0,1,0,26,0,0,DSL,1,1,1,0,1,0,One year,0,1,4,47.85,1190.5,No,0,79,1244.1000000000001,1244.1000000000001,Don't know
1,90015,Male,0,1,0,63,1,0,DSL,1,1,0,1,1,0,One year,0,1,5,70.8,4448.8,No,0,44,4460.4,4460.4,Don't know
1,90018,Male,1,1,0,18,1,0,DSL,1,0,0,0,0,1,Month-to-month,1,1,3,59.1,1011.05,No,0,30,1063.8,1063.8,Don't know
1,90019,Female,0,1,0,64,1,1,No,0,0,0,0,0,0,Two year,0,0,2,25.55,1714.95,No,0,22,1635.2,1635.2,Don't know
1,90021,Female,0,0,1,28,1,0,No,0,0,0,0,0,0,Month-to-month,0,0,1,20.25,535.35,No,0,54,567.0,567.0,Don't know
1,90022,Female,0,0,0,1,1,0,Fiber optic,0,0,1,0,0,0,Month-to-month,0,0,2,75.55,75.55,No,0,34,75.55,75.55,Don't know
1,90025,Male,0,1,0,66,1,1,Fiber optic,0,1,1,0,0,1,One year,0,0,5,95.3,6273.4,No,0,49,6289.8,6289.8,Don't know
1,90026,Female,0,0,0,1,1,0,Fiber optic,0,0,0,0,0,0,Month-to-month,1,0,1,70.25,70.25,No,0,58,70.25,70.25,Don't know
1,90027,Female,0,1,0,18,1,0,DSL,0,0,0,1,0,0,Month-to-month,1,0,2,50.3,908.75,No,0,67,905.4,905.4,Don't know
1,90029,Male,0,1,1,0,1,0,No,0,0,0,0,0,0,Two year,0,0,1,19.85, ,No,0,53,0.0,0.0,Don't know
1,90032,Male,0,0,1,12,1,0,No,0,0,0,0,0,0,Two year,0,1,1,19.35,212.3,No,0,74,232.20000000000002,232.20000000000002,Don't know
1,90034,Male,0,0,0,12,1,1,No,0,0,0,0,0,0,Month-to-month,0,0,2,25.0,316.2,No,0,53,300.0,300.0,Don't know
1,90035,Female,0,1,1,55,1,0,No,0,0,0,0,0,0,Two year,0,0,1,20.3,1079.05,No,0,36,1116.5,1116.5,Don't know
1,90036,Female,0,0,0,7,1,1,Fiber optic,0,0,0,0,0,0,Month-to-month,1,0,2,75.35,564.65,No,0,37,527.4499999999999,527.4499999999999,Don't know
1,90038,Female,0,1,1,68,1,1,DSL,1,1,1,1,1,1,Two year,0,1,8,88.0,6161.9,No,0,44,5984.0,5984.0,Don't know
1,90040,Female,1,0,0,49,1,0,DSL,0,0,0,0,0,0,Month-to-month,0,0,1,43.8,2106.05,No,0,68,2146.2,2146.2,Don't know
1,90041,Male,0,0,0,40,0,0,DSL,1,1,1,0,1,1,One year,0,1,5,62.05,2511.55,No,0,34,2482.0,2482.0,Don't know
1,90042,Female,0,0,0,16,1,0,No,0,0,0,0,0,0,One year,0,1,1,20.1,318.6,No,0,22,321.6,321.6,Don't know
1,90044,Female,0,1,0,72,1,1,Fiber optic,0,1,1,0,1,1,One year,1,0,6,101.35,7323.15,No,0,25,7297.2,7297.2,Don't know
1,90045,Female,1,0,0,2,1,1,Fiber optic,0,0,0,0,0,1,Month-to-month,1,0,3,84.05,186.05,No,0,72,168.1,168.1,Don't know
1,90046,Male,0,1,1,23,1,0,No,0,0,0,0,0,0,Two year,0,0,1,20.9,454,No,0,46,480.7,480.7,Don't know
1,90047,Female,1,0,0,71,1,1,Fiber optic,0,1,1,0,1,1,One year,1,0,6,105.9,7521.95,No,0,60,7518.900000000001,7518.900000000001,Don't know
1,90058,Male,0,1,0,12,1,0,Fiber optic,0,1,0,0,0,1,Month-to-month,1,1,3,85.05,999.8,No,0,80,1020.5999999999999,1020.5999999999999,Don't know
1,90059,Female,0,0,0,54,0,0,DSL,1,0,0,1,0,1,One year,0,1,3,44.1,2369.7,No,0,32,2381.4,2381.4,Don't know
1,90061,Female,0,1,0,68,1,1,Fiber optic,0,1,1,1,0,0,Two year,0,1,5,90.2,6297.65,No,0,55,6133.6,6133.6,Don't know
1,90064,Male,0,0,0,27,1,0,DSL,1,0,0,1,0,0,Month-to-month,0,0,3,53.45,1461.45,No,0,75,1443.15,1443.15,Don't know
1,90065,Male,0,0,0,21,1,0,No,0,0,0,0,0,0,Month-to-month,1,0,1,19.95,416.4,No,0,36,418.95,418.95,Don't know
1,90067,Female,1,0,0,64,1,1,DSL,0,1,1,1,0,1,Month-to-month,0,1,6,74.65,4869.35,No,0,58,4777.6,4777.6,Don't know
1,90069,Male,0,1,0,57,0,0,DSL,0,1,1,1,1,1,Two year,1,1,5,57.5,3265.95,No,0,75,3277.5,3277.5,Don't know
1,90077,Male,0,0,0,19,1,0,No,0,0,0,0,0,0,Two year,0,0,1,19.65,358.15,No,0,21,373.34999999999997,373.34999999999997,Don't know
1,90201,Male,0,1,0,31,1,0,Fiber optic,0,0,1,0,1,1,One year,1,0,4,93.8,2939.8,No,0,46,2907.7999999999997,2907.7999999999997,Don't know
1,90210,Male,0,0,0,52,1,1,DSL,1,1,1,1,1,1,Two year,1,0,8,89.25,4652.4,No,0,31,4641.0,4641.0,Don't know
1,90211,Female,0,0,0,46,1,1,Fiber optic,0,1,1,0,0,1,One year,1,0,5,94.15,4408.45,No,0,70,4330.900000000001,4330.900000000001,Don't know
1,90212,Female,1,0,0,11,1,1,DSL,1,0,0,0,0,0,Month-to-month,1,0,3,55.6,580.8,No,0,80,611.6,611.6,Don't know
1,90220,Female,0,1,1,53,0,0,DSL,1,1,1,0,0,1,Month-to-month,1,1,4,48.7,2495.2,No,0,54,2581.1000000000004,2581.1000000000004,Don't know
1,90222,Male,1,0,0,57,1,1,Fiber optic,0,1,0,1,1,1,Month-to-month,1,1,6,104.9,5913.95,No,0,75,5979.3,5979.3,Don't know
1,90240,Female,0,1,1,71,1,0,No,0,0,0,0,0,0,Two year,0,1,1,19.9,1389.35,No,0,31,1412.8999999999999,1412.8999999999999,Don't know
1,90241,Female,0,1,1,1,1,0,No,0,0,0,0,0,0,Month-to-month,1,0,1,19.4,19.4,No,0,72,19.4,19.4,Don't know
1,90242,Male,0,1,0,68,1,1,No,0,0,0,0,0,0,Two year,0,1,2,25.05,1629.2,No,0,24,1703.4,1703.4,Don't know
1,90245,Male,0,1,0,72,1,0,DSL,1,1,1,1,1,1,Two year,0,0,7,84.45,6033.1,No,0,50,6080.400000000001,6080.400000000001,Don't know
1,90247,Female,0,0,0,2,1,0,No,0,0,0,0,0,0,Month-to-month,0,0,1,19.3,44.4,No,0,43,38.6,38.6,Don't know
1,90249,Female,0,0,0,41,1,0,DSL,1,0,1,1,1,1,One year,1,1,6,79.85,3320.75,No,0,48,3273.85,3273.85,Don't know
1,90250,Male,0,1,1,72,1,1,No,0,0,0,0,0,0,Two year,0,1,2,25.55,1867.7,No,0,40,1839.6000000000001,1839.6000000000001,Don't know
1,90262,Female,0,1,0,58,1,1,DSL,1,0,0,1,0,1,One year,1,0,5,68.4,3972.25,No,0,62,3967.2000000000003,3967.2000000000003,Don't know
1,90263,Female,0,0,0,7,1,0,No,0,0,0,0,0,0,Month-to-month,0,0,1,20.65,155.9,No,0,38,144.54999999999998,144.54999999999998,Don't know
1,90265,Female,0,1,0,65,1,0,DSL,1,0,1,0,0,0,Month-to-month,1,0,3,55.15,3673.15,No,0,34,3584.75,3584.75,Don't know
1,90266,Male,0,0,0,1,1,0,Fiber optic,0,0,0,0,0,0,Month-to-month,1,0,1,70.6,70.6,No,0,61,70.6,70.6,Don't know
1,90270,Male,0,1,0,56,1,0,No,0,0,0,0,0,0,One year,0,1,1,19.95,1126.75,No,0,65,1117.2,1117.2,Don't know
1,90272,Male,0,0,0,4,1,0,No,0,0,0,0,0,0,Month-to-month,0,0,1,19.0,73.45,No,0,28,76.0,76.0,Don't know
1,90274,Female,0,1,1,58,1,0,DSL,0,0,0,0,0,0,One year,1,0,1,44.1,2413.05,No,0,44,2557.8,2557.8,Don't know
1,90275,Male,0,1,0,62,1,1,Fiber optic,0,0,1,1,1,1,Two year,1,1,6,107.6,6912.7,No,0,40,6671.2,6671.2,Don't know
1,90277,Male,0,0,0,26,1,1,DSL,1,1,0,0,0,0,One year,0,0,4,61.55,1581.95,No,0,30,1600.3,1600.3,Don't know
1,90278,Male,0,0,0,62,1,1,Fiber optic,1,1,1,0,0,0,Month-to-month,0,1,5,90.7,5586.45,No,0,67,5623.400000000001,5623.400000000001,Don't know
1,90280,Female,0,1,1,58,1,0,Fiber optic,1,1,0,0,1,1,One year,0,1,5,99.25,5846.65,No,0,22,5756.5,5756.5,Don't know
1,90290,Female,0,1,0,68,1,1,DSL,1,1,1,1,1,1,Two year,1,0,8,91.7,6424.7,No,0,77,6235.6,6235.6,Don't know
1,90291,Female,0,1,1,61,1,1,Fiber optic,1,1,1,0,0,1,One year,1,1,6,100.7,6018.65,No,0,57,6142.7,6142.7,Don't know
1,90292,Female,0,0,0,42,1,1,DSL,0,0,1,1,1,1,Two year,1,1,6,78.45,3373.4,No,0,30,3294.9,3294.9,Don't know
1,90293,Male,0,0,0,18,1,1,Fiber optic,0,0,0,0,1,0,Month-to-month,0,1,3,84.3,1537.9,No,0,72,1517.3999999999999,1517.3999999999999,Don't know
1,90301,Female,0,0,0,56,1,0,No,0,0,0,0,0,0,Two year,1,1,1,19.55,1080.55,No,0,56,1094.8,1094.8,Don't know
1,90303,Female,0,0,0,4,1,0,No,0,0,0,0,0,0,Month-to-month,0,1,1,20.45,82.85,No,0,40,81.8,81.8,Don't know
1,90304,Female,0,0,1,35,1,0,DSL,1,1,0,0,0,0,One year,0,1,3,55.6,2016.45,No,0,80,1946.0,1946.0,Don't know
1,90305,Female,0,1,1,64,1,1,Fiber optic,1,0,0,1,0,0,Month-to-month,1,1,4,86.8,5327.25,No,0,70,5555.2,5555.2,Don't know
1,90401,Female,0,0,0,31,1,0,No,0,0,0,0,0,0,One year,0,0,1,20.95,683.25,No,0,69,649.4499999999999,649.4499999999999,Don't know
1,90402,Female,1,1,0,67,1,0,No,0,0,0,0,0,0,Two year,1,1,1,20.05,1263.05,No,0,76,1343.3500000000001,1343.3500000000001,Don't know
1,90404,Female,1,1,0,70,1,1,Fiber optic,1,1,1,1,1,1,Two year,1,0,8,113.65,7714.65,No,0,46,7955.5,7955.5,Don't know
1,90502,Male,0,1,1,2,1,0,DSL,1,1,0,1,0,0,Two year,0,0,4,59.5,130.5,No,0,61,119.0,119.0,Don't know
1,90503,Female,0,1,1,29,1,0,Fiber optic,0,0,0,0,1,1,Month-to-month,1,1,3,87.8,2621.75,No,0,25,2546.2,2546.2,Don't know
1,90504,Female,0,0,0,47,0,0,DSL,1,0,1,1,0,0,Two year,0,0,3,41.9,1875.25,No,0,45,1969.3,1969.3,Don't know
1,90601,Male,0,0,1,12,1,0,DSL,1,0,0,0,1,1,Month-to-month,1,0,4,69.85,837.5,No,0,36,838.1999999999999,838.1999999999999,Don't know
1,90602,Female,0,1,1,8,1,0,DSL,0,1,0,1,0,0,Month-to-month,0,1,3,56.3,401.5,No,0,21,450.4,450.4,Don't know
1,90603,Male,0,1,0,54,1,1,Fiber optic,1,1,1,0,1,1,Month-to-month,0,0,7,109.55,6118.95,No,0,42,5915.7,5915.7,Don't know
1,90604,Male,0,1,1,69,1,0,Fiber optic,0,1,0,1,1,0,Two year,1,0,4,92.15,6480.9,No,0,30,6358.35,6358.35,Don't know
1,90605,Female,0,0,0,26,1,1,DSL,1,1,0,0,1,0,Month-to-month,1,1,5,69.5,1800.05,No,0,55,1807.0,1807.0,Don't know
1,90606,Female,0,1,0,72,1,1,Fiber optic,1,1,1,1,0,0,Two year,1,1,6,97.0,7104.2,No,0,67,6984.0,6984.0,Don't know
1,90620,Female,0,0,0,70,0,0,DSL,1,0,1,1,1,1,Two year,1,1,5,58.35,4214.25,No,0,55,4084.5,4084.5,Don't know
1,90630,Female,0,1,1,28,1,0,Fiber optic,0,0,0,0,0,0,One year,1,1,1,70.4,1992.2,No,0,54,1971.2000000000003,1971.2000000000003,Don't know
1,90638,Female,0,1,0,21,1,1,Fiber optic,0,0,0,0,1,1,Month-to-month,1,0,4,94.3,1948.35,No,0,55,1980.3,1980.3,Don't know
1,90650,Female,0,1,1,53,1,0,No,0,0,0,0,0,0,One year,0,1,1,19.55,1007.9,No,0,29,1036.15,1036.15,Don't know
1,90660,Male,0,0,1,53,1,0,Fiber optic,1,1,1,0,0,1,One year,0,0,5,95.95,5036.9,No,0,61,5085.35,5085.35,Don't know
1,90680,Female,0,1,0,70,1,1,DSL,1,1,1,1,1,1,Two year,1,1,8,94.8,6859.05,No,0,71,6636.0,6636.0,Don't know
1,90701,Male,0,0,0,61,1,1,Fiber optic,1,1,1,0,1,1,One year,1,0,7,107.75,6521.9,No,0,29,6572.75,6572.75,Don't know
1,90703,Female,0,0,0,11,1,0,DSL,1,0,0,1,0,0,One year,1,0,3,54.6,617.85,No,0,49,600.6,600.6,Don't know
1,90704,Male,0,0,0,2,1,0,Fiber optic,0,0,0,0,0,0,Month-to-month,1,1,1,71.3,157.75,No,0,43,142.6,142.6,Don't know
1,90706,Male,0,0,0,25,1,0,No,0,0,0,0,0,0,One year,1,1,1,19.5,516.3,No,0,36,487.5,487.5,Don't know
1,90710,Female,0,0,0,41,1,1,DSL,0,1,0,0,0,0,One year,1,1,3,56.3,2364,No,0,46,2308.2999999999997,2308.2999999999997,Don't know
1,90715,Female,0,1,1,71,1,1,DSL,1,1,1,1,1,1,Two year,1,1,8,90.55,6239.05,No,0,66,6429.05,6429.05,Don't know
1,90716,Female,0,1,1,34,1,0,DSL,1,1,1,0,0,0,One year,1,0,4,60.8,2042.05,No,0,48,2067.2,2067.2,Don't know
1,90717,Male,0,0,0,29,1,0,Fiber optic,0,0,1,1,1,1,Month-to-month,1,1,5,98.8,2807.1,No,0,42,2865.2,2865.2,Don't know
1,90720,Male,1,1,0,40,1,0,Fiber optic,1,1,1,1,1,0,One year,1,1,6,98.15,4116.8,No,0,53,3926.0,3926.0,Don't know
1,90723,Male,0,1,0,36,0,0,DSL,1,0,1,0,0,0,One year,0,0,2,35.35,1317.95,No,0,60,1272.6000000000001,1272.6000000000001,Don't know
1,90731,Female,0,1,0,46,1,1,Fiber optic,0,1,0,1,1,1,One year,1,0,6,103.15,4594.65,No,0,32,4744.900000000001,4744.900000000001,Don't know
1,90732,Female,0,0,0,58,1,1,Fiber optic,1,1,1,0,1,1,One year,1,0,7,107.75,6332.75,No,0,57,6249.5,6249.5,Don't know
1,90740,Male,0,0,0,39,1,1,Fiber optic,0,1,0,0,0,0,One year,0,1,3,81.4,3213.75,No,0,22,3174.6000000000004,3174.6000000000004,Don't know
1,90743,Female,0,1,1,52,1,1,Fiber optic,0,1,1,0,1,0,One year,1,1,5,95.7,4976.15,No,0,31,4976.400000000001,4976.400000000001,Don't know
1,90744,Male,1,1,0,70,1,1,Fiber optic,0,1,1,0,1,1,One year,1,0,6,104.8,7308.95,No,0,57,7336.0,7336.0,Don't know
1,90745,Male,1,1,0,65,1,0,Fiber optic,0,0,0,0,0,0,One year,1,1,1,70.95,4555.2,No,0,30,4611.75,4611.75,Don't know
1,90746,Male,0,0,0,1,1,0,DSL,0,0,0,0,0,0,Month-to-month,1,0,1,44.95,44.95,No,0,75,44.95,44.95,Don't know
1,90802,Female,0,1,0,70,1,1,Fiber optic,0,0,1,0,1,1,One year,1,0,5,97.65,6982.5,No,0,35,6835.5,6835.5,Don't know
1,90803,Female,1,1,1,29,0,0,DSL,0,1,1,0,0,0,Month-to-month,1,0,2,35.65,1025.15,No,0,46,1033.85,1033.85,Don't know
1,90805,Female,0,0,0,67,1,1,DSL,1,0,1,1,1,1,Two year,1,0,7,85.25,5714.2,No,0,61,5711.75,5711.75,Don't know
1,90806,Female,0,0,0,1,1,0,No,0,0,0,0,0,0,Month-to-month,1,0,1,19.5,19.5,No,0,23,19.5,19.5,Don't know
1,90808,Female,0,1,1,30,1,1,No,0,0,0,0,0,0,Two year,1,0,2,25.1,789.55,No,0,35,753.0,753.0,Don't know
1,90810,Female,0,1,0,48,1,0,Fiber optic,0,0,1,1,1,1,Month-to-month,1,1,5,100.05,4834,No,0,34,4802.4,4802.4,Don't know
1,90813,Female,0,1,1,55,1,0,DSL,1,1,0,0,0,0,Month-to-month,0,0,3,55.7,3131.8,No,0,61,3063.5,3063.5,Don't know
1,90815,Male,0,0,0,37,1,1,Fiber optic,1,0,0,0,1,0,Month-to-month,1,0,4,91.15,3369.25,No,0,37,3372.55,3372.55,Don't know
1,90822,Female,0,1,0,31,1,0,Fiber optic,0,1,0,0,0,1,Month-to-month,1,1,3,83.85,2674.15,No,0,56,2599.35,2599.35,Don't know
1,91001,Male,0,0,0,4,1,0,DSL,0,0,0,0,0,0,Month-to-month,1,0,1,45.9,199.75,No,0,39,183.6,183.6,Don't know
1,91006,Male,0,1,1,72,1,1,No,0,0,0,0,0,0,Two year,1,1,2,25.1,1790.8,No,0,52,1807.2,1807.2,Don't know
1,91010,Male,0,1,1,1,1,0,No,0,0,0,0,0,0,Month-to-month,0,0,1,19.7,19.7,No,0,43,19.7,19.7,Don't know
1,91011,Female,1,0,0,15,1,0,Fiber optic,0,0,0,0,1,1,Month-to-month,1,0,3,91.5,1400.3,No,0,41,1372.5,1372.5,Don't know
1,91016,Male,0,1,1,8,1,0,DSL,1,0,0,0,0,0,Month-to-month,1,1,2,51.3,411.6,No,0,66,410.4,410.4,Don't know
1,91020,Female,0,0,0,35,1,0,No,0,0,0,0,0,0,One year,0,0,1,21.1,741,No,0,79,738.5,738.5,Don't know
1,91024,Female,1,0,0,56,1,1,Fiber optic,0,1,1,0,1,1,Month-to-month,0,0,6,104.75,5841.35,No,0,35,5866.0,5866.0,Don't know
1,91040,Male,1,1,1,65,1,1,Fiber optic,1,1,0,0,0,0,Month-to-month,1,0,4,85.75,5688.45,No,0,21,5573.75,5573.75,Don't know
1,91042,Female,0,1,1,2,1,0,No,0,0,0,0,0,0,One year,0,0,1,20.3,31.9,No,0,58,40.6,40.6,Don't know
1,91101,Male,1,1,0,65,1,1,Fiber optic,1,0,0,0,1,1,One year,1,0,5,100.75,6674.65,No,0,66,6548.75,6548.75,Don't know
1,91103,Female,0,0,0,18,1,1,Fiber optic,0,0,0,0,0,0,Month-to-month,1,0,2,74.15,1345.75,No,0,73,1334.7,1334.7,Don't know
1,91104,Female,0,0,0,23,1,1,DSL,1,0,1,0,1,1,One year,1,0,6,78.55,1843.05,No,0,47,1806.6499999999999,1806.6499999999999,Don't know
1,91106,Male,0,1,0,70,1,0,No,0,0,0,0,0,0,Two year,0,1,1,19.85,1433.8,No,0,39,1389.5,1389.5,Don't know
1,91107,Female,0,0,0,4,1,1,DSL,0,0,0,0,0,0,Month-to-month,0,0,2,50.7,214.55,No,0,60,202.8,202.8,Don't know
1,91108,Male,0,0,0,19,1,0,DSL,0,0,0,0,0,0,Month-to-month,1,1,1,45.0,865.85,No,0,62,855.0,855.0,Don't know
1,91201,Female,0,0,0,18,1,0,Fiber optic,0,1,1,0,0,0,Month-to-month,0,0,3,77.8,1358.6,No,0,42,1400.3999999999999,1400.3999999999999,Don't know
1,91202,Female,1,1,0,38,1,0,Fiber optic,1,0,0,0,0,1,Month-to-month,1,0,3,83.45,3147.15,No,0,49,3171.1,3171.1,Don't know
1,91204,Male,0,0,0,47,1,1,Fiber optic,1,1,0,0,1,0,One year,0,1,5,94.8,4535.85,No,0,66,4455.599999999999,4455.599999999999,Don't know
1,91205,Female,0,1,1,52,1,0,No,0,0,0,0,0,0,Two year,0,1,1,20.1,1078.75,No,0,71,1045.2,1045.2,Don't know
1,91206,Male,0,0,0,9,1,1,DSL,0,0,0,0,0,1,Month-to-month,0,0,3,59.9,542.4,No,0,66,539.1,539.1,Don't know
1,91207,Female,0,1,0,26,1,1,DSL,1,1,1,1,1,1,One year,1,1,8,90.1,2312.55,No,0,39,2342.6,2342.6,Don't know
1,91214,Male,0,1,0,44,1,0,DSL,0,1,1,1,1,0,One year,1,0,5,70.95,3250.45,No,0,66,3121.8,3121.8,Don't know
1,91301,Female,0,0,0,3,0,0,DSL,0,1,0,0,0,0,Month-to-month,0,0,1,29.2,98.5,No,0,48,87.6,87.6,Don't know
1,91302,Male,0,0,0,2,1,0,DSL,0,0,0,0,0,0,Month-to-month,1,1,1,46.6,87.9,No,0,54,93.2,93.2,Don't know
1,91306,Male,0,0,0,25,1,0,Fiber optic,1,0,0,0,0,0,Month-to-month,0,1,2,74.3,1952.25,No,0,64,1857.5,1857.5,Don't know
1,91307,Female,1,1,0,2,1,0,Fiber optic,0,0,0,0,0,0,Month-to-month,1,0,1,69.3,153.8,No,0,58,138.6,138.6,Don't know
1,91320,Female,0,1,0,58,1,1,Fiber optic,0,1,1,0,0,1,One year,1,0,5,94.3,5610.15,No,0,77,5469.4,5469.4,Don't know
1,91321,Female,0,1,1,59,1,1,DSL,1,0,1,1,1,0,Two year,1,0,6,76.45,4519.5,No,0,27,4510.55,4510.55,Don't know
1,91324,Male,0,0,0,44,0,0,DSL,1,0,1,0,1,1,One year,1,0,4,54.0,2440.25,No,0,36,2376.0,2376.0,Don't know
1,91325,Male,0,0,0,66,1,1,Fiber optic,0,1,0,1,1,1,One year,1,0,6,104.25,6860.6,No,0,42,6880.5,6880.5,Don't know
1,91326,Male,0,1,1,68,1,0,No,0,0,0,0,0,0,Two year,0,1,1,19.95,1377.7,No,0,53,1356.6,1356.6,Don't know
1,91331,Male,0,0,0,9,0,0,DSL,0,0,0,0,0,0,Month-to-month,1,0,0,24.95,190.25,No,0,24,224.54999999999998,224.54999999999998,Don't know
1,91335,Male,0,0,0,19,1,1,Fiber optic,1,0,1,0,0,0,Month-to-month,1,0,4,84.75,1651.95,No,0,24,1610.25,1610.25,Don't know
1,91340,Male,0,0,0,4,1,0,No,0,0,0,0,0,0,Month-to-month,0,0,1,19.75,78.3,No,0,25,79.0,79.0,Don't know
1,91342,Female,0,0,0,70,1,1,Fiber optic,1,1,1,1,1,1,Two year,1,1,8,113.65,7939.25,No,0,75,7955.5,7955.5,Don't know
1,91343,Male,0,0,0,1,1,0,DSL,0,0,0,0,0,0,Month-to-month,1,0,1,44.9,44.9,No,0,21,44.9,44.9,Don't know
1,91344,Female,0,0,0,8,1,1,Fiber optic,0,0,0,0,0,0,Month-to-month,1,0,2,75.25,576.7,No,0,74,602.0,602.0,Don't know
1,91345,Male,0,0,0,53,1,1,No,0,0,0,0,0,0,Two year,0,0,2,24.6,1279,No,0,44,1303.8000000000002,1303.8000000000002,Don't know
1,91350,Male,1,0,0,51,1,1,No,0,0,0,0,0,0,One year,0,1,2,25.0,1260.7,No,0,49,1275.0,1275.0,Don't know
1,91351,Male,0,1,1,11,1,0,No,0,0,0,0,0,0,Month-to-month,0,1,1,20.95,267.35,No,0,31,230.45,230.45,Don't know
1,91352,Male,0,1,1,60,1,1,Fiber optic,1,0,1,1,1,1,Two year,1,0,7,110.6,6586.85,No,0,22,6636.0,6636.0,Don't know
1,91354,Male,0,0,0,17,1,0,DSL,1,1,0,0,0,0,Month-to-month,1,1,3,55.5,934.15,No,0,38,943.5,943.5,Don't know
1,91360,Male,0,0,0,1,1,0,No,0,0,0,0,0,0,Month-to-month,0,0,1,19.45,19.45,No,0,48,19.45,19.45,Don't know
1,91361,Male,1,0,0,43,1,1,Fiber optic,0,0,0,0,1,0,Month-to-month,1,0,3,84.85,3645.6,No,0,56,3648.5499999999997,3648.5499999999997,Don't know
1,91362,Female,0,1,0,16,1,0,No,0,0,0,0,0,0,Month-to-month,0,0,1,19.6,314.45,No,0,79,313.6,313.6,Don't know
1,91364,Female,0,1,1,57,1,0,DSL,1,1,0,0,0,0,One year,0,0,3,53.45,3053,No,0,21,3046.65,3046.65,Don't know
1,91367,Male,0,1,1,37,1,0,No,0,0,0,0,0,0,One year,0,1,1,19.8,677.05,No,0,24,732.6,732.6,Don't know
1,91377,Female,0,1,0,72,1,1,Fiber optic,1,1,1,1,1,1,Two year,0,1,8,112.1,7965.95,No,0,62,8071.2,8071.2,Don't know
1,91405,Male,1,1,0,2,1,0,Fiber optic,0,0,1,0,0,0,Month-to-month,1,0,2,74.2,140.1,No,0,32,148.4,148.4,Don't know
1,91406,Female,0,0,0,17,1,1,DSL,0,0,1,1,1,0,Month-to-month,1,0,5,69.0,1108,No,0,22,1173.0,1173.0,Don't know
1,91411,Female,0,0,0,16,1,0,No,0,0,0,0,0,0,One year,0,1,1,19.35,295.55,No,0,22,309.6,309.6,Don't know
1,91436,Female,0,0,0,10,1,0,No,0,0,0,0,0,0,One year,1,0,1,19.8,198.25,No,0,34,198.0,198.0,Don't know
1,91502,Male,0,1,1,64,1,1,Fiber optic,0,1,1,1,1,1,Two year,1,1,7,109.2,6741.15,No,0,34,6988.8,6988.8,Don't know
1,91504,Female,0,0,0,1,1,1,Fiber optic,0,1,0,0,0,0,Month-to-month,1,0,3,79.15,79.15,No,0,57,79.15,79.15,Don't know
1,91505,Male,0,1,1,25,1,0,DSL,0,1,1,0,0,0,One year,0,0,3,53.65,1355.45,No,0,25,1341.25,1341.25,Don't know
1,91506,Male,0,1,1,71,1,0,Fiber optic,1,1,1,1,1,0,Two year,0,1,6,100.2,7209,No,0,55,7114.2,7114.2,Don't know
1,91602,Female,0,1,1,72,1,0,Fiber optic,1,1,1,1,1,1,Two year,1,1,7,108.65,7726.35,No,0,48,7822.8,7822.8,Don't know
1,91604,Female,0,1,0,49,0,0,DSL,1,0,0,0,1,0,Month-to-month,0,1,2,40.65,2070.75,No,0,29,1991.85,1991.85,Don't know
1,91605,Male,0,1,1,29,0,0,DSL,1,1,1,1,0,1,One year,1,1,5,55.35,1636.95,No,0,70,1605.15,1605.15,Don't know
1,91606,Male,0,1,0,72,1,1,Fiber optic,1,1,1,1,0,1,Two year,0,1,7,105.6,7581.5,No,0,48,7603.2,7603.2,Don't know
1,91701,Female,0,0,0,50,1,1,Fiber optic,0,0,0,0,1,1,Month-to-month,1,0,4,95.7,4729.75,No,0,44,4785.0,4785.0,Don't know
1,91702,Male,0,1,0,71,1,1,DSL,1,0,1,1,1,1,Two year,0,0,7,83.2,6126.1,No,0,73,5907.2,5907.2,Don't know
1,91706,Male,1,1,0,70,1,1,DSL,1,1,1,1,1,1,Two year,0,1,8,90.05,6333.4,No,0,47,6303.5,6303.5,Don't know
1,91709,Male,0,0,0,71,1,1,Fiber optic,1,0,0,1,0,1,One year,0,1,5,97.65,6687.85,No,0,37,6933.150000000001,6933.150000000001,Don't know
1,91710,Male,0,1,1,61,1,0,DSL,1,1,1,1,0,0,Two year,1,1,5,68.05,4158.25,No,0,78,4151.05,4151.05,Don't know
1,91723,Male,0,0,0,68,1,1,Fiber optic,1,1,1,0,0,1,Two year,1,1,6,102.1,7149.35,No,0,62,6942.799999999999,6942.799999999999,Don't know
1,91724,Male,0,0,0,62,1,1,No,0,0,0,0,0,0,Two year,0,1,2,23.4,1429.65,No,0,67,1450.8,1450.8,Don't know
1,91730,Female,0,0,1,7,1,0,Fiber optic,0,0,0,0,0,0,Month-to-month,1,0,1,71.05,472.65,No,0,49,497.34999999999997,497.34999999999997,Don't know
1,91732,Male,0,1,1,6,1,0,No,0,0,0,0,0,0,One year,0,0,1,19.45,113.5,No,0,43,116.69999999999999,116.69999999999999,Don't know
1,91733,Female,1,0,0,33,0,0,DSL,1,1,1,0,1,1,Month-to-month,1,1,5,59.45,1884.65,No,0,30,1961.8500000000001,1961.8500000000001,Don't know
1,91737,Male,0,1,1,28,1,1,Fiber optic,0,0,0,0,1,1,One year,0,1,4,92.2,2568.15,No,0,26,2581.6,2581.6,Don't know
1,91739,Male,0,0,0,27,1,0,No,0,0,0,0,0,0,Two year,0,1,1,19.85,470,No,0,58,535.95,535.95,Don't know
1,91740,Male,0,0,0,7,1,0,DSL,0,0,0,0,0,0,Month-to-month,0,0,1,43.9,278.4,No,0,75,307.3,307.3,Don't know
1,91745,Male,1,0,0,30,1,1,Fiber optic,1,0,0,0,0,1,Month-to-month,1,1,4,90.5,2595.85,No,0,53,2715.0,2715.0,Don't know
1,91746,Male,0,0,0,63,1,1,Fiber optic,0,1,0,0,0,1,One year,0,1,4,90.45,5825.5,No,0,23,5698.35,5698.35,Don't know
1,91750,Female,0,0,1,53,1,1,DSL,0,1,1,1,1,1,One year,1,0,7,84.6,4449.75,No,0,60,4483.799999999999,4483.799999999999,Don't know
1,91754,Female,0,0,0,21,1,0,Fiber optic,0,1,0,1,1,1,Month-to-month,1,1,5,99.15,1956.4,No,0,36,2082.15,2082.15,Don't know
1,91755,Male,0,0,0,17,1,0,No,0,0,0,0,0,0,One year,0,0,1,19.95,310.6,No,0,76,339.15,339.15,Don't know
1,91759,Male,0,1,1,16,1,0,No,0,0,0,0,0,0,Two year,0,0,1,20.5,290.55,No,0,52,328.0,328.0,Don't know
1,91761,Female,0,0,0,35,1,0,DSL,0,0,1,0,0,1,Month-to-month,1,0,3,62.1,2096.1,No,0,65,2173.5,2173.5,Don't know
1,91762,Female,1,0,0,32,1,0,Fiber optic,0,0,0,0,0,1,Month-to-month,1,0,2,79.5,2665,No,0,24,2544.0,2544.0,Don't know
1,91763,Female,0,1,1,28,1,0,No,0,0,0,0,0,0,Month-to-month,1,1,1,19.55,543.8,No,0,41,547.4,547.4,Don't know
1,91764,Female,0,0,0,1,1,0,No,0,0,0,0,0,0,Month-to-month,1,0,1,20.35,20.35,No,0,40,20.35,20.35,Don't know
1,91765,Male,0,0,0,59,0,0,DSL,0,0,0,1,1,1,Month-to-month,1,0,3,51.7,3005.8,No,0,30,3050.3,3050.3,Don't know
1,91766,Female,0,1,1,72,1,1,No,0,0,0,0,0,0,One year,1,1,2,23.3,1623.15,No,0,30,1677.6000000000001,1677.6000000000001,Don't know
1,91768,Female,0,0,0,40,1,0,DSL,1,1,0,0,1,0,Month-to-month,0,0,4,65.1,2586,No,0,54,2604.0,2604.0,Don't know
1,91770,Male,0,1,1,40,1,1,Fiber optic,0,0,1,0,0,0,Month-to-month,1,0,3,81.2,3292.3,No,0,61,3248.0,3248.0,Don't know
1,91775,Male,0,1,1,63,1,0,DSL,1,1,1,1,1,0,Two year,0,1,6,74.5,4674.55,No,0,52,4693.5,4693.5,Don't know
1,91776,Female,0,0,0,3,1,0,Fiber optic,0,0,0,0,1,0,Month-to-month,1,0,2,80.5,232.35,No,0,53,241.5,241.5,Don't know
1,91780,Male,0,1,1,40,0,0,DSL,0,1,1,1,1,1,One year,0,0,5,60.3,2448.5,No,0,28,2412.0,2412.0,Don't know
1,91784,Male,0,1,0,8,1,0,Fiber optic,1,0,0,0,0,0,Month-to-month,1,0,2,75.0,658.1,No,0,80,600.0,600.0,Don't know
1,91786,Male,1,1,0,34,1,0,Fiber optic,1,0,0,1,1,0,One year,0,0,4,90.15,3128.8,No,0,38,3065.1000000000004,3065.1000000000004,Don't know
1,91791,Male,0,1,0,9,1,1,DSL,0,1,1,0,0,1,Month-to-month,1,1,5,69.05,653.95,No,0,60,621.4499999999999,621.4499999999999,Don't know
1,91792,Male,0,1,1,31,1,1,DSL,0,0,0,0,0,1,Month-to-month,0,1,3,59.7,1825.5,No,0,20,1850.7,1850.7,Don't know
1,91801,Female,0,1,0,50,1,0,No,0,0,0,0,0,0,One year,1,1,1,19.85,943.1,No,0,39,992.5000000000001,992.5000000000001,Don't know
1,91905,Female,0,0,0,9,0,0,DSL,0,1,0,0,0,1,Month-to-month,0,0,2,40.75,359.4,No,0,24,366.75,366.75,Don't know
1,91911,Male,0,1,0,25,1,0,Fiber optic,0,0,0,1,1,1,Month-to-month,1,1,4,95.7,2338.35,No,0,34,2392.5,2392.5,Don't know
1,91913,Male,1,0,0,1,1,0,DSL,0,0,0,0,0,0,Month-to-month,0,0,1,46.3,46.3,No,0,65,46.3,46.3,Don't know
1,91914,Female,0,1,1,45,1,1,DSL,1,1,1,1,1,0,Month-to-month,0,0,7,81.3,3541.1,No,0,77,3658.5,3658.5,Don't know
1,91916,Female,0,1,1,55,1,0,No,0,0,0,0,0,0,Month-to-month,0,1,1,20.0,1087.25,No,0,53,1100.0,1100.0,Don't know
1,91917,Female,0,0,0,38,1,1,DSL,1,1,1,0,0,0,Month-to-month,1,1,5,66.15,2522.4,No,0,78,2513.7000000000003,2513.7000000000003,Don't know
1,91932,Male,0,1,1,38,1,0,No,0,0,0,0,0,0,Month-to-month,0,0,1,19.6,717.3,No,0,34,744.8000000000001,744.8000000000001,Don't know
1,91934,Male,0,0,0,34,1,0,DSL,0,1,0,0,0,0,Month-to-month,1,0,2,49.8,1734.2,No,0,47,1693.1999999999998,1693.1999999999998,Don't know
1,91935,Female,0,1,0,70,1,1,Fiber optic,0,0,1,0,1,1,One year,1,0,5,101.75,7069.3,No,0,47,7122.5,7122.5,Don't know
1,91941,Female,0,0,0,13,1,0,DSL,1,0,0,1,0,0,One year,0,0,3,55.15,742.9,No,0,59,716.9499999999999,716.9499999999999,Don't know
1,91945,Female,0,0,0,61,1,1,Fiber optic,0,1,1,0,1,1,One year,1,0,6,103.95,6423,No,0,59,6340.95,6340.95,Don't know
1,91950,Male,0,0,0,41,1,0,Fiber optic,0,1,0,1,1,1,Two year,1,1,5,99.65,4220.35,No,0,66,4085.65,4085.65,Don't know
1,91962,Male,0,0,0,21,1,1,Fiber optic,0,0,0,0,0,0,Month-to-month,1,0,2,73.7,1558.7,No,0,39,1547.7,1547.7,Don't know
1,91963,Male,1,0,0,55,0,0,DSL,0,0,1,0,1,1,One year,1,1,3,50.05,2743.45,No,0,70,2752.75,2752.75,Don't know
1,91977,Male,0,1,0,69,0,0,DSL,1,0,1,1,1,1,Two year,0,1,5,60.25,4055.5,No,0,44,4157.25,4157.25,Don't know
1,91980,Female,1,1,0,69,1,0,Fiber optic,1,1,0,0,0,1,One year,0,1,4,87.3,6055.55,No,0,69,6023.7,6023.7,Don't know
1,92004,Male,0,1,1,47,1,1,DSL,0,1,0,0,0,0,Month-to-month,0,0,3,54.25,2538.2,No,0,71,2549.75,2549.75,Don't know
1,92007,Female,0,1,1,72,1,0,DSL,1,1,1,1,1,1,Two year,0,1,7,85.3,6129.2,No,0,28,6141.599999999999,6141.599999999999,Don't know
1,92008,Male,1,1,0,33,0,0,DSL,0,1,1,1,1,0,Month-to-month,1,0,4,50.0,1750.85,No,0,65,1650.0,1650.0,Don't know
1,92014,Female,0,1,1,72,1,1,DSL,1,1,1,1,1,1,Two year,0,1,8,90.95,6652.45,No,0,66,6548.400000000001,6548.400000000001,Don't know
1,92019,Male,1,1,0,37,1,0,Fiber optic,0,0,0,0,0,0,Month-to-month,1,1,1,72.25,2575.45,No,0,20,2673.25,2673.25,Don't know
1,92020,Female,1,1,1,62,1,1,Fiber optic,0,1,1,0,0,1,Month-to-month,1,1,5,96.1,6019.35,No,0,37,5958.2,5958.2,Don't know
1,92021,Female,0,1,0,71,1,0,No,0,0,0,0,0,0,Two year,0,1,1,19.85,1379.6,No,0,56,1409.3500000000001,1409.3500000000001,Don't know
1,92024,Male,0,0,1,23,1,0,DSL,0,1,0,1,0,0,Month-to-month,1,1,3,55.3,1284.2,No,0,65,1271.8999999999999,1271.8999999999999,Don't know
1,92025,Female,0,0,0,16,1,0,No,0,0,0,0,0,0,One year,0,0,1,20.1,296.15,No,0,72,321.6,321.6,Don't know
1,92026,Male,0,0,0,9,1,0,DSL,1,0,1,1,1,0,Month-to-month,1,0,5,69.5,653.25,No,0,72,625.5,625.5,Don't know
1,92027,Male,0,1,1,17,1,1,No,0,0,0,0,0,0,Two year,1,0,2,25.15,412.6,No,0,33,427.54999999999995,427.54999999999995,Don't know
1,92036,Female,0,1,0,24,1,1,Fiber optic,0,0,1,0,0,0,Month-to-month,1,0,3,79.65,1928.7,No,0,72,1911.6000000000001,1911.6000000000001,Don't know
1,92037,Female,1,0,0,1,1,0,Fiber optic,0,0,0,0,0,0,Month-to-month,1,0,1,71.25,71.25,No,0,49,71.25,71.25,Don't know
1,92040,Male,1,0,0,72,1,1,Fiber optic,1,1,1,1,1,1,Two year,0,1,8,113.8,7845.8,No,0,56,8193.6,8193.6,Don't know
1,92054,Female,0,1,0,72,1,1,No,0,0,0,0,0,0,Two year,0,0,2,24.55,1750.7,No,0,52,1767.6000000000001,1767.6000000000001,Don't know
1,92056,Female,0,0,1,11,1,0,No,0,0,0,0,0,0,Month-to-month,0,1,1,19.7,216.2,No,0,67,216.7,216.7,Don't know
1,92060,Female,1,1,0,60,1,1,Fiber optic,0,0,1,0,1,1,One year,1,1,5,100.5,6029,No,0,34,6030.0,6030.0,Don't know
1,92064,Female,0,0,0,49,1,0,DSL,0,0,1,1,1,1,Two year,1,1,5,74.45,3721.9,No,0,60,3648.05,3648.05,Don't know
1,92065,Female,1,0,0,30,1,1,Fiber optic,0,1,1,0,1,1,Month-to-month,1,0,6,104.1,3121.1,No,0,59,3123.0,3123.0,Don't know
1,92066,Female,0,1,0,53,1,0,No,0,0,0,0,0,0,One year,0,1,1,19.05,990.45,No,0,74,1009.6500000000001,1009.6500000000001,Don't know
1,92067,Male,0,0,1,39,1,1,No,0,0,0,0,0,0,Two year,0,0,2,25.0,1004.35,No,0,55,975.0,975.0,Don't know
1,92069,Female,0,0,0,9,1,0,No,0,0,0,0,0,0,Month-to-month,0,0,1,19.05,157.65,No,0,61,171.45000000000002,171.45000000000002,Don't know
1,92070,Male,0,0,0,39,1,0,Fiber optic,0,0,1,1,0,0,One year,0,0,3,81.9,3219.75,No,0,46,3194.1000000000004,3194.1000000000004,Don't know
1,92071,Male,1,0,0,8,1,0,Fiber optic,0,0,0,0,0,0,Month-to-month,1,0,1,69.7,572.85,No,0,20,557.6,557.6,Don't know
1,92075,Female,0,1,1,51,1,1,Fiber optic,0,0,1,0,0,1,One year,1,0,4,90.15,4554.85,No,0,22,4597.650000000001,4597.650000000001,Don't know
1,92078,Male,0,1,1,71,1,1,No,0,0,0,0,0,0,Two year,0,1,2,25.35,1847.55,No,0,68,1799.8500000000001,1799.8500000000001,Don't know
1,92082,Male,1,0,0,71,1,1,No,0,0,0,0,0,0,Two year,1,0,2,24.65,1766.75,No,0,73,1750.1499999999999,1750.1499999999999,Don't know
1,92083,Female,1,1,0,70,1,0,No,0,0,0,0,0,0,Two year,1,1,1,19.55,1462.05,No,0,22,1368.5,1368.5,Don't know
1,92086,Male,0,1,0,38,0,0,DSL,1,1,0,1,1,1,Two year,1,1,5,60.0,2193.2,No,0,42,2280.0,2280.0,Don't know
1,92091,Female,0,1,0,28,1,0,Fiber optic,0,1,1,0,0,1,Month-to-month,0,1,4,89.9,2433.5,No,0,55,2517.2000000000003,2517.2000000000003,Don't know
1,92101,Female,0,1,0,32,1,0,No,0,0,0,0,0,0,Month-to-month,0,1,1,19.4,641.15,No,0,31,620.8,620.8,Don't know
1,92102,Male,1,1,0,49,1,0,DSL,0,1,0,0,0,0,Two year,0,0,2,49.8,2398.4,No,0,37,2440.2,2440.2,Don't know
1,92103,Female,0,1,1,37,1,1,No,0,0,0,0,0,0,Two year,1,1,2,24.1,861.85,No,0,36,891.7,891.7,Don't know
1,92104,Female,0,0,0,10,1,0,DSL,0,0,1,1,0,0,Month-to-month,0,0,3,54.25,583,No,0,43,542.5,542.5,Don't know
1,92105,Male,0,1,0,67,1,1,Fiber optic,1,1,1,0,1,1,One year,0,1,7,109.9,7332.4,No,0,26,7363.3,7363.3,Don't know
1,92106,Male,0,0,0,7,0,0,DSL,0,0,1,1,0,0,One year,1,1,2,35.5,249.55,No,0,48,248.5,248.5,Don't know
1,92107,Female,0,0,0,51,1,0,Fiber optic,0,0,0,0,1,1,One year,0,1,3,87.55,4475.9,No,0,57,4465.05,4465.05,Don't know
1,92109,Female,0,0,0,9,1,0,Fiber optic,0,0,0,0,1,1,Month-to-month,1,0,3,88.4,788.6,No,0,32,795.6,795.6,Don't know
1,92110,Male,0,0,0,4,1,0,DSL,0,0,0,1,0,0,Month-to-month,1,0,2,50.8,202.3,No,0,47,203.2,203.2,Don't know
1,92111,Male,0,1,0,71,1,1,Fiber optic,1,1,1,0,1,0,Two year,1,0,6,99.0,6994.6,No,0,31,7029.0,7029.0,Don't know
1,92114,Female,1,1,1,24,1,0,Fiber optic,0,0,1,0,1,1,Two year,1,0,4,96.55,2263.45,No,0,73,2317.2,2317.2,Don't know
1,92115,Male,0,1,0,22,1,0,DSL,1,0,0,0,1,0,One year,1,1,3,59.75,1374.35,No,0,31,1314.5,1314.5,Don't know
1,92116,Male,0,0,0,44,1,1,Fiber optic,1,1,1,0,1,1,Month-to-month,1,0,7,111.5,4915.15,No,0,26,4906.0,4906.0,Don't know
1,92117,Female,0,1,1,33,1,1,No,0,0,0,0,0,0,Month-to-month,0,1,2,24.25,838.5,No,0,73,800.25,800.25,Don't know
1,92122,Female,0,0,0,1,1,0,No,0,0,0,0,0,0,Month-to-month,0,0,1,20.5,20.5,No,0,54,20.5,20.5,Don't know
1,92123,Male,0,0,0,30,1,0,DSL,1,1,0,1,1,0,One year,0,0,5,70.4,2044.75,No,0,68,2112.0,2112.0,Don't know
1,92124,Female,0,0,0,1,0,0,DSL,0,0,0,1,0,0,Month-to-month,0,0,1,30.55,30.55,No,0,57,30.55,30.55,Don't know
1,92126,Male,0,1,1,16,1,1,DSL,1,1,0,1,1,1,Month-to-month,0,0,7,84.9,1398.25,No,0,43,1358.4,1358.4,Don't know
1,92131,Male,0,1,0,71,1,0,DSL,1,0,0,1,0,0,Two year,0,1,3,54.5,3778.2,No,0,57,3869.5,3869.5,Don't know
1,92139,Male,0,0,0,43,1,1,Fiber optic,0,0,0,0,0,0,Month-to-month,1,1,2,75.35,3161.4,No,0,33,3240.0499999999997,3240.0499999999997,Don't know
1,92154,Male,0,1,0,50,0,0,DSL,1,0,0,1,1,0,One year,1,1,3,44.45,2188.45,No,0,54,2222.5,2222.5,Don't know
1,92203,Female,0,0,0,41,1,1,Fiber optic,0,0,1,0,1,1,Month-to-month,0,1,5,98.05,3990.6,No,0,58,4020.0499999999997,4020.0499999999997,Don't know
1,92220,Female,0,1,0,40,1,1,DSL,0,1,0,0,1,0,One year,0,1,4,63.9,2635,No,0,41,2556.0,2556.0,Don't know
1,92223,Female,0,1,1,3,1,1,DSL,0,1,1,0,1,0,Month-to-month,1,1,5,69.15,235,No,0,22,207.45000000000002,207.45000000000002,Don't know
1,92225,Female,0,0,0,37,1,1,DSL,1,0,0,0,1,0,One year,0,1,4,64.65,2347.85,No,0,45,2392.05,2392.05,Don't know
1,92230,Female,0,1,1,32,1,1,Fiber optic,0,1,0,0,1,1,Month-to-month,1,0,5,98.85,3089.6,No,0,25,3163.2,3163.2,Don't know
1,92233,Female,0,1,1,32,1,1,Fiber optic,1,0,0,0,1,0,Month-to-month,0,0,4,89.6,2901.8,No,0,54,2867.2,2867.2,Don't know
1,92234,Female,0,0,0,59,1,1,Fiber optic,0,1,1,0,0,0,Month-to-month,1,0,4,83.25,4949.1,No,0,32,4911.75,4911.75,Don't know
1,92236,Female,0,1,0,30,1,0,DSL,0,1,1,1,0,1,One year,0,1,5,70.25,2198.9,No,0,66,2107.5,2107.5,Don't know
1,92240,Female,0,1,1,27,1,1,No,0,0,0,0,0,0,Two year,0,0,2,24.5,761.95,No,0,67,661.5,661.5,Don't know
1,92242,Male,0,0,1,9,1,0,No,0,0,0,0,0,0,One year,0,0,1,20.1,190.25,No,0,20,180.9,180.9,Don't know
1,92243,Female,0,1,1,68,1,1,DSL,1,1,1,0,1,0,One year,1,1,6,73.0,5163,No,0,67,4964.0,4964.0,Don't know
1,92249,Female,0,1,1,69,1,1,DSL,1,0,0,1,0,0,Two year,0,1,4,61.4,4059.85,No,0,80,4236.599999999999,4236.599999999999,Don't know
1,92250,Male,0,0,0,26,1,1,Fiber optic,0,0,1,1,0,0,Month-to-month,1,0,4,84.3,2281.6,No,0,66,2191.7999999999997,2191.7999999999997,Don't know
1,92251,Male,0,1,1,69,1,0,No,0,0,0,0,0,0,Two year,0,1,1,19.9,1356.7,No,0,54,1373.1,1373.1,Don't know
1,92252,Male,0,0,0,11,1,0,No,0,0,0,0,0,0,Two year,0,0,1,20.4,231.45,No,0,51,224.39999999999998,224.39999999999998,Don't know
1,92253,Male,0,0,0,1,1,1,DSL,0,0,0,0,0,0,Month-to-month,0,0,2,50.75,50.75,No,0,69,50.75,50.75,Don't know
1,92254,Male,0,1,1,10,1,0,No,0,0,0,0,0,0,One year,0,0,1,20.45,242.4,No,0,54,204.5,204.5,Don't know
1,92256,Female,0,1,1,55,1,1,DSL,1,1,0,1,0,1,One year,1,1,6,75.75,4264.25,No,0,51,4166.25,4166.25,Don't know
1,92257,Male,0,0,0,44,1,0,DSL,1,0,0,1,1,0,One year,0,0,4,65.4,2774.55,No,0,76,2877.6000000000004,2877.6000000000004,Don't know
1,92259,Male,0,1,1,69,1,0,DSL,1,1,1,0,0,0,Two year,1,1,4,59.75,4069.9,No,0,39,4122.75,4122.75,Don't know
1,92260,Male,1,0,0,11,1,0,Fiber optic,0,0,0,0,0,1,Month-to-month,1,0,2,78.5,874.2,No,0,51,863.5,863.5,Don't know
1,92264,Male,0,0,0,29,1,0,DSL,0,0,1,0,0,0,Month-to-month,0,1,2,48.95,1323.7,No,0,66,1419.5500000000002,1419.5500000000002,Don't know
1,92266,Female,0,1,0,57,1,1,Fiber optic,1,0,0,0,1,1,Month-to-month,1,0,5,99.65,5497.05,No,0,42,5680.05,5680.05,Don't know
1,92267,Male,0,0,0,28,1,0,No,0,0,0,0,0,0,One year,0,1,1,18.25,534.7,No,0,67,511.0,511.0,Don't know
1,92268,Female,0,0,0,42,1,0,DSL,1,0,1,0,0,0,Month-to-month,0,1,3,54.55,2455.05,No,0,72,2291.1,2291.1,Don't know
1,92273,Male,0,0,1,23,0,0,DSL,1,1,0,1,0,0,One year,0,1,3,40.65,947.4,No,0,43,934.9499999999999,934.9499999999999,Don't know
1,92274,Female,0,1,1,18,1,0,No,0,0,0,0,0,0,Month-to-month,0,0,1,20.45,357,No,0,71,368.09999999999997,368.09999999999997,Don't know
1,92275,Male,0,1,1,62,1,1,No,0,0,0,0,0,0,One year,0,1,2,24.8,1476.25,No,0,53,1537.6000000000001,1537.6000000000001,Don't know
1,92280,Male,0,0,0,67,1,1,DSL,1,1,1,1,1,1,One year,1,1,8,88.8,5903.15,No,0,68,5949.599999999999,5949.599999999999,Don't know
1,92281,Male,0,0,0,62,1,0,No,0,0,0,0,0,0,Two year,1,1,1,20.05,1201.65,No,0,74,1243.1000000000001,1243.1000000000001,Don't know
1,92283,Male,0,0,0,2,1,0,Fiber optic,0,0,0,0,0,0,Month-to-month,1,0,1,69.8,146.65,No,0,26,139.6,139.6,Don't know
1,92284,Female,0,1,1,23,1,1,DSL,1,0,1,1,1,0,Two year,1,1,6,77.15,1759.4,No,0,33,1774.45,1774.45,Don't know
1,92285,Female,0,0,1,25,0,0,DSL,1,0,0,1,0,0,Two year,0,1,2,35.05,844.45,No,0,69,876.2499999999999,876.2499999999999,Don't know
1,92301,Female,1,0,0,72,1,1,Fiber optic,0,1,1,1,1,1,Two year,1,1,7,108.1,7774.05,No,0,71,7783.2,7783.2,Don't know
1,92304,Female,0,1,0,2,1,1,Fiber optic,0,0,0,0,1,0,Month-to-month,1,0,3,84.05,134.05,No,0,78,168.1,168.1,Don't know
1,92305,Female,0,0,0,8,1,0,No,0,0,0,0,0,0,One year,1,1,1,20.2,140.95,No,0,38,161.6,161.6,Don't know
1,92308,Male,0,0,0,35,0,0,DSL,0,0,1,0,1,1,Month-to-month,0,0,3,49.2,1701.65,No,0,40,1722.0,1722.0,Don't know
1,92309,Male,0,0,0,24,1,1,No,0,0,0,0,0,0,One year,0,0,2,24.6,592.65,No,0,79,590.4000000000001,590.4000000000001,Don't know
1,92310,Female,0,1,1,2,1,0,Fiber optic,0,0,0,0,0,0,Month-to-month,1,0,1,71.65,135.75,No,0,67,143.3,143.3,Don't know
1,92311,Male,0,1,1,72,1,1,Fiber optic,1,1,1,1,0,1,Two year,1,1,7,104.9,7732.65,No,0,25,7552.8,7552.8,Don't know
1,92313,Female,0,0,0,41,1,1,Fiber optic,1,1,1,1,1,0,Month-to-month,1,0,7,106.5,4282.4,No,0,75,4366.5,4366.5,Don't know
1,92315,Male,0,0,0,26,1,0,Fiber optic,0,1,0,0,0,0,One year,0,1,2,75.5,2018.1,No,0,43,1963.0,1963.0,Don't know
1,92321,Female,0,1,1,4,1,1,DSL,0,1,0,1,0,0,Month-to-month,1,0,4,58.5,224.85,No,0,23,234.0,234.0,Don't know
1,92324,Male,0,0,0,48,1,0,DSL,0,1,1,1,1,1,Two year,0,1,6,78.9,3771.5,No,0,47,3787.2000000000003,3787.2000000000003,Don't know
1,92327,Female,1,1,0,12,1,0,DSL,1,0,1,1,1,1,One year,1,0,6,79.2,943.85,No,0,42,950.4000000000001,950.4000000000001,Don't know
1,92328,Male,0,1,0,60,1,1,Fiber optic,1,0,1,1,1,1,Month-to-month,1,1,7,109.45,6572.85,No,0,77,6567.0,6567.0,Don't know
1,92332,Male,0,0,0,55,1,0,DSL,1,0,1,1,0,0,Two year,1,0,4,59.2,3175.85,No,0,33,3256.0,3256.0,Don't know
1,92333,Male,0,0,0,1,0,0,DSL,0,0,0,1,0,0,Month-to-month,0,0,1,29.15,29.15,No,0,40,29.15,29.15,Don't know
1,92335,Male,0,0,0,1,1,0,No,0,0,0,0,0,0,Month-to-month,0,0,1,20.05,20.05,No,0,49,20.05,20.05,Don't know
1,92338,Female,0,0,0,42,1,0,DSL,0,0,1,1,0,1,Two year,0,1,4,66.5,2762.75,No,0,62,2793.0,2793.0,Don't know
1,92339,Female,0,0,0,1,1,0,DSL,1,0,0,0,0,0,Month-to-month,0,1,2,49.55,49.55,No,0,36,49.55,49.55,Don't know
1,92342,Male,0,0,0,3,1,0,Fiber optic,0,0,1,0,0,0,Month-to-month,1,1,2,73.6,232.5,No,0,53,220.79999999999998,220.79999999999998,Don't know
1,92345,Female,0,1,0,72,1,1,DSL,1,1,1,0,1,1,Two year,1,1,7,82.65,5919.35,No,0,42,5950.8,5950.8,Don't know
1,92346,Male,0,0,0,15,1,1,DSL,0,0,0,0,0,0,Month-to-month,1,0,2,49.0,749.25,No,0,25,735.0,735.0,Don't know
1,92352,Female,0,0,0,11,1,1,No,0,0,0,0,0,0,One year,0,0,2,25.2,245.15,No,0,55,277.2,277.2,Don't know
1,92354,Female,0,0,0,5,1,1,No,0,0,0,0,0,0,Month-to-month,0,0,2,25.45,134.75,No,0,24,127.25,127.25,Don't know
1,92358,Male,0,1,0,72,1,1,Fiber optic,1,0,1,1,1,1,Two year,1,1,7,110.9,8240.85,No,0,67,7984.8,7984.8,Don't know
1,92359,Female,0,1,0,55,1,1,Fiber optic,0,1,0,0,0,0,Month-to-month,1,1,3,77.75,4266.4,No,0,46,4276.25,4276.25,Don't know
1,92363,Female,0,1,1,40,1,1,No,0,0,0,0,0,0,Month-to-month,1,0,2,26.2,1077.5,No,0,37,1048.0,1048.0,Don't know
1,92364,Female,0,1,0,57,1,0,No,0,0,0,0,0,0,Two year,0,1,1,19.9,1115.6,No,0,48,1134.3,1134.3,Don't know
1,92372,Male,1,1,1,52,1,1,DSL,0,1,1,0,1,1,One year,1,0,6,80.85,4079.55,No,0,76,4204.2,4204.2,Don't know
1,92374,Male,0,1,0,43,1,0,DSL,0,0,0,0,1,0,One year,1,0,2,56.35,2391.15,No,0,70,2423.05,2423.05,Don't know
1,92376,Female,0,1,1,47,1,0,No,0,0,0,0,0,0,Two year,0,1,1,19.3,890.5,No,0,43,907.1,907.1,Don't know
1,92377,Male,0,0,0,3,1,1,DSL,0,0,0,0,0,0,Month-to-month,0,1,2,50.4,137.25,No,0,53,151.2,151.2,Don't know
1,92384,Male,0,1,1,55,1,0,DSL,0,0,1,1,0,0,Two year,1,1,3,55.25,3119.9,No,0,42,3038.75,3038.75,Don't know
1,92386,Male,0,0,0,29,1,0,No,0,0,0,0,0,0,One year,0,0,1,19.1,529.5,No,0,38,553.9000000000001,553.9000000000001,Don't know
1,92389,Female,0,0,1,12,1,1,Fiber optic,0,0,0,0,1,0,Month-to-month,1,0,3,84.05,966.55,No,0,77,1008.5999999999999,1008.5999999999999,Don't know
1,92392,Female,0,1,0,66,1,1,Fiber optic,0,1,1,0,1,1,Month-to-month,1,0,6,105.2,6936.85,No,0,20,6943.2,6943.2,Don't know
1,92398,Male,0,1,1,27,1,1,Fiber optic,0,0,0,0,0,0,Month-to-month,1,1,2,75.75,1929,No,0,46,2045.25,2045.25,Don't know
1,92399,Female,0,0,0,58,1,0,Fiber optic,0,0,0,1,1,1,Month-to-month,1,0,4,95.3,5817.7,No,0,68,5527.4,5527.4,Don't know
1,92404,Male,0,0,0,9,1,0,No,0,0,0,0,0,0,Month-to-month,0,0,1,19.85,178.8,No,0,63,178.65,178.65,Don't know
1,92407,Male,0,0,0,6,1,0,Fiber optic,0,0,0,0,0,0,Month-to-month,1,0,1,69.1,435,No,0,55,414.59999999999997,414.59999999999997,Don't know
1,92410,Female,0,0,0,9,1,0,No,0,0,0,0,0,0,Month-to-month,0,0,1,20.25,186.15,No,0,68,182.25,182.25,Don't know
1,92411,Male,0,1,0,8,1,0,DSL,0,1,1,0,0,0,Month-to-month,1,0,3,54.75,445.85,No,0,47,438.0,438.0,Don't know
1,92501,Male,0,0,0,12,1,0,Fiber optic,0,0,0,0,1,0,Month-to-month,1,0,2,81.45,912,No,0,70,977.4000000000001,977.4000000000001,Don't know
1,92504,Male,0,1,0,43,1,1,DSL,1,0,1,0,1,1,One year,1,0,6,80.2,3581.6,No,0,35,3448.6,3448.6,Don't know
1,92505,Male,0,0,0,42,1,1,Fiber optic,0,0,0,1,1,1,Month-to-month,1,0,5,100.3,4222.95,No,0,33,4212.599999999999,4212.599999999999,Don't know
1,92507,Female,0,0,1,66,1,1,Fiber optic,1,0,1,1,0,0,Two year,1,1,5,90.95,5930.05,No,0,74,6002.7,6002.7,Don't know
1,92509,Male,0,0,0,1,1,0,No,0,0,0,0,0,0,Month-to-month,0,0,1,20.0,20,No,0,38,20.0,20.0,Don't know
1,92530,Male,0,0,0,10,1,1,Fiber optic,0,1,0,0,0,0,Month-to-month,0,0,3,79.85,797.25,No,0,65,798.5,798.5,Don't know
1,92536,Female,1,0,0,18,1,0,Fiber optic,0,1,0,0,0,0,Month-to-month,1,0,2,73.55,1359.45,No,0,66,1323.8999999999999,1323.8999999999999,Don't know
1,92543,Female,0,1,1,3,1,0,No,0,0,0,0,0,0,Month-to-month,0,0,1,19.3,54.7,No,0,57,57.900000000000006,57.900000000000006,Don't know
1,92544,Male,0,0,0,50,1,0,No,0,0,0,0,0,0,One year,0,1,1,20.15,989.05,No,0,29,1007.4999999999999,1007.4999999999999,Don't know
1,92545,Male,0,1,1,1,1,0,DSL,0,0,0,0,0,0,Month-to-month,0,0,1,44.55,44.55,No,0,48,44.55,44.55,Don't know
1,92548,Male,0,0,0,2,1,0,DSL,1,0,0,1,0,0,Month-to-month,1,0,3,54.45,87.3,No,0,77,108.9,108.9,Don't know
1,92549,Male,0,0,0,17,1,0,No,0,0,0,0,0,0,One year,1,1,1,19.65,351.55,No,0,35,334.04999999999995,334.04999999999995,Don't know
1,92551,Male,0,1,1,69,1,1,Fiber optic,0,1,1,0,1,1,Two year,1,0,6,105.0,7297.75,No,0,47,7245.0,7245.0,Don't know
1,92553,Male,0,1,0,72,1,1,DSL,1,1,1,1,1,1,Two year,1,1,8,88.7,6301.7,No,0,41,6386.400000000001,6386.400000000001,Don't know
1,92557,Male,1,1,1,50,1,1,DSL,1,1,1,0,0,1,Two year,1,1,6,75.15,3822.45,No,0,34,3757.5000000000005,3757.5000000000005,Don't know
1,92561,Female,0,0,0,53,1,0,No,0,0,0,0,0,0,Two year,0,0,1,20.25,1048.45,No,0,79,1073.25,1073.25,Don't know
1,92562,Female,0,1,0,58,1,1,Fiber optic,1,1,0,1,1,1,Two year,1,1,7,109.1,6393.65,No,0,57,6327.799999999999,6327.799999999999,Don't know
1,92563,Male,0,0,0,46,0,0,DSL,1,0,0,0,0,0,One year,1,1,1,30.75,1489.3,No,0,42,1414.5,1414.5,Don't know
1,92567,Male,1,1,0,72,1,1,Fiber optic,1,1,1,1,1,1,Month-to-month,1,1,8,112.9,8061.5,No,0,29,8128.8,8128.8,Don't know
1,92571,Female,0,1,1,6,1,1,Fiber optic,0,1,1,0,1,0,Month-to-month,1,0,5,94.05,518.75,No,0,59,564.3,564.3,Don't know
1,92582,Male,0,1,0,72,1,1,DSL,1,1,1,1,0,1,Two year,0,1,7,78.85,5763.15,No,0,33,5677.2,5677.2,Don't know
1,92583,Male,0,0,0,4,1,0,DSL,0,0,0,0,0,1,Month-to-month,1,0,2,55.3,238.5,No,0,31,221.2,221.2,Don't know
1,92584,Female,0,1,1,52,1,0,No,0,0,0,0,0,0,Two year,0,0,1,19.35,1031.7,No,0,66,1006.2,1006.2,Don't know
1,92585,Male,0,1,1,0,1,1,No,0,0,0,0,0,0,Two year,0,0,2,25.35, ,No,0,49,0.0,0.0,Don't know
1,92586,Female,0,0,0,2,1,0,No,0,0,0,0,0,0,One year,0,0,1,20.45,34.8,No,0,39,40.9,40.9,Don't know
1,92587,Female,0,1,0,65,1,0,No,0,0,0,0,0,0,Two year,0,1,1,19.35,1319.95,No,0,71,1257.75,1257.75,Don't know
1,92595,Female,0,1,0,51,1,1,DSL,0,1,0,1,1,1,One year,1,1,6,78.65,3950.85,No,0,80,4011.15,4011.15,Don't know
1,92596,Male,0,0,0,12,1,1,DSL,0,0,1,0,1,1,Month-to-month,0,1,5,74.75,827.05,No,0,40,897.0,897.0,Don't know
1,92604,Female,0,1,1,24,1,0,No,0,0,0,0,0,0,One year,0,0,1,19.9,533.5,No,0,68,477.59999999999997,477.59999999999997,Don't know
1,92606,Female,0,1,0,64,1,1,DSL,0,0,1,1,0,0,One year,0,1,4,58.35,3756.45,No,0,55,3734.4,3734.4,Don't know
1,92612,Female,0,0,0,26,1,1,Fiber optic,0,0,1,0,1,1,Month-to-month,1,1,5,100.5,2599.95,No,0,50,2613.0,2613.0,Don't know
1,92614,Female,0,1,1,15,1,0,No,0,0,0,0,0,0,Month-to-month,0,0,1,20.05,284.3,No,0,59,300.75,300.75,Don't know
1,92618,Male,1,1,0,64,1,1,No,0,0,0,0,0,0,Two year,0,1,2,25.65,1740.8,No,0,36,1641.6,1641.6,Don't know
1,92624,Female,0,1,0,27,1,1,Fiber optic,0,0,0,0,1,1,Month-to-month,0,1,4,95.0,2462.55,No,0,75,2565.0,2565.0,Don't know
1,92629,Female,0,1,1,8,1,0,DSL,0,0,0,0,0,0,Month-to-month,1,0,1,45.45,411.75,No,0,41,363.6,363.6,Don't know
1,92630,Male,0,0,0,10,1,0,No,0,0,0,0,0,0,Month-to-month,1,1,1,20.0,198.6,No,0,53,200.0,200.0,Don't know
1,92646,Female,0,0,0,2,1,0,DSL,0,1,0,0,0,0,Month-to-month,0,0,2,49.2,103.7,No,0,75,98.4,98.4,Don't know
1,92648,Male,0,1,0,51,1,0,DSL,1,1,1,1,1,1,Two year,1,1,7,83.25,4089.45,No,0,62,4245.75,4245.75,Don't know
1,92649,Female,0,1,1,46,1,0,No,0,0,0,0,0,0,Two year,1,0,1,19.25,864.2,No,0,77,885.5,885.5,Don't know
1,92651,Male,0,0,0,1,1,0,No,0,0,0,0,0,0,Month-to-month,1,1,1,19.65,19.65,No,0,80,19.65,19.65,Don't know
1,92653,Male,0,0,0,46,1,1,Fiber optic,0,0,0,0,0,0,Month-to-month,0,1,2,72.8,3249.4,No,0,66,3348.7999999999997,3348.7999999999997,Don't know
1,92655,Female,0,1,0,50,1,1,Fiber optic,1,1,0,1,1,1,Month-to-month,1,1,7,109.65,5405.8,No,0,21,5482.5,5482.5,Don't know
1,92656,Male,0,1,1,53,1,0,DSL,0,1,0,1,1,0,Month-to-month,0,1,4,65.0,3363.8,No,0,30,3445.0,3445.0,Don't know
1,92657,Male,0,1,0,61,1,1,Fiber optic,0,1,1,1,1,1,Month-to-month,1,0,7,114.1,7132.15,No,0,64,6960.099999999999,6960.099999999999,Don't know
1,92660,Male,0,0,0,5,1,0,No,0,0,0,0,0,0,Month-to-month,0,1,1,20.65,93.55,No,0,60,103.25,103.25,Don't know
1,92661,Male,0,0,0,47,1,0,DSL,1,1,1,1,1,1,One year,1,1,7,86.95,4138.9,No,0,57,4086.65,4086.65,Don't know
1,92662,Female,0,0,0,54,1,1,Fiber optic,0,1,1,0,1,0,One year,1,1,5,94.75,5121.75,No,0,50,5116.5,5116.5,Don't know
1,92663,Male,0,0,1,19,0,0,DSL,0,0,0,0,0,0,Month-to-month,1,1,0,25.35,566.1,No,0,68,481.65000000000003,481.65000000000003,Don't know
1,92672,Female,0,0,1,26,1,0,Fiber optic,0,1,1,1,1,1,Two year,1,0,6,105.45,2715.3,No,0,62,2741.7000000000003,2741.7000000000003,Don't know
1,92673,Male,0,1,1,70,1,1,No,0,0,0,0,0,0,Two year,0,0,2,25.4,1782.05,No,0,33,1778.0,1778.0,Don't know
1,92675,Male,0,1,0,17,1,1,Fiber optic,0,1,1,0,1,1,Month-to-month,1,0,6,102.55,1742.5,No,0,75,1743.35,1743.35,Don't know
1,92677,Female,0,0,1,1,1,1,No,0,0,0,0,0,0,Month-to-month,0,0,2,24.0,24,No,0,60,24.0,24.0,Don't know
1,92679,Female,0,1,1,19,1,1,No,0,0,0,0,0,0,Two year,0,0,2,25.6,485.9,No,0,44,486.40000000000003,486.40000000000003,Don't know
1,92683,Female,0,1,0,26,1,0,DSL,0,1,1,0,1,1,Two year,1,1,5,73.5,1905.7,No,0,67,1911.0,1911.0,Don't know
1,92691,Male,0,1,0,50,1,1,Fiber optic,0,1,0,0,1,1,One year,1,0,5,98.25,4858.7,No,0,62,4912.5,4912.5,Don't know
1,92692,Female,0,1,0,68,0,0,DSL,1,0,1,0,1,1,One year,1,0,4,54.4,3723.65,No,0,69,3699.2,3699.2,Don't know
1,92701,Male,0,1,1,9,1,0,Fiber optic,0,0,1,1,1,1,Month-to-month,0,0,5,103.1,970.45,No,0,61,927.9,927.9,Don't know
1,92703,Female,0,1,1,51,0,0,DSL,1,0,0,1,0,0,Two year,0,1,2,34.2,1782,No,0,38,1744.2,1744.2,Don't know
1,92704,Female,0,0,0,9,1,0,DSL,0,0,0,0,0,0,Month-to-month,1,0,1,43.75,405.7,No,0,70,393.75,393.75,Don't know
1,92706,Male,0,0,0,22,1,1,Fiber optic,0,1,0,0,1,1,Month-to-month,1,0,5,100.65,2415.95,No,0,34,2214.3,2214.3,Don't know
1,92708,Male,0,1,1,71,1,1,Fiber optic,1,1,1,1,1,1,Two year,1,1,8,116.05,8297.5,No,0,62,8239.55,8239.55,Don't know
1,92782,Male,0,1,1,26,1,1,DSL,0,0,1,1,1,1,One year,1,1,6,82.0,2083.1,No,0,43,2132.0,2132.0,Don't know
1,92801,Male,0,1,0,71,1,1,DSL,1,1,0,1,0,0,Two year,0,1,5,65.15,4681.75,No,0,69,4625.650000000001,4625.650000000001,Don't know
1,92802,Male,0,0,0,4,1,0,DSL,0,0,0,0,0,0,Month-to-month,1,1,1,44.8,176.2,No,0,39,179.2,179.2,Don't know
1,92804,Female,0,0,0,12,1,1,Fiber optic,1,0,0,0,0,0,Month-to-month,1,0,3,79.8,1001.2,No,0,43,957.5999999999999,957.5999999999999,Don't know
1,92805,Female,0,1,0,18,1,1,Fiber optic,0,0,0,1,1,0,Month-to-month,1,0,4,88.85,1594.75,No,0,59,1599.3,1599.3,Don't know
1,92806,Female,0,0,0,3,1,1,Fiber optic,0,0,0,0,0,0,Month-to-month,1,0,2,74.95,212.4,No,0,70,224.85000000000002,224.85000000000002,Don't know
1,92807,Female,1,1,0,72,1,1,Fiber optic,1,1,0,0,1,1,One year,1,1,6,106.85,7677.4,No,0,58,7693.2,7693.2,Don't know
1,92823,Male,0,0,0,13,1,0,No,0,0,0,0,0,0,One year,0,1,1,19.3,259.65,No,0,66,250.9,250.9,Don't know
1,92832,Male,0,1,0,42,1,1,DSL,1,0,0,0,0,0,One year,0,1,3,56.1,2386.85,No,0,69,2356.2000000000003,2356.2000000000003,Don't know
1,92833,Female,0,0,0,17,1,0,No,0,0,0,0,0,0,Month-to-month,0,1,1,19.7,340.35,No,0,28,334.9,334.9,Don't know
1,92835,Female,1,0,0,7,1,0,DSL,0,1,0,0,0,0,Month-to-month,1,0,2,51.3,419.35,No,0,46,359.09999999999997,359.09999999999997,Don't know
1,92840,Female,0,1,0,68,1,1,Fiber optic,1,1,1,1,1,1,Two year,0,0,8,118.6,7990.05,No,0,38,8064.799999999999,8064.799999999999,Don't know
1,92841,Male,0,1,1,56,1,1,No,0,0,0,0,0,0,Two year,0,1,2,24.15,1402.25,No,0,21,1352.3999999999999,1352.3999999999999,Don't know
1,92843,Female,0,1,1,38,1,0,No,0,0,0,0,0,0,One year,0,0,1,20.3,749.35,No,0,51,771.4,771.4,Don't know
1,92844,Female,0,1,1,72,1,1,Fiber optic,1,1,1,1,1,1,Two year,1,0,8,115.5,8425.15,No,0,65,8316.0,8316.0,Don't know
1,92845,Female,0,0,0,48,1,1,No,0,0,0,0,0,0,One year,0,1,2,25.05,1171.5,No,0,33,1202.4,1202.4,Don't know
1,92860,Female,1,1,0,52,1,1,Fiber optic,1,1,1,0,1,1,Month-to-month,1,0,7,109.1,5647.95,No,0,49,5673.2,5673.2,Don't know
1,92861,Female,0,1,1,35,1,0,No,0,0,0,0,0,0,One year,0,0,1,19.65,708.8,No,0,26,687.75,687.75,Don't know
1,92865,Male,0,1,0,67,1,1,Fiber optic,0,1,1,1,1,1,Two year,1,1,7,111.3,7567.2,No,0,59,7457.099999999999,7457.099999999999,Don't know
1,92866,Female,0,0,0,1,0,0,DSL,1,0,0,0,0,0,Month-to-month,0,0,1,29.9,29.9,No,0,61,29.9,29.9,Don't know
1,92867,Male,0,0,0,53,1,0,Fiber optic,0,1,0,1,0,0,Month-to-month,1,0,3,80.6,4348.1,No,0,73,4271.799999999999,4271.799999999999,Don't know
1,92868,Male,0,1,1,34,1,0,No,0,0,0,0,0,0,Month-to-month,0,0,1,20.8,635.9,No,0,64,707.2,707.2,Don't know
1,92879,Male,0,0,0,19,1,0,Fiber optic,0,0,1,1,1,0,Month-to-month,0,0,4,89.95,1682.4,No,0,35,1709.05,1709.05,Don't know
1,92880,Female,1,1,0,60,1,1,Fiber optic,1,1,1,1,1,1,Two year,1,1,8,116.05,6925.9,No,0,77,6963.0,6963.0,Don't know
1,92881,Male,0,0,0,11,1,0,No,0,0,0,0,0,0,Two year,0,1,1,19.55,223.15,No,0,50,215.05,215.05,Don't know
1,92886,Female,0,1,1,60,1,1,Fiber optic,1,1,1,1,1,1,Two year,0,1,8,115.25,6758.45,No,0,36,6915.0,6915.0,Don't know
1,92887,Male,0,1,0,72,1,1,No,0,0,0,0,0,0,Two year,0,1,2,24.8,1874.3,No,0,71,1785.6000000000001,1785.6000000000001,Don't know
1,93001,Male,0,0,0,39,1,0,No,0,0,0,0,0,0,One year,0,0,1,19.9,791.15,No,0,69,776.0999999999999,776.0999999999999,Don't know
1,93003,Female,0,1,0,59,1,0,Fiber optic,1,0,1,0,0,0,One year,1,1,3,81.25,4639.45,No,0,58,4793.75,4793.75,Don't know
1,93004,Male,0,1,1,2,1,0,Fiber optic,0,0,0,0,0,0,Month-to-month,0,0,1,69.95,143.9,No,0,46,139.9,139.9,Don't know
1,93015,Male,0,0,0,71,1,1,Fiber optic,0,0,1,1,0,0,Two year,1,1,4,86.4,6172,No,0,30,6134.400000000001,6134.400000000001,Don't know
1,93021,Female,0,1,0,24,1,1,DSL,1,1,1,0,0,0,Month-to-month,0,0,5,66.3,1559.45,No,0,45,1591.1999999999998,1591.1999999999998,Don't know
1,93022,Male,1,1,0,67,1,1,Fiber optic,0,0,0,0,1,1,Month-to-month,1,1,4,94.65,6079,No,0,47,6341.55,6341.55,Don't know
1,93033,Female,0,1,0,37,1,1,DSL,0,1,0,1,0,1,One year,0,0,5,72.1,2658.4,No,0,50,2667.7,2667.7,Don't know
1,93035,Male,0,0,0,11,0,0,DSL,0,1,1,0,0,0,Month-to-month,0,0,2,34.7,383.55,No,0,73,381.70000000000005,381.70000000000005,Don't know
1,93041,Female,0,1,0,18,1,0,Fiber optic,0,0,1,0,1,1,Month-to-month,1,1,4,95.95,1745.5,No,0,20,1727.1000000000001,1727.1000000000001,Don't know
1,93060,Male,0,1,1,50,1,0,DSL,0,0,0,0,0,0,One year,1,1,1,44.8,2230.85,No,0,44,2240.0,2240.0,Don't know
1,93063,Female,0,1,1,67,1,1,Fiber optic,1,0,1,1,1,1,One year,1,0,7,109.4,7281.6,No,0,49,7329.8,7329.8,Don't know
1,93065,Female,0,1,0,25,1,0,DSL,1,1,0,1,0,1,Month-to-month,1,0,5,71.05,1837.7,No,0,63,1776.25,1776.25,Don't know
1,93067,Male,0,0,0,9,1,0,No,0,0,0,0,0,0,Month-to-month,0,1,1,19.7,180.7,No,0,66,177.29999999999998,177.29999999999998,Don't know
1,93101,Female,0,0,1,10,0,0,DSL,1,1,0,1,0,0,One year,0,0,3,40.25,411.45,No,0,38,402.5,402.5,Don't know
1,93103,Female,0,1,0,70,1,0,No,0,0,0,0,0,0,Two year,0,1,1,19.85,1328.35,No,0,79,1389.5,1389.5,Don't know
1,93105,Male,0,0,0,9,1,0,DSL,1,0,1,1,0,1,Month-to-month,1,1,5,68.25,576.95,No,0,40,614.25,614.25,Don't know
1,93108,Female,0,0,0,4,1,0,No,0,0,0,0,0,0,Month-to-month,1,1,1,20.15,68.45,No,0,74,80.6,80.6,Don't know
1,93109,Female,0,0,0,2,1,0,DSL,1,0,0,0,0,0,Month-to-month,0,0,2,50.95,123.05,No,0,37,101.9,101.9,Don't know
1,93111,Male,0,0,0,19,0,0,DSL,0,0,0,0,0,0,Month-to-month,1,1,0,25.15,468.35,No,0,54,477.84999999999997,477.84999999999997,Don't know
1,93117,Male,0,1,1,7,1,0,No,0,0,0,0,0,0,Month-to-month,1,1,1,20.25,174.7,No,0,42,141.75,141.75,Don't know
1,93202,Male,1,0,0,1,1,0,DSL,0,0,0,0,0,0,Month-to-month,0,0,1,44.0,44,No,0,46,44.0,44.0,Don't know
1,93203,Female,0,1,1,9,1,0,No,0,0,0,0,0,0,One year,0,0,1,20.25,172.35,No,0,48,182.25,182.25,Don't know
1,93206,Female,0,0,0,5,1,0,DSL,1,0,1,0,0,0,Month-to-month,0,1,3,55.8,300.4,No,0,23,279.0,279.0,Don't know
1,93207,Female,0,1,1,56,1,0,Fiber optic,0,0,0,0,1,1,One year,0,1,3,88.9,4968,No,0,72,4978.400000000001,4978.400000000001,Don't know
1,93208,Female,0,0,1,18,1,1,DSL,1,0,0,0,0,0,Month-to-month,0,0,3,57.65,992.7,No,0,79,1037.7,1037.7,Don't know
1,93212,Male,0,1,0,70,1,1,DSL,1,1,1,1,1,0,Two year,0,0,7,79.15,5536.5,No,0,49,5540.5,5540.5,Don't know
1,93215,Female,0,0,0,72,1,1,Fiber optic,0,1,1,1,1,1,Two year,1,1,7,108.05,7806.6,No,0,28,7779.599999999999,7779.599999999999,Don't know
1,93219,Male,1,1,0,17,1,1,Fiber optic,0,0,0,0,1,1,Month-to-month,1,0,4,94.8,1563.9,No,0,49,1611.6,1611.6,Don't know
1,93221,Male,0,1,0,29,0,0,DSL,0,0,0,0,1,1,Month-to-month,1,0,2,45.9,1332.4,No,0,37,1331.1,1331.1,Don't know
1,93223,Male,0,1,0,63,1,1,Fiber optic,0,0,1,0,1,1,Two year,0,0,5,102.6,6296.75,No,0,29,6463.799999999999,6463.799999999999,Don't know
1,93225,Male,0,0,0,59,1,0,DSL,0,0,1,0,0,1,One year,1,1,3,61.35,3645.5,No,0,27,3619.65,3619.65,Don't know
1,93226,Female,0,0,0,3,1,0,DSL,0,0,1,0,1,0,Month-to-month,0,0,3,57.55,161.45,No,0,47,172.64999999999998,172.64999999999998,Don't know
1,93230,Female,0,0,0,8,0,0,DSL,0,1,0,0,0,0,Month-to-month,1,0,1,29.25,226.95,No,0,29,234.0,234.0,Don't know
1,93235,Female,0,0,0,68,1,0,No,0,0,0,0,0,0,Two year,0,1,1,19.6,1441.65,No,0,68,1332.8000000000002,1332.8000000000002,Don't know
1,93238,Female,0,1,1,68,1,1,Fiber optic,1,0,1,1,1,1,Two year,0,1,7,111.75,7511.3,No,0,77,7599.0,7599.0,Don't know
1,93239,Female,1,1,0,52,1,1,Fiber optic,0,1,1,0,1,1,One year,1,0,6,106.5,5621.85,No,0,57,5538.0,5538.0,Don't know
1,93240,Male,0,1,1,72,1,1,Fiber optic,1,1,0,1,1,1,Two year,1,1,7,107.7,7919.8,No,0,55,7754.400000000001,7754.400000000001,Don't know
1,93241,Female,0,1,0,32,1,0,No,0,0,0,0,0,0,One year,0,0,1,19.3,593.2,No,0,66,617.6,617.6,Don't know
1,93242,Female,0,1,0,72,1,0,No,0,0,0,0,0,0,Two year,0,1,1,20.05,1423.65,No,0,76,1443.6000000000001,1443.6000000000001,Don't know
1,93243,Male,0,1,1,1,1,0,Fiber optic,0,0,0,0,0,0,Month-to-month,1,1,1,69.95,69.95,No,0,62,69.95,69.95,Don't know
1,93244,Male,0,1,1,42,1,0,DSL,1,0,0,1,0,1,One year,0,1,4,63.7,2763.35,No,0,55,2675.4,2675.4,Don't know
1,93247,Male,0,0,0,45,1,0,DSL,1,0,0,0,0,0,Month-to-month,1,1,2,50.9,2298.55,No,0,71,2290.5,2290.5,Don't know
1,93249,Female,0,1,1,43,0,0,DSL,1,0,1,1,1,1,One year,1,1,5,60.4,2640.55,No,0,61,2597.2,2597.2,Don't know
1,93250,Male,0,1,0,37,1,1,DSL,1,0,1,0,1,1,One year,0,0,6,79.25,2911.8,No,0,74,2932.25,2932.25,Don't know
1,93254,Male,0,1,0,63,1,0,Fiber optic,1,1,1,1,1,1,Two year,1,1,7,110.1,6705.7,No,0,26,6936.299999999999,6936.299999999999,Don't know
1,93255,Male,0,0,0,3,1,0,Fiber optic,0,0,0,0,1,1,Month-to-month,0,0,3,90.7,237.65,No,0,69,272.1,272.1,Don't know
1,93256,Male,0,1,1,66,1,1,No,0,0,0,0,0,0,Two year,1,1,2,25.3,1672.35,No,0,46,1669.8,1669.8,Don't know
1,93260,Female,1,0,0,8,1,1,Fiber optic,0,0,0,0,0,1,Month-to-month,0,0,3,85.2,695.75,No,0,53,681.6,681.6,Don't know
1,93261,Male,0,0,1,71,1,1,No,0,0,0,0,0,0,Two year,0,0,2,24.35,1654.6,No,0,60,1728.8500000000001,1728.8500000000001,Don't know
1,93263,Female,0,1,1,72,1,1,No,0,0,0,0,0,0,Two year,0,1,2,25.1,1857.85,No,0,67,1807.2,1807.2,Don't know
1,93265,Male,1,1,0,16,1,0,DSL,1,1,0,0,0,0,Month-to-month,1,1,3,54.55,825.1,No,0,34,872.8,872.8,Don't know
1,93266,Male,0,1,0,66,1,1,Fiber optic,1,1,1,1,0,0,Two year,0,0,6,96.6,6424.25,No,0,69,6375.599999999999,6375.599999999999,Don't know
1,93268,Male,0,0,0,51,1,1,DSL,1,1,1,1,1,0,One year,1,1,7,81.15,4126.2,No,0,56,4138.650000000001,4138.650000000001,Don't know
1,93270,Female,0,0,1,8,0,0,DSL,1,0,0,0,0,1,Month-to-month,1,0,2,38.5,330.8,No,0,22,308.0,308.0,Don't know
1,93271,Male,0,0,0,14,1,0,Fiber optic,0,0,0,0,1,1,Month-to-month,1,0,3,92.9,1337.45,No,0,38,1300.6000000000001,1300.6000000000001,Don't know
1,93274,Female,0,0,0,70,1,1,DSL,1,1,1,0,1,1,Two year,0,0,7,84.7,5991.05,No,0,45,5929.0,5929.0,Don't know
1,93276,Female,0,0,1,70,1,1,DSL,1,1,0,1,0,0,Two year,0,0,5,66.0,4891.5,No,0,72,4620.0,4620.0,Don't know
1,93283,Male,0,0,0,24,1,0,No,0,0,0,0,0,0,Two year,0,0,1,20.75,487.05,No,0,43,498.0,498.0,Don't know
1,93285,Female,0,1,0,69,1,0,DSL,0,1,0,0,0,1,Two year,1,1,3,61.45,4131.2,No,0,51,4240.05,4240.05,Don't know
1,93286,Male,0,1,1,42,1,0,DSL,1,1,0,0,0,0,Month-to-month,0,0,3,54.5,2301.15,No,0,57,2289.0,2289.0,Don't know
1,93291,Female,1,0,0,39,1,1,Fiber optic,0,0,1,0,1,1,Month-to-month,1,0,5,99.75,4036,No,0,58,3890.25,3890.25,Don't know
1,93292,Male,0,1,1,45,1,1,Fiber optic,0,1,1,1,1,1,Two year,1,1,7,109.75,4900.65,No,0,38,4938.75,4938.75,Don't know
1,93301,Male,0,1,1,72,1,1,DSL,1,1,1,1,1,0,Two year,1,1,7,80.85,5727.45,No,0,51,5821.2,5821.2,Don't know
1,93304,Female,0,0,0,38,1,0,No,0,0,0,0,0,0,Two year,0,0,1,20.3,743.05,No,0,59,771.4,771.4,Don't know
1,93305,Male,0,1,0,72,1,1,DSL,1,1,1,1,0,0,Two year,1,1,6,67.8,4804.65,No,0,74,4881.599999999999,4881.599999999999,Don't know
1,93307,Male,0,1,1,72,1,0,No,0,0,0,0,0,0,Two year,1,1,1,19.8,1414.65,No,0,29,1425.6000000000001,1425.6000000000001,Don't know
1,93308,Male,0,1,0,55,1,1,No,0,0,0,0,0,0,Two year,0,1,2,25.7,1443.65,No,0,79,1413.5,1413.5,Don't know
1,93309,Female,0,1,1,51,0,0,DSL,0,0,1,1,1,1,One year,1,0,4,56.15,2898.95,No,0,48,2863.65,2863.65,Don't know
1,93311,Male,0,0,0,63,1,0,DSL,1,1,1,1,1,1,Two year,1,1,7,86.7,5309.5,No,0,74,5462.1,5462.1,Don't know
1,93312,Female,0,0,0,1,1,0,No,0,0,0,0,0,0,Month-to-month,0,0,1,20.4,20.4,No,0,21,20.4,20.4,Don't know
1,93313,Female,0,1,1,23,1,0,No,0,0,0,0,0,0,Two year,1,0,1,19.65,451.55,No,0,78,451.95,451.95,Don't know
1,93402,Female,0,0,0,2,1,1,DSL,0,0,0,1,0,0,Month-to-month,1,0,3,54.35,117.05,No,0,71,108.7,108.7,Don't know
1,93405,Female,1,0,0,52,1,1,Fiber optic,1,1,1,0,1,1,Month-to-month,0,1,7,108.1,5839.3,No,0,69,5621.2,5621.2,Don't know
1,93420,Female,0,0,0,36,1,1,DSL,1,0,0,0,0,0,One year,0,0,3,54.45,1893.5,No,0,56,1960.2,1960.2,Don't know
1,93422,Female,0,0,0,1,1,0,DSL,0,0,0,0,0,0,Month-to-month,0,0,1,45.35,45.35,No,0,23,45.35,45.35,Don't know
1,93424,Female,0,0,0,28,1,1,DSL,1,0,1,0,0,0,One year,0,0,4,59.0,1654.45,No,0,67,1652.0,1652.0,Don't know
1,93426,Female,0,1,1,7,1,0,DSL,1,1,1,0,1,0,One year,0,0,5,69.45,477.05,No,0,54,486.15000000000003,486.15000000000003,Don't know
1,93428,Male,1,1,0,72,0,0,DSL,1,1,1,1,1,1,Two year,1,1,6,64.95,4546,No,0,78,4676.400000000001,4676.400000000001,Don't know
1,93430,Female,0,0,0,10,1,0,No,0,0,0,0,0,0,Month-to-month,0,0,1,18.85,163.2,No,0,62,188.5,188.5,Don't know
1,93432,Male,0,0,0,42,1,0,No,0,0,0,0,0,0,One year,0,1,1,19.8,849.9,No,0,39,831.6,831.6,Don't know
1,93433,Female,0,0,0,7,0,0,DSL,0,0,0,0,0,0,Month-to-month,0,1,0,25.05,189.95,No,0,63,175.35,175.35,Don't know
1,93436,Male,0,1,1,72,1,1,Fiber optic,1,1,1,1,1,1,Two year,1,1,8,114.3,8058.55,No,0,70,8229.6,8229.6,Don't know
1,93440,Male,0,0,0,63,1,0,Fiber optic,1,1,1,1,1,1,Two year,0,1,7,109.2,7049.75,No,0,33,6879.6,6879.6,Don't know
1,93441,Female,0,0,0,56,0,0,DSL,1,1,1,1,0,0,Two year,0,1,4,45.05,2560.1,No,0,37,2522.7999999999997,2522.7999999999997,Don't know
1,93442,Female,0,0,1,5,1,0,DSL,0,0,0,1,0,0,Month-to-month,1,0,2,51.0,286.8,No,0,52,255.0,255.0,Don't know
1,93444,Female,0,1,0,72,1,1,Fiber optic,0,1,1,1,1,1,Two year,1,1,7,110.45,7982.5,No,0,55,7952.400000000001,7952.400000000001,Don't know
1,93445,Male,1,1,1,68,1,1,Fiber optic,0,1,1,0,0,0,Month-to-month,1,0,4,84.65,5683.6,No,0,72,5756.200000000001,5756.200000000001,Don't know
1,93446,Male,0,1,1,67,1,0,DSL,1,1,0,1,0,0,One year,0,0,4,60.05,3994.05,No,0,21,4023.35,4023.35,Don't know
1,93449,Male,0,1,1,8,1,0,DSL,0,0,0,0,0,0,Month-to-month,0,1,1,44.65,369.15,No,0,63,357.2,357.2,Don't know
1,93450,Male,0,1,1,52,1,1,Fiber optic,0,1,0,1,0,1,Month-to-month,1,1,5,93.25,4631.7,No,0,56,4849.0,4849.0,Don't know
1,93451,Female,0,1,1,18,1,0,No,0,0,0,0,0,0,Month-to-month,1,0,1,20.25,401.95,No,0,40,364.5,364.5,Don't know
1,93452,Female,0,1,1,59,1,1,No,0,0,0,0,0,0,Two year,0,0,2,25.45,1534.05,No,0,30,1501.55,1501.55,Don't know
1,93453,Female,0,0,0,60,1,0,No,0,0,0,0,0,0,Two year,0,0,1,20.6,1093,No,0,35,1236.0,1236.0,Don't know
1,93454,Male,0,0,0,7,1,1,Fiber optic,0,0,0,0,1,1,Month-to-month,1,0,4,94.1,701.3,No,0,22,658.6999999999999,658.6999999999999,Don't know
1,93455,Male,0,1,1,59,0,0,DSL,1,0,1,0,0,0,One year,0,0,2,34.8,1980.3,No,0,23,2053.2,2053.2,Don't know
1,93458,Male,0,0,0,46,0,0,DSL,1,0,1,1,1,1,Two year,1,1,5,60.75,2893.4,No,0,36,2794.5,2794.5,Don't know
1,93460,Male,0,0,0,5,1,0,DSL,0,1,0,0,0,0,Month-to-month,1,0,2,51.35,262.3,No,0,28,256.75,256.75,Don't know
1,93461,Male,1,1,0,59,0,0,DSL,1,0,1,1,1,1,Two year,1,1,5,64.05,3886.85,No,0,49,3778.95,3778.95,Don't know
1,93463,Female,0,1,0,70,1,1,DSL,0,1,1,1,1,1,Two year,1,1,7,84.8,5917.55,No,0,32,5936.0,5936.0,Don't know
1,93501,Female,0,0,0,44,1,1,DSL,0,0,0,0,0,0,Month-to-month,1,0,2,50.15,2139.1,No,0,42,2206.6,2206.6,Don't know
1,93505,Female,0,1,0,64,1,1,Fiber optic,1,0,1,0,1,0,Two year,1,1,5,94.6,5948.7,No,0,26,6054.4,6054.4,Don't know
1,93510,Female,0,1,1,58,0,0,DSL,1,0,1,1,1,1,Two year,0,0,5,59.75,3624.35,No,0,21,3465.5,3465.5,Don't know
1,93512,Female,1,1,0,46,1,1,Fiber optic,0,0,0,1,1,1,One year,0,0,5,100.25,4753.85,No,0,59,4611.5,4611.5,Don't know
1,93513,Male,1,1,0,58,1,1,Fiber optic,0,1,0,0,1,1,Month-to-month,1,0,5,98.9,5780.7,No,0,21,5736.200000000001,5736.200000000001,Don't know
1,93514,Female,0,1,0,72,1,1,Fiber optic,0,1,0,0,1,1,Two year,1,1,5,97.7,6869.7,No,0,75,7034.400000000001,7034.400000000001,Don't know
1,93517,Male,1,0,0,11,1,1,DSL,1,1,0,0,0,0,Month-to-month,0,1,4,60.25,662.95,No,0,23,662.75,662.75,Don't know
1,93518,Female,1,0,0,34,0,0,DSL,0,1,1,0,1,1,Month-to-month,1,0,4,56.25,1765.95,No,0,32,1912.5,1912.5,Don't know
1,93522,Male,0,0,0,54,0,0,DSL,1,1,0,0,0,1,Two year,0,1,3,46.2,2431.95,No,0,26,2494.8,2494.8,Don't know
1,93526,Female,0,1,1,72,1,1,No,0,0,0,0,0,0,Two year,0,0,2,24.9,1859.2,No,0,67,1792.8,1792.8,Don't know
1,93529,Male,0,1,1,54,1,1,DSL,0,0,1,0,0,1,Two year,0,1,4,63.35,3409.1,No,0,72,3420.9,3420.9,Don't know
1,93530,Female,0,0,0,14,1,0,DSL,1,0,0,0,0,0,Month-to-month,0,1,2,50.1,709.5,No,0,25,701.4,701.4,Don't know
1,93534,Female,0,0,0,1,1,0,DSL,1,0,0,0,0,0,Month-to-month,0,0,2,50.15,50.15,No,0,30,50.15,50.15,Don't know
1,93536,Male,0,0,0,56,1,1,DSL,1,1,0,1,0,0,One year,1,1,5,64.65,3665.55,No,0,70,3620.4000000000005,3620.4000000000005,Don't know
1,93541,Female,0,1,0,68,1,0,DSL,1,1,0,1,1,1,Two year,1,1,6,79.6,5515.8,No,0,39,5412.799999999999,5412.799999999999,Don't know
1,93543,Female,0,1,1,14,1,0,No,0,0,0,0,0,0,One year,1,0,1,19.5,272,No,0,72,273.0,273.0,Don't know
1,93544,Male,0,1,1,68,1,0,Fiber optic,1,0,0,1,1,1,Two year,1,0,5,99.55,6668,No,0,20,6769.4,6769.4,Don't know
1,93545,Male,1,1,0,55,1,1,Fiber optic,0,0,0,0,0,0,Month-to-month,1,0,2,74.0,4052.4,No,0,54,4070.0,4070.0,Don't know
1,93546,Female,0,0,0,16,0,0,DSL,1,0,0,0,1,0,Month-to-month,1,0,2,38.9,664.4,No,0,39,622.4,622.4,Don't know
1,93549,Male,1,0,0,9,1,0,Fiber optic,0,0,0,0,0,1,Month-to-month,1,0,2,79.55,718.55,No,0,76,715.9499999999999,715.9499999999999,Don't know
1,93552,Male,0,0,0,53,0,0,DSL,1,1,0,0,0,1,Month-to-month,1,1,3,46.3,2546.85,No,0,63,2453.8999999999996,2453.8999999999996,Don't know
1,93553,Male,0,1,0,70,1,1,Fiber optic,1,1,1,0,1,0,Two year,1,1,6,99.35,6944.5,No,0,53,6954.5,6954.5,Don't know
1,93554,Female,1,1,1,14,1,1,Fiber optic,0,0,0,0,1,1,Month-to-month,1,0,4,95.8,1346.3,No,0,29,1341.2,1341.2,Don't know
1,93560,Female,0,1,0,10,1,1,Fiber optic,1,0,0,0,0,0,Month-to-month,1,1,3,78.15,765.15,No,0,26,781.5,781.5,Don't know
1,93561,Female,0,1,1,29,1,1,No,0,0,0,0,0,0,Two year,0,0,2,26.1,692.55,No,0,70,756.9000000000001,756.9000000000001,Don't know
1,93602,Female,0,0,0,30,0,0,DSL,0,0,0,1,0,1,One year,1,1,2,40.35,1187.05,No,0,25,1210.5,1210.5,Don't know
1,93603,Female,0,1,0,72,1,1,DSL,1,1,1,1,1,0,Two year,0,1,7,79.2,5401.9,No,0,79,5702.400000000001,5702.400000000001,Don't know
1,93604,Female,0,0,0,10,1,0,No,0,0,0,0,0,0,Month-to-month,1,0,1,20.9,247,No,0,29,209.0,209.0,Don't know
1,93608,Female,0,0,1,1,1,0,DSL,1,0,0,0,0,0,Month-to-month,0,0,2,49.9,49.9,No,0,54,49.9,49.9,Don't know
1,93609,Female,0,0,0,20,1,1,DSL,0,1,0,1,0,1,Month-to-month,1,1,5,68.9,1370.35,No,0,29,1378.0,1378.0,Don't know
1,93610,Female,0,0,0,1,1,0,No,0,0,0,0,0,0,Month-to-month,1,0,1,20.25,20.25,No,0,69,20.25,20.25,Don't know
1,93611,Female,0,0,0,29,1,1,Fiber optic,0,0,0,0,0,0,Month-to-month,1,1,2,76.0,2215.25,No,0,46,2204.0,2204.0,Don't know
1,93612,Male,0,0,0,1,1,0,Fiber optic,0,0,0,1,0,0,Month-to-month,0,0,2,74.0,74,No,0,34,74.0,74.0,Don't know
1,93614,Male,0,0,0,3,1,0,Fiber optic,1,0,0,1,0,0,Month-to-month,1,0,3,82.3,214.4,No,0,56,246.89999999999998,246.89999999999998,Don't know
1,93615,Female,0,0,0,20,1,0,Fiber optic,1,0,1,0,1,0,Month-to-month,1,1,4,89.4,1871.15,No,0,68,1788.0,1788.0,Don't know
1,93616,Male,0,0,1,64,1,0,Fiber optic,0,1,0,1,1,1,Month-to-month,1,1,5,99.15,6171.2,No,0,52,6345.6,6345.6,Don't know
1,93620,Female,0,0,0,6,0,0,DSL,1,0,0,0,0,0,Month-to-month,0,1,1,29.45,161.45,No,0,42,176.7,176.7,Don't know
1,93621,Male,0,1,0,50,1,0,No,0,0,0,0,0,0,Two year,0,0,1,19.8,1013.2,No,0,61,990.0,990.0,Don't know
1,93622,Male,0,0,0,6,1,0,DSL,1,0,0,0,0,1,Month-to-month,1,1,3,59.15,336.7,No,0,72,354.9,354.9,Don't know
1,93623,Male,0,1,1,7,1,0,DSL,0,0,0,0,0,0,Month-to-month,0,0,1,44.75,333.65,No,0,67,313.25,313.25,Don't know
1,93624,Male,0,1,1,72,1,1,Fiber optic,0,0,1,0,0,1,Two year,1,1,4,90.8,6511.8,No,0,30,6537.599999999999,6537.599999999999,Don't know
1,93625,Male,0,1,0,8,1,0,DSL,0,1,0,0,0,0,Month-to-month,1,1,2,49.55,393.45,No,0,25,396.4,396.4,Don't know
1,93626,Female,0,1,1,67,1,1,Fiber optic,1,0,0,1,1,1,Two year,0,1,6,106.7,7009.5,No,0,43,7148.900000000001,7148.900000000001,Don't know
1,93628,Female,0,1,0,72,1,1,Fiber optic,1,1,0,0,0,1,Two year,1,1,5,94.45,6921.7,No,0,43,6800.400000000001,6800.400000000001,Don't know
1,93630,Male,0,1,1,33,1,0,No,0,0,0,0,0,0,One year,1,1,1,19.45,600.25,No,0,66,641.85,641.85,Don't know
1,93634,Male,0,1,0,70,1,0,DSL,1,1,0,1,0,1,Two year,0,0,5,67.95,4664.15,No,0,27,4756.5,4756.5,Don't know
1,93635,Female,0,0,0,22,1,0,DSL,0,1,1,0,1,0,One year,0,1,4,65.25,1441.8,No,0,52,1435.5,1435.5,Don't know
1,93637,Female,0,0,0,59,1,1,Fiber optic,1,1,1,0,0,1,Month-to-month,1,1,6,99.45,5623.7,No,0,51,5867.55,5867.55,Don't know
1,93638,Male,0,0,0,36,1,0,No,0,0,0,0,0,0,One year,1,1,1,20.35,695.85,No,0,33,732.6,732.6,Don't know
1,93640,Female,0,1,1,51,1,0,No,0,0,0,0,0,0,Two year,0,0,1,19.95,1028.75,No,0,69,1017.4499999999999,1017.4499999999999,Don't know
1,93641,Male,0,1,0,53,1,1,DSL,1,0,1,1,1,0,One year,0,1,6,77.4,4155.95,No,0,73,4102.200000000001,4102.200000000001,Don't know
1,93643,Female,0,1,1,20,1,0,No,0,0,0,0,0,0,One year,0,1,1,19.7,395.6,No,0,30,394.0,394.0,Don't know
1,93644,Male,0,1,0,63,1,0,Fiber optic,1,0,1,0,1,1,Two year,0,1,5,99.7,6330.4,No,0,39,6281.1,6281.1,Don't know
1,93645,Female,0,0,0,40,1,0,Fiber optic,0,1,0,0,0,0,Month-to-month,0,1,2,74.8,2971.7,No,0,52,2992.0,2992.0,Don't know
1,93646,Male,0,0,0,35,1,0,No,0,0,0,0,0,0,One year,1,0,1,19.15,638,No,0,60,670.25,670.25,Don't know
1,93647,Male,0,1,1,26,1,0,Fiber optic,0,0,0,0,0,1,One year,0,1,2,78.95,2034.25,No,0,40,2052.7000000000003,2052.7000000000003,Don't know
1,93650,Male,0,0,1,53,1,0,DSL,1,1,0,1,0,0,One year,0,1,4,62.85,3419.5,No,0,24,3331.05,3331.05,Don't know
1,93651,Male,1,1,0,34,1,0,Fiber optic,0,0,0,0,0,0,Month-to-month,0,1,1,71.55,2427.35,No,0,72,2432.7,2432.7,Don't know
1,93652,Female,1,1,0,19,1,1,Fiber optic,0,0,0,0,1,1,Month-to-month,1,0,4,94.95,1760.25,No,0,40,1804.05,1804.05,Don't know
1,93653,Male,0,1,0,43,1,0,Fiber optic,1,1,1,0,0,0,Month-to-month,1,1,4,86.1,3551.65,No,0,42,3702.2999999999997,3702.2999999999997,Don't know
1,93654,Male,0,1,1,6,1,0,No,0,0,0,0,0,0,Month-to-month,0,0,1,19.55,122.9,No,0,25,117.30000000000001,117.30000000000001,Don't know
1,93656,Male,0,0,1,56,1,1,No,0,0,0,0,0,0,Two year,1,0,2,24.8,1424.2,No,0,79,1388.8,1388.8,Don't know
1,93660,Male,0,1,1,34,1,0,Fiber optic,0,0,1,0,1,0,Month-to-month,1,0,3,84.05,2909.95,No,0,67,2857.7,2857.7,Don't know
1,93662,Female,0,0,0,10,0,0,DSL,0,1,0,1,0,0,Month-to-month,0,0,2,36.25,374,No,0,24,362.5,362.5,Don't know
1,93666,Male,0,0,0,56,1,1,Fiber optic,0,1,0,0,1,1,Month-to-month,0,0,5,98.6,5581.05,No,0,58,5521.599999999999,5521.599999999999,Don't know
1,93667,Female,0,1,0,55,1,1,Fiber optic,0,1,1,0,1,1,Month-to-month,1,1,6,103.65,5676.65,No,0,46,5700.75,5700.75,Don't know
1,93668,Female,0,1,1,36,1,1,DSL,1,1,1,1,1,1,Two year,1,1,8,92.9,3379.25,No,0,77,3344.4,3344.4,Don't know
1,93669,Male,0,1,0,47,1,0,No,0,0,0,0,0,0,One year,0,1,1,19.9,942.95,No,0,70,935.3,935.3,Don't know
1,93673,Female,0,1,1,12,1,0,No,0,0,0,0,0,0,Month-to-month,1,1,1,20.1,232.4,No,0,21,241.20000000000002,241.20000000000002,Don't know
1,93701,Male,1,0,0,24,1,1,Fiber optic,0,1,0,0,0,0,Month-to-month,1,0,3,80.5,2088.45,No,0,40,1932.0,1932.0,Don't know
1,93703,Female,1,0,0,35,0,0,DSL,0,0,1,0,1,0,Month-to-month,1,0,2,39.85,1434.6,No,0,60,1394.75,1394.75,Don't know
1,93704,Female,0,0,0,67,1,0,DSL,1,1,0,1,0,0,One year,0,1,4,60.5,3870,No,0,48,4053.5,4053.5,Don't know
1,93706,Male,0,0,0,21,1,1,Fiber optic,1,0,1,0,1,1,Month-to-month,0,0,6,103.85,2215,No,0,77,2180.85,2180.85,Don't know
1,93710,Female,0,0,0,13,1,0,DSL,1,1,0,1,0,1,Month-to-month,0,1,5,67.8,842.25,No,0,30,881.4,881.4,Don't know
1,93720,Male,1,1,0,71,1,1,No,0,0,0,0,0,0,Two year,0,1,2,24.85,1901,No,0,53,1764.3500000000001,1764.3500000000001,Don't know
1,93721,Female,0,0,0,29,1,0,No,0,0,0,0,0,0,Month-to-month,0,1,1,19.35,601.6,No,0,49,561.1500000000001,561.1500000000001,Don't know
1,93725,Male,1,1,0,7,1,0,Fiber optic,0,0,0,0,1,1,Month-to-month,1,0,3,89.0,605.45,No,0,36,623.0,623.0,Don't know
1,93726,Female,1,0,0,57,0,0,DSL,0,1,1,0,1,1,Month-to-month,1,0,4,55.0,3094.05,No,0,76,3135.0,3135.0,Don't know
1,93727,Male,0,1,0,65,1,1,DSL,1,0,1,1,0,1,Two year,0,1,6,76.15,4929.55,No,0,46,4949.75,4949.75,Don't know
1,93728,Male,0,0,0,27,1,0,No,0,0,0,0,0,0,One year,0,0,1,20.3,595.05,No,0,71,548.1,548.1,Don't know
1,93905,Female,1,0,0,72,1,1,Fiber optic,1,1,1,1,1,1,Two year,1,1,8,117.35,8436.25,No,0,71,8449.199999999999,8449.199999999999,Don't know
1,93906,Male,0,0,0,1,1,0,No,0,0,0,0,0,0,Month-to-month,1,0,1,19.75,19.75,No,0,33,19.75,19.75,Don't know
1,93907,Male,0,0,0,11,1,0,DSL,0,0,0,0,0,0,Month-to-month,0,1,1,45.2,492,No,0,39,497.20000000000005,497.20000000000005,Don't know
1,93908,Male,0,1,1,39,1,1,No,0,0,0,0,0,0,Two year,0,0,2,25.2,987.95,No,0,65,982.8,982.8,Don't know
1,93920,Female,1,0,0,59,1,1,Fiber optic,1,1,1,0,0,0,Month-to-month,1,0,5,89.75,5496.9,No,0,70,5295.25,5295.25,Don't know
1,93921,Male,0,0,0,26,1,0,DSL,1,0,0,1,1,1,One year,0,1,5,75.0,1908.35,No,0,79,1950.0,1950.0,Don't know
1,93923,Male,1,0,0,2,1,0,DSL,0,0,1,0,0,0,Month-to-month,0,0,2,49.95,107.1,No,0,78,99.9,99.9,Don't know
1,93924,Female,0,1,1,72,0,0,DSL,1,1,1,1,1,1,Two year,0,1,6,65.7,4575.35,No,0,52,4730.400000000001,4730.400000000001,Don't know
1,93925,Male,0,1,0,65,1,1,DSL,1,1,1,0,0,0,One year,0,1,5,67.05,4309.55,No,0,52,4358.25,4358.25,Don't know
1,93926,Male,0,1,1,72,1,1,Fiber optic,0,1,1,1,1,1,Two year,0,1,7,110.9,7922.75,No,0,27,7984.8,7984.8,Don't know
1,93927,Male,0,0,0,6,1,1,Fiber optic,0,0,0,1,0,1,Month-to-month,1,1,4,87.95,522.35,No,0,47,527.7,527.7,Don't know
1,93928,Male,1,0,0,32,1,0,No,0,0,0,0,0,0,One year,0,1,1,19.8,587.7,No,0,78,633.6,633.6,Don't know
1,93930,Female,0,1,0,50,1,1,DSL,0,0,1,0,1,1,One year,0,1,5,75.7,3876.2,No,0,75,3785.0,3785.0,Don't know
1,93932,Male,0,1,0,61,0,0,DSL,1,0,1,1,1,1,Two year,1,0,5,62.15,3778.85,No,0,59,3791.15,3791.15,Don't know
1,93940,Male,0,1,0,72,1,1,Fiber optic,1,1,1,1,1,1,Two year,0,1,8,115.15,8349.45,No,0,26,8290.800000000001,8290.800000000001,Don't know
1,93953,Female,0,0,0,1,1,0,No,0,0,0,0,0,0,Month-to-month,0,0,1,19.5,19.5,No,0,33,19.5,19.5,Don't know
1,93954,Female,0,0,0,12,1,1,Fiber optic,0,0,0,0,0,1,Month-to-month,1,0,3,86.55,1066.9,No,0,71,1038.6,1038.6,Don't know
1,93960,Male,0,1,1,61,1,0,No,0,0,0,0,0,0,One year,0,0,1,20.4,1226.45,No,0,77,1244.3999999999999,1244.3999999999999,Don't know
1,93962,Male,0,1,1,18,1,0,No,0,0,0,0,0,0,One year,0,1,1,19.8,342.3,No,0,74,356.40000000000003,356.40000000000003,Don't know
1,94002,Male,0,0,1,21,1,0,DSL,0,0,0,0,0,0,Month-to-month,0,0,1,45.65,985.05,No,0,39,958.65,958.65,Don't know
1,94005,Male,0,1,1,68,0,0,DSL,1,1,1,1,0,1,Two year,1,0,5,56.4,3948.45,No,0,59,3835.2,3835.2,Don't know
1,94010,Male,1,0,0,12,1,1,Fiber optic,0,0,0,0,0,0,Month-to-month,1,1,2,73.3,828.05,No,0,38,879.5999999999999,879.5999999999999,Don't know
1,94015,Female,0,1,0,62,1,1,Fiber optic,0,0,1,0,1,1,Month-to-month,1,0,5,101.35,6164.7,No,0,77,6283.7,6283.7,Don't know
1,94020,Male,0,0,1,1,0,0,DSL,0,1,0,1,0,0,Month-to-month,0,0,2,33.6,33.6,No,0,27,33.6,33.6,Don't know
1,94022,Female,0,0,0,1,1,0,No,0,0,0,0,0,0,Month-to-month,0,0,1,20.7,20.7,No,0,68,20.7,20.7,Don't know
1,94024,Male,0,0,1,62,1,1,Fiber optic,0,0,1,1,1,1,Two year,1,0,6,104.05,6590.5,No,0,33,6451.099999999999,6451.099999999999,Don't know
1,94025,Female,0,1,1,36,1,0,No,0,0,0,0,0,0,Two year,0,1,1,20.25,717.95,No,0,57,729.0,729.0,Don't know
1,94028,Female,0,1,1,69,1,1,DSL,1,1,0,1,1,0,One year,0,1,6,73.7,4885.85,No,0,78,5085.3,5085.3,Don't know
1,94037,Female,0,1,0,63,1,1,Fiber optic,0,1,1,1,1,1,Month-to-month,1,0,7,108.75,6871.7,No,0,20,6851.25,6851.25,Don't know
1,94038,Male,0,0,0,23,1,0,No,0,0,0,0,0,0,One year,0,1,1,20.15,405.6,No,0,63,463.45,463.45,Don't know
1,94040,Male,0,0,0,10,1,0,No,0,0,0,0,0,0,Month-to-month,0,1,1,19.75,208.25,No,0,62,197.5,197.5,Don't know
1,94041,Female,0,1,0,71,1,1,No,0,0,0,0,0,0,Two year,1,1,2,25.95,1801.9,No,0,23,1842.45,1842.45,Don't know
1,94043,Female,1,0,0,45,1,1,DSL,1,0,0,1,0,1,Month-to-month,1,0,5,70.05,3062.45,No,0,43,3152.25,3152.25,Don't know
1,94044,Female,0,1,1,70,1,1,No,0,0,0,0,0,0,Two year,0,0,2,24.05,1764.75,No,0,32,1683.5,1683.5,Don't know
1,94060,Female,0,0,1,22,1,1,Fiber optic,0,0,0,0,0,1,Month-to-month,1,0,3,84.75,1816.75,No,0,79,1864.5,1864.5,Don't know
1,94061,Female,0,1,1,52,1,1,No,0,0,0,0,0,0,Two year,0,0,2,23.05,1255.1,No,0,34,1198.6000000000001,1198.6000000000001,Don't know
1,94063,Female,0,0,0,65,0,0,DSL,1,0,1,1,1,1,Two year,0,1,5,59.95,3921.1,No,0,74,3896.75,3896.75,Don't know
1,94065,Female,0,1,1,72,1,0,No,0,0,0,0,0,0,Two year,0,1,1,19.55,1463.45,No,0,68,1407.6000000000001,1407.6000000000001,Don't know
1,94066,Male,0,1,0,10,1,0,No,0,0,0,0,0,0,One year,0,1,1,19.6,189.45,No,0,57,196.0,196.0,Don't know
1,94070,Female,0,0,1,7,1,0,No,0,0,0,0,0,0,One year,0,0,1,20.05,96.8,No,0,62,140.35,140.35,Don't know
1,94074,Male,1,0,0,5,1,0,Fiber optic,0,1,0,0,0,1,Month-to-month,1,0,3,85.55,408.5,No,0,48,427.75,427.75,Don't know
1,94080,Female,0,1,1,24,1,1,DSL,1,0,1,0,1,1,Two year,0,1,6,78.6,1846.65,No,0,30,1886.3999999999999,1886.3999999999999,Don't know
1,94086,Female,0,1,1,72,1,1,Fiber optic,1,1,1,1,1,1,Two year,1,1,8,116.8,8456.75,No,0,52,8409.6,8409.6,Don't know
1,94087,Male,0,0,0,21,0,0,DSL,1,0,0,1,1,0,Month-to-month,1,0,3,43.55,1011.5,No,0,63,914.55,914.55,Don't know
1,94089,Male,0,1,0,69,0,0,DSL,0,1,1,1,1,1,One year,1,1,5,60.8,4263.4,No,0,63,4195.2,4195.2,Don't know
1,94102,Male,0,1,1,44,1,0,DSL,0,1,0,1,0,0,Month-to-month,1,1,3,54.9,2549.1,No,0,21,2415.6,2415.6,Don't know
1,94103,Female,1,1,1,61,1,1,DSL,0,0,1,0,1,0,One year,1,0,4,65.2,3965.05,No,0,30,3977.2000000000003,3977.2000000000003,Don't know
1,94109,Male,0,1,0,72,1,1,Fiber optic,0,1,1,1,1,1,Two year,1,0,7,108.2,7840.6,No,0,57,7790.400000000001,7790.400000000001,Don't know
1,94110,Male,0,0,0,72,1,1,DSL,1,1,1,1,1,1,Two year,0,1,8,92.0,6632.75,No,0,68,6624.0,6624.0,Don't know
1,94111,Male,1,1,0,14,1,1,Fiber optic,0,0,0,0,0,0,Month-to-month,1,0,2,75.1,1013.35,No,0,66,1051.3999999999999,1051.3999999999999,Don't know
1,94112,Male,0,0,0,7,1,1,No,0,0,0,0,0,0,Month-to-month,1,1,2,25.05,152.95,No,0,54,175.35,175.35,Don't know
1,94114,Female,0,0,0,48,1,0,Fiber optic,0,1,0,0,0,0,One year,0,0,2,75.15,3772.65,No,0,75,3607.2000000000003,3607.2000000000003,Don't know
1,94115,Male,0,1,1,55,1,0,No,0,0,0,0,0,0,One year,0,0,1,19.5,1026.35,No,0,64,1072.5,1072.5,Don't know
1,94116,Male,0,0,0,1,1,0,No,0,0,0,0,0,0,Month-to-month,0,1,1,19.3,19.3,No,0,47,19.3,19.3,Don't know
1,94117,Male,0,0,0,45,1,0,Fiber optic,1,1,1,1,1,1,One year,0,1,7,112.2,5031.85,No,0,74,5049.0,5049.0,Don't know
1,94118,Male,0,0,0,3,1,0,Fiber optic,0,0,0,0,0,0,Month-to-month,1,0,1,70.3,220.4,No,0,67,210.89999999999998,210.89999999999998,Don't know
1,94121,Female,0,1,0,71,1,0,No,0,0,0,0,0,0,Two year,0,0,1,19.6,1416.5,No,0,20,1391.6000000000001,1391.6000000000001,Don't know
1,94122,Male,0,1,0,8,1,0,No,0,0,0,0,0,0,Month-to-month,0,0,1,20.25,158.35,No,0,24,162.0,162.0,Don't know
1,94124,Male,0,1,1,69,1,0,DSL,1,1,0,1,1,1,Two year,0,1,6,80.65,5542.55,No,0,41,5564.85,5564.85,Don't know
1,94129,Female,1,1,0,72,1,1,Fiber optic,1,1,1,1,1,1,Two year,1,1,8,115.75,8443.7,No,0,50,8334.0,8334.0,Don't know
1,94131,Male,0,0,0,71,1,1,DSL,1,1,1,1,0,1,Two year,0,1,7,80.6,5708.2,No,0,47,5722.599999999999,5722.599999999999,Don't know
1,94133,Female,0,1,0,33,0,0,DSL,1,0,1,1,1,1,Two year,0,1,5,59.55,2016.3,No,0,68,1965.1499999999999,1965.1499999999999,Don't know
1,94134,Female,0,0,0,16,1,0,No,0,0,0,0,0,0,One year,0,0,1,19.05,326.65,No,0,60,304.8,304.8,Don't know
1,94301,Female,1,1,0,56,1,1,Fiber optic,1,1,1,1,0,0,One year,0,0,6,95.65,5471.75,No,0,20,5356.400000000001,5356.400000000001,Don't know
1,94303,Female,0,0,0,1,1,0,No,0,0,0,0,0,0,Month-to-month,0,1,1,19.95,19.95,No,0,48,19.95,19.95,Don't know
1,94305,Male,0,1,1,57,1,0,No,0,0,0,0,0,0,One year,0,0,1,19.4,1061.6,No,0,53,1105.8,1105.8,Don't know
1,94306,Male,0,1,1,56,0,0,DSL,0,1,1,0,0,0,One year,1,1,2,36.1,1971.5,No,0,38,2021.6000000000001,2021.6000000000001,Don't know
1,94403,Female,0,0,0,1,1,0,No,0,0,0,0,0,0,Month-to-month,0,0,1,19.75,19.75,No,0,32,19.75,19.75,Don't know
1,94404,Female,0,0,1,40,1,0,DSL,1,0,0,1,1,0,Month-to-month,1,1,4,64.1,2460.35,No,0,79,2564.0,2564.0,Don't know
1,94501,Male,0,1,1,46,1,0,No,0,0,0,0,0,0,Two year,0,1,1,19.75,856.5,No,0,56,908.5,908.5,Don't know
1,94502,Male,0,1,1,63,1,0,No,0,0,0,0,0,0,Two year,0,0,1,19.7,1275.85,No,0,63,1241.1,1241.1,Don't know
1,94506,Male,0,1,1,68,1,1,Fiber optic,1,1,1,0,1,1,Two year,1,0,7,110.2,7467.5,No,0,37,7493.6,7493.6,Don't know
1,94507,Male,0,1,1,69,1,0,Fiber optic,1,1,0,1,1,1,Two year,1,1,6,106.35,7261.75,No,0,58,7338.15,7338.15,Don't know
1,94508,Female,0,1,0,56,1,1,Fiber optic,0,1,1,1,0,0,Month-to-month,0,0,5,90.55,5116.6,No,0,63,5070.8,5070.8,Don't know
1,94509,Female,0,1,1,10,1,0,DSL,0,1,1,0,0,1,One year,1,0,4,65.9,660.05,No,0,78,659.0,659.0,Don't know
1,94510,Male,0,0,0,63,1,1,Fiber optic,1,1,1,1,1,0,One year,0,1,7,104.5,6590.8,No,0,43,6583.5,6583.5,Don't know
1,94511,Female,0,1,1,24,0,0,DSL,1,1,1,1,0,1,Two year,1,0,5,52.5,1208.15,No,0,47,1260.0,1260.0,Don't know
1,94512,Female,0,0,0,19,1,1,DSL,0,0,1,0,0,0,Month-to-month,1,0,3,56.1,1033.9,No,0,27,1065.9,1065.9,Don't know
1,94513,Male,0,1,1,22,1,1,Fiber optic,0,0,1,0,1,0,Month-to-month,1,0,4,88.75,1885.15,No,0,48,1952.5,1952.5,Don't know
1,94517,Female,0,1,0,70,1,1,No,0,0,0,0,0,0,Two year,1,1,2,26.0,2006.95,No,0,76,1820.0,1820.0,Don't know
1,94518,Female,0,1,0,49,1,0,Fiber optic,0,1,1,0,1,1,Month-to-month,0,0,5,99.4,5025,No,0,59,4870.6,4870.6,Don't know
1,94521,Male,0,1,1,42,1,0,DSL,0,0,1,1,1,1,One year,0,0,5,73.15,3088.25,No,0,58,3072.3,3072.3,Don't know
1,94523,Male,0,0,0,57,1,0,DSL,0,1,0,1,0,0,One year,1,0,3,54.65,3134.7,No,0,58,3115.0499999999997,3115.0499999999997,Don't know
1,94526,Female,0,1,0,72,1,1,Fiber optic,1,1,1,1,1,1,Two year,1,1,8,115.55,8312.4,No,0,38,8319.6,8319.6,Don't know
1,94530,Female,1,0,0,46,1,1,Fiber optic,0,1,1,0,1,1,Month-to-month,1,0,6,104.45,4863.85,No,0,76,4804.7,4804.7,Don't know
1,94536,Female,0,1,0,72,1,1,DSL,1,1,1,1,1,1,Two year,1,1,8,91.15,6637.9,No,0,33,6562.8,6562.8,Don't know
1,94538,Male,0,1,1,35,1,0,Fiber optic,0,1,0,1,1,0,One year,1,0,4,89.7,3165.6,No,0,44,3139.5,3139.5,Don't know
1,94541,Female,0,1,0,72,1,1,DSL,1,1,1,1,1,1,Two year,1,0,8,92.4,6786.1,No,0,59,6652.8,6652.8,Don't know
1,94542,Female,0,1,1,28,1,0,No,0,0,0,0,0,0,One year,0,0,1,19.9,543,No,0,41,557.1999999999999,557.1999999999999,Don't know
1,94546,Male,0,0,0,45,1,0,No,0,0,0,0,0,0,One year,0,1,1,18.85,867.3,No,0,78,848.2500000000001,848.2500000000001,Don't know
1,94547,Female,0,0,0,1,1,1,No,0,0,0,0,0,0,Month-to-month,1,0,2,25.75,25.75,No,0,67,25.75,25.75,Don't know
1,94550,Female,0,0,0,6,1,0,No,0,0,0,0,0,0,Month-to-month,1,0,1,20.95,109.5,No,0,77,125.69999999999999,125.69999999999999,Don't know
1,94552,Female,0,1,0,48,1,0,Fiber optic,0,1,1,0,1,1,One year,1,0,5,97.05,4692.95,No,0,66,4658.4,4658.4,Don't know
1,94553,Male,0,1,1,25,1,1,No,0,0,0,0,0,0,Month-to-month,1,1,2,25.4,546.85,No,0,26,635.0,635.0,Don't know
1,94555,Male,0,1,1,64,1,0,No,0,0,0,0,0,0,Two year,1,1,1,19.7,1274.05,No,0,79,1260.8,1260.8,Don't know
1,94556,Male,0,0,0,50,0,0,DSL,1,1,0,0,0,0,Month-to-month,1,0,2,35.0,1782.4,No,0,45,1750.0,1750.0,Don't know
1,94558,Female,0,1,1,52,1,1,Fiber optic,0,0,1,0,1,1,One year,0,1,5,101.25,5301.1,No,0,25,5265.0,5265.0,Don't know
1,94559,Male,1,1,0,4,1,0,Fiber optic,0,0,0,0,0,0,Month-to-month,1,0,1,70.2,280.35,No,0,53,280.8,280.8,Don't know
1,94560,Female,1,0,0,32,1,0,Fiber optic,0,0,0,0,1,1,Month-to-month,0,0,3,90.95,2897.95,No,0,52,2910.4,2910.4,Don't know
1,94561,Male,0,1,1,45,1,1,DSL,1,1,0,1,1,0,Two year,0,1,6,73.85,3371,No,0,76,3323.2499999999995,3323.2499999999995,Don't know
1,94563,Male,0,1,0,9,1,1,Fiber optic,1,0,0,0,0,1,Month-to-month,1,0,4,88.05,801.3,No,0,30,792.4499999999999,792.4499999999999,Don't know
1,94566,Female,0,0,0,54,1,0,No,0,0,0,0,0,0,Two year,0,0,1,20.1,1079.45,No,0,57,1085.4,1085.4,Don't know
1,94568,Female,0,1,1,64,1,1,Fiber optic,1,1,0,1,1,1,Two year,0,1,7,110.3,6997.3,No,0,45,7059.2,7059.2,Don't know
1,94572,Female,0,0,0,12,1,0,Fiber optic,1,0,0,0,1,0,One year,1,1,3,85.15,979.05,No,0,52,1021.8000000000001,1021.8000000000001,Don't know
1,94574,Male,1,1,0,67,1,0,DSL,1,1,0,1,0,0,One year,1,1,4,60.95,4119.4,No,0,41,4083.65,4083.65,Don't know
1,94577,Female,0,0,0,45,1,1,DSL,1,0,0,1,0,1,Two year,0,0,5,73.55,3349.1,No,0,56,3309.75,3309.75,Don't know
1,94578,Male,0,0,0,10,1,0,DSL,0,0,0,0,0,0,Month-to-month,0,0,1,46.0,492.1,No,0,38,460.0,460.0,Don't know
1,94579,Female,1,0,0,29,1,1,DSL,1,1,0,0,0,0,Month-to-month,1,1,4,58.55,1718.95,No,0,30,1697.9499999999998,1697.9499999999998,Don't know
1,94580,Female,0,0,0,24,1,1,No,0,0,0,0,0,0,One year,0,1,2,24.6,605.25,No,0,62,590.4000000000001,590.4000000000001,Don't know
1,94583,Male,0,1,1,66,1,0,No,0,0,0,0,0,0,Two year,1,0,1,19.75,1344.5,No,0,58,1303.5,1303.5,Don't know
1,94585,Male,0,0,0,51,1,0,Fiber optic,1,0,0,0,1,0,One year,0,0,3,86.35,4267.15,No,0,74,4403.849999999999,4403.849999999999,Don't know
1,94586,Female,0,1,0,45,1,1,No,0,0,0,0,0,0,Two year,0,0,2,25.5,1121.05,No,0,47,1147.5,1147.5,Don't know
1,94587,Female,0,1,0,49,1,0,No,0,0,0,0,0,0,One year,0,1,1,19.0,918.7,No,0,39,931.0,931.0,Don't know
1,94588,Female,0,1,0,29,1,0,No,0,0,0,0,0,0,Two year,1,0,1,19.55,521.8,No,0,77,566.95,566.95,Don't know
1,94589,Male,0,1,1,40,1,1,Fiber optic,1,1,0,1,1,1,Month-to-month,1,1,7,110.1,4469.1,No,0,39,4404.0,4404.0,Don't know
1,94591,Male,0,0,0,25,1,0,Fiber optic,0,0,0,0,0,0,Month-to-month,0,0,1,69.75,1729.35,No,0,26,1743.75,1743.75,Don't know
1,94592,Female,0,0,0,22,0,0,DSL,0,0,1,0,1,1,Month-to-month,1,0,3,50.6,1073.3,No,0,62,1113.2,1113.2,Don't know
1,94595,Male,0,0,0,72,0,0,DSL,1,1,1,1,1,1,Two year,1,1,6,65.6,4566.5,No,0,75,4723.2,4723.2,Don't know
1,94598,Male,0,1,1,33,1,0,DSL,0,1,1,1,1,1,Two year,0,1,6,82.1,2603.1,No,0,32,2709.2999999999997,2709.2999999999997,Don't know
1,94599,Female,0,0,0,23,1,0,Fiber optic,0,1,0,1,0,0,Month-to-month,1,0,3,79.1,1783.75,No,0,75,1819.3,1819.3,Don't know
1,94603,Male,0,0,0,69,1,1,DSL,1,1,1,1,1,1,Two year,0,0,8,90.65,6322.1,No,0,55,6254.85,6254.85,Don't know
1,94605,Female,0,0,1,3,1,0,No,0,0,0,0,0,0,One year,1,1,1,20.55,57.4,No,0,69,61.650000000000006,61.650000000000006,Don't know
1,94606,Male,0,0,0,56,1,0,DSL,0,1,0,1,1,1,One year,1,1,5,75.75,4284.65,No,0,56,4242.0,4242.0,Don't know
1,94607,Male,0,0,0,65,1,1,Fiber optic,1,0,1,1,1,1,One year,1,1,7,110.0,7138.65,No,0,78,7150.0,7150.0,Don't know
1,94608,Male,0,1,0,71,1,0,No,0,0,0,0,0,0,One year,0,0,1,20.85,1539.75,No,0,67,1480.3500000000001,1480.3500000000001,Don't know
1,94609,Female,1,0,0,14,1,1,Fiber optic,0,0,1,0,0,0,Month-to-month,1,1,3,80.35,1058.1,No,0,39,1124.8999999999999,1124.8999999999999,Don't know
1,94610,Female,0,0,0,2,1,0,Fiber optic,0,0,0,0,0,0,Month-to-month,1,0,1,70.15,123.8,No,0,75,140.3,140.3,Don't know
1,94612,Male,0,0,0,40,1,0,DSL,1,0,1,0,0,1,Month-to-month,0,0,4,67.45,2731,No,0,55,2698.0,2698.0,Don't know
1,94618,Male,0,0,0,1,1,0,No,0,0,0,0,0,0,Month-to-month,0,1,1,20.75,20.75,No,0,76,20.75,20.75,Don't know
1,94621,Female,0,0,0,7,1,0,Fiber optic,0,0,0,0,0,0,Month-to-month,1,0,1,69.9,497.3,No,0,80,489.30000000000007,489.30000000000007,Don't know
1,94702,Female,0,1,0,15,1,1,DSL,0,0,0,0,0,0,Month-to-month,1,0,2,51.1,711.15,No,0,33,766.5,766.5,Don't know
1,94705,Male,0,0,0,71,1,1,No,0,0,0,0,0,0,Two year,0,1,2,25.55,1898.1,No,0,27,1814.05,1814.05,Don't know
1,94706,Female,0,1,1,54,1,1,DSL,1,0,0,1,0,0,Two year,0,1,4,60.0,3273.95,No,0,52,3240.0,3240.0,Don't know
1,94707,Male,0,1,0,31,1,1,Fiber optic,1,1,0,1,0,0,Month-to-month,1,1,5,90.55,2929.75,No,0,48,2807.0499999999997,2807.0499999999997,Don't know
1,94708,Female,0,0,0,11,1,0,Fiber optic,1,0,0,0,0,0,Month-to-month,0,0,2,76.4,838.7,No,0,41,840.4000000000001,840.4000000000001,Don't know
1,94709,Female,1,0,0,18,1,0,Fiber optic,0,0,1,0,0,1,Month-to-month,1,0,3,84.95,1443.65,No,0,74,1529.1000000000001,1529.1000000000001,Don't know
1,94710,Female,1,0,0,72,1,1,Fiber optic,1,1,0,1,1,1,Two year,1,1,7,110.1,7746.7,No,0,57,7927.2,7927.2,Don't know
1,94801,Female,1,0,0,71,1,1,Fiber optic,0,1,0,0,1,1,Month-to-month,1,1,5,99.65,6951.15,No,0,77,7075.150000000001,7075.150000000001,Don't know
1,94803,Male,1,0,0,5,0,0,DSL,0,0,1,1,1,0,Month-to-month,0,1,3,45.4,214.75,No,0,68,227.0,227.0,Don't know
1,94804,Male,0,1,0,38,1,1,DSL,0,0,1,1,0,1,One year,0,1,5,69.0,2669.45,No,0,23,2622.0,2622.0,Don't know
1,94805,Male,0,0,1,5,1,0,DSL,0,0,0,1,0,0,Month-to-month,1,1,2,48.65,235.2,No,0,68,243.25,243.25,Don't know
1,94901,Female,1,0,0,52,1,1,DSL,1,0,1,0,0,0,Two year,0,1,4,59.85,3103.25,No,0,71,3112.2000000000003,3112.2000000000003,Don't know
1,94904,Female,0,0,0,68,1,1,DSL,0,1,1,0,1,1,Two year,1,0,6,80.65,5330.2,No,0,70,5484.200000000001,5484.200000000001,Don't know
1,94920,Male,0,1,1,69,1,0,No,0,0,0,0,0,0,One year,1,1,1,20.55,1403.1,No,0,32,1417.95,1417.95,Don't know
1,94922,Female,0,1,0,42,1,1,DSL,1,1,0,1,0,0,Month-to-month,1,1,5,66.4,2727.8,No,0,38,2788.8,2788.8,Don't know
1,94923,Female,0,0,0,50,1,0,Fiber optic,0,1,0,1,1,1,Two year,1,0,5,100.2,5038.45,No,0,53,5010.0,5010.0,Don't know
1,94928,Male,0,1,0,33,1,0,DSL,0,0,0,0,0,0,Month-to-month,1,1,1,44.55,1462.6,No,0,28,1470.1499999999999,1470.1499999999999,Don't know
1,94929,Female,0,0,0,7,1,0,No,0,0,0,0,0,0,Month-to-month,0,0,1,20.35,150.6,No,0,52,142.45000000000002,142.45000000000002,Don't know
1,94930,Male,0,1,1,64,1,1,Fiber optic,1,1,1,0,0,0,Month-to-month,1,0,5,91.8,5960.5,No,0,37,5875.2,5875.2,Don't know
1,94933,Male,0,0,0,59,1,0,No,0,0,0,0,0,0,Two year,1,1,1,20.2,1192.3,No,0,65,1191.8,1191.8,Don't know
1,94937,Female,0,1,0,6,1,1,DSL,0,0,0,0,0,0,Month-to-month,0,0,2,50.35,314.55,No,0,74,302.1,302.1,Don't know
1,94938,Female,0,0,0,3,1,0,No,0,0,0,0,0,0,Month-to-month,0,0,1,18.8,56,No,0,67,56.400000000000006,56.400000000000006,Don't know
1,94939,Female,0,1,0,15,1,0,No,0,0,0,0,0,0,Month-to-month,0,1,1,20.45,330.8,No,0,78,306.75,306.75,Don't know
1,94940,Male,0,1,1,13,1,0,DSL,0,0,0,0,1,1,One year,1,0,3,64.75,877.35,No,0,73,841.75,841.75,Don't know
1,94941,Female,0,0,0,23,1,1,Fiber optic,0,1,0,0,1,1,Month-to-month,1,1,5,98.7,2249.1,No,0,71,2270.1,2270.1,Don't know
1,94945,Male,1,1,0,31,1,1,Fiber optic,1,0,0,0,1,0,Month-to-month,0,0,4,89.45,2807.65,No,0,68,2772.9500000000003,2772.9500000000003,Don't know
1,94946,Male,0,0,0,29,1,0,DSL,1,1,0,1,0,0,One year,1,0,4,58.75,1696.2,No,0,80,1703.75,1703.75,Don't know
1,94947,Female,0,1,0,49,1,0,No,0,0,0,0,0,0,One year,0,1,1,20.7,1032.05,No,0,50,1014.3,1014.3,Don't know
1,94949,Female,0,1,0,56,1,1,Fiber optic,0,0,0,0,1,0,Month-to-month,1,1,3,85.6,4902.8,No,0,20,4793.599999999999,4793.599999999999,Don't know
1,94950,Female,0,0,0,63,1,1,DSL,1,1,1,1,0,1,Two year,1,1,7,80.3,4995.35,No,0,74,5058.9,5058.9,Don't know
1,94951,Male,0,1,0,63,1,1,DSL,0,0,1,1,1,1,Two year,0,1,6,79.8,5034.05,No,0,52,5027.4,5027.4,Don't know
1,94952,Male,1,1,1,24,1,1,Fiber optic,1,0,0,0,0,0,Month-to-month,1,0,3,79.85,1857.75,No,0,36,1916.3999999999999,1916.3999999999999,Don't know
1,94954,Male,1,1,0,36,1,0,DSL,0,0,1,1,0,0,One year,0,1,3,54.1,1992.85,No,0,48,1947.6000000000001,1947.6000000000001,Don't know
1,94963,Female,0,1,0,21,1,0,DSL,1,0,1,1,1,1,One year,0,0,6,80.9,1714.95,No,0,36,1698.9,1698.9,Don't know
1,94964,Male,0,1,1,13,1,1,No,0,0,0,0,0,0,One year,0,1,2,24.5,343.6,No,0,59,318.5,318.5,Don't know
1,94965,Male,0,1,1,1,1,0,No,0,0,0,0,0,0,Month-to-month,1,1,1,20.15,20.15,No,0,40,20.15,20.15,Don't know
1,94970,Female,0,1,1,25,1,0,No,0,0,0,0,0,0,One year,0,0,1,20.05,520.1,No,0,60,501.25,501.25,Don't know
1,94971,Male,0,1,1,71,1,0,No,0,0,0,0,0,0,Two year,1,1,1,19.6,1387.45,No,0,56,1391.6000000000001,1391.6000000000001,Don't know
1,94972,Male,0,0,0,66,1,1,Fiber optic,1,1,1,1,1,1,One year,1,1,8,114.3,7383.7,No,0,52,7543.8,7543.8,Don't know
1,94973,Female,0,0,0,45,1,0,Fiber optic,1,1,0,0,1,1,One year,1,0,5,100.3,4483.95,No,0,64,4513.5,4513.5,Don't know
1,95002,Female,0,1,0,22,1,0,Fiber optic,0,0,0,0,1,0,Month-to-month,1,1,2,80.0,1706.45,No,0,80,1760.0,1760.0,Don't know
1,95003,Female,0,1,0,67,1,0,No,0,0,0,0,0,0,One year,1,1,1,20.85,1327.4,No,0,71,1396.95,1396.95,Don't know
1,95004,Female,0,1,0,68,1,1,Fiber optic,0,0,1,0,1,0,Two year,1,1,4,89.95,5974.3,No,0,64,6116.6,6116.6,Don't know
1,95005,Female,0,1,1,0,1,0,No,0,0,0,0,0,0,Two year,0,0,1,20.0, ,No,0,27,0.0,0.0,Don't know
1,95007,Female,1,0,0,4,1,1,DSL,0,0,0,0,0,0,Month-to-month,0,0,2,48.75,179.85,No,0,25,195.0,195.0,Don't know
1,95008,Male,0,1,0,63,1,1,DSL,1,1,1,1,0,1,One year,0,1,7,80.0,5040.2,No,0,56,5040.0,5040.0,Don't know
1,95012,Male,0,0,0,21,1,0,No,0,0,0,0,0,0,One year,1,0,1,20.35,422.7,No,0,40,427.35,427.35,Don't know
1,95017,Male,0,0,1,1,1,0,No,0,0,0,0,0,0,Month-to-month,1,0,1,20.25,20.25,No,0,48,20.25,20.25,Don't know
1,95018,Female,0,0,0,17,1,0,No,0,0,0,0,0,0,Two year,0,0,1,19.4,358.05,No,0,44,329.79999999999995,329.79999999999995,Don't know
1,95019,Male,0,0,0,30,1,1,Fiber optic,1,0,0,0,1,1,Month-to-month,1,1,5,100.4,2936.25,No,0,37,3012.0,3012.0,Don't know
1,95020,Male,0,1,1,22,1,0,DSL,1,1,0,1,0,0,Month-to-month,1,0,4,57.95,1271.8,No,0,41,1274.9,1274.9,Don't know
1,95023,Female,0,0,0,9,1,0,DSL,0,0,0,1,1,0,Month-to-month,1,1,3,59.5,530.05,No,0,53,535.5,535.5,Don't know
1,95030,Male,0,1,1,1,1,0,No,0,0,0,0,0,0,Month-to-month,0,0,1,19.2,19.2,No,0,46,19.2,19.2,Don't know
1,95033,Male,0,0,0,19,1,1,DSL,0,0,1,1,0,0,Month-to-month,0,0,4,59.55,1144.6,No,0,39,1131.45,1131.45,Don't know
1,95039,Female,0,1,0,72,1,1,Fiber optic,1,1,1,1,1,0,Two year,1,1,7,103.95,7556.9,No,0,56,7484.400000000001,7484.400000000001,Don't know
1,95041,Male,0,1,1,70,1,1,DSL,1,0,1,0,1,0,Two year,0,1,5,68.95,4858.7,No,0,60,4826.5,4826.5,Don't know
1,95043,Female,0,0,0,66,1,1,Fiber optic,1,1,1,1,0,1,Month-to-month,1,1,7,103.1,6595,No,0,46,6804.599999999999,6804.599999999999,Don't know
1,95045,Female,0,1,1,7,0,0,DSL,0,0,0,0,0,0,Month-to-month,1,0,0,24.7,149.05,No,0,52,172.9,172.9,Don't know
1,95046,Female,1,1,1,46,1,1,Fiber optic,1,1,0,1,1,1,Month-to-month,1,0,7,110.2,4972.1,No,0,55,5069.2,5069.2,Don't know
1,95051,Female,0,1,1,32,1,1,DSL,0,1,1,0,0,0,Month-to-month,0,1,4,62.45,2045.55,No,0,74,1998.4,1998.4,Don't know
1,95054,Male,0,0,0,24,1,0,Fiber optic,0,1,1,0,0,1,Month-to-month,1,0,4,89.55,2187.15,No,0,41,2149.2,2149.2,Don't know
1,95062,Female,0,0,0,37,1,1,DSL,1,1,1,1,1,0,Month-to-month,1,1,7,78.9,2976.95,No,0,64,2919.3,2919.3,Don't know
1,95064,Male,0,0,1,8,1,0,No,0,0,0,0,0,0,Month-to-month,0,0,1,20.35,178.7,No,0,42,162.8,162.8,Don't know
1,95065,Female,0,1,1,72,1,1,DSL,1,0,1,0,1,0,Two year,1,1,5,71.45,5025.85,No,0,30,5144.400000000001,5144.400000000001,Don't know
1,95066,Male,1,1,0,71,0,0,DSL,1,1,1,1,0,0,Two year,0,1,4,46.35,3353.4,No,0,28,3290.85,3290.85,Don't know
1,95070,Female,0,1,0,16,1,0,Fiber optic,0,1,0,0,1,1,Month-to-month,1,1,4,94.65,1461.15,No,0,36,1514.4,1514.4,Don't know
1,95073,Female,0,1,0,57,0,0,DSL,1,0,1,1,0,1,Month-to-month,1,1,4,49.9,2782.4,No,0,68,2844.2999999999997,2844.2999999999997,Don't know
1,95076,Male,0,0,0,66,1,1,No,0,0,0,0,0,0,One year,0,1,2,25.45,1699.15,No,0,48,1679.7,1679.7,Don't know
1,95111,Female,0,0,1,21,1,0,No,0,0,0,0,0,0,Month-to-month,0,0,1,20.75,452.2,No,0,39,435.75,435.75,Don't know
1,95112,Male,0,1,0,66,1,1,DSL,1,1,1,0,0,0,Two year,1,1,5,66.1,4428.45,No,0,73,4362.599999999999,4362.599999999999,Don't know
1,95113,Female,0,1,0,17,1,1,DSL,0,1,0,0,1,1,Month-to-month,1,1,5,75.4,1322.55,No,0,64,1281.8000000000002,1281.8000000000002,Don't know
1,95118,Female,0,1,1,8,1,0,No,0,0,0,0,0,0,Month-to-month,0,1,1,21.05,139.75,No,0,78,168.4,168.4,Don't know
1,95119,Male,0,0,0,27,1,0,DSL,1,0,1,1,1,0,One year,0,1,5,69.35,1927.3,No,0,60,1872.4499999999998,1872.4499999999998,Don't know
1,95120,Male,0,1,0,34,1,1,Fiber optic,0,1,0,0,0,1,Month-to-month,0,0,4,88.85,3000.25,No,0,70,3020.8999999999996,3020.8999999999996,Don't know
1,95121,Male,0,0,0,30,1,0,Fiber optic,0,1,0,0,1,1,One year,1,1,4,97.0,3021.3,No,0,23,2910.0,2910.0,Don't know
1,95122,Male,0,0,0,33,1,0,DSL,0,1,1,0,1,0,Month-to-month,1,1,4,66.4,2245.4,No,0,69,2191.2000000000003,2191.2000000000003,Don't know
1,95124,Male,0,1,1,14,1,1,DSL,1,1,0,0,0,1,Month-to-month,0,0,5,69.2,944.65,No,0,24,968.8000000000001,968.8000000000001,Don't know
1,95125,Female,0,0,1,16,1,1,Fiber optic,0,0,0,1,0,0,One year,1,1,3,79.5,1264.2,No,0,64,1272.0,1272.0,Don't know
1,95126,Female,0,0,0,49,1,0,Fiber optic,0,0,1,1,1,1,Two year,0,1,5,100.65,4917.75,No,0,52,4931.85,4931.85,Don't know
1,95128,Female,0,1,1,70,1,1,DSL,1,1,1,1,1,0,Two year,0,1,7,79.7,5743.3,No,0,41,5579.0,5579.0,Don't know
1,95129,Female,0,1,1,32,1,0,DSL,1,1,0,1,0,0,Month-to-month,0,1,4,61.4,1864.65,No,0,51,1964.8,1964.8,Don't know
1,95130,Female,0,0,0,18,1,0,Fiber optic,0,0,0,0,0,0,Month-to-month,1,0,1,69.8,1221.65,No,0,68,1256.3999999999999,1256.3999999999999,Don't know
1,95131,Male,0,0,0,37,0,0,DSL,1,1,0,1,0,0,Two year,1,0,3,40.55,1390.85,No,0,24,1500.35,1500.35,Don't know
1,95132,Female,0,0,0,4,1,1,Fiber optic,0,0,0,0,0,0,Month-to-month,1,0,2,75.65,302.35,No,0,31,302.6,302.6,Don't know
1,95133,Female,0,1,0,16,1,1,Fiber optic,1,1,1,0,0,0,Month-to-month,0,0,5,90.7,1374.9,No,0,73,1451.2,1451.2,Don't know
1,95134,Male,0,1,0,17,1,1,Fiber optic,0,1,0,0,0,0,Month-to-month,1,1,3,80.5,1336.9,No,0,76,1368.5,1368.5,Don't know
1,95135,Female,0,0,1,19,1,0,DSL,1,1,1,0,0,0,Month-to-month,1,0,4,60.6,1297.8,No,0,33,1151.4,1151.4,Don't know
1,95136,Male,0,1,0,60,1,1,Fiber optic,0,0,1,0,1,1,Two year,0,1,5,101.15,6067.4,No,0,35,6069.0,6069.0,Don't know
1,95138,Male,0,1,1,51,1,1,No,0,0,0,0,0,0,Two year,1,0,2,24.95,1222.25,No,0,37,1272.45,1272.45,Don't know
1,95139,Male,0,1,1,28,1,0,No,0,0,0,0,0,0,Two year,1,1,1,20.3,487.95,No,0,73,568.4,568.4,Don't know
1,95140,Male,0,0,0,43,1,0,DSL,0,1,0,0,0,1,Two year,1,0,3,60.0,2548.55,No,0,73,2580.0,2580.0,Don't know
1,95148,Male,0,1,0,42,1,0,No,0,0,0,0,0,0,Two year,0,0,1,20.25,835.5,No,0,61,850.5,850.5,Don't know
1,95203,Female,0,0,0,1,1,0,DSL,0,0,0,0,0,0,Month-to-month,0,0,1,44.75,44.75,No,0,30,44.75,44.75,Don't know
1,95205,Female,0,0,0,63,1,1,Fiber optic,1,1,1,0,1,0,Two year,0,1,6,98.0,6218.45,No,0,75,6174.0,6174.0,Don't know
1,95207,Male,0,1,0,68,1,1,Fiber optic,1,1,0,1,1,1,Month-to-month,1,0,7,107.7,7320.9,No,0,53,7323.6,7323.6,Don't know
1,95210,Female,0,0,0,60,1,1,Fiber optic,0,1,1,0,1,1,Two year,0,0,6,104.7,6333.8,No,0,75,6282.0,6282.0,Don't know
1,95215,Male,1,0,0,45,1,1,Fiber optic,0,0,0,0,1,1,Month-to-month,1,1,4,93.9,4200.25,No,0,58,4225.5,4225.5,Don't know
1,95219,Female,0,1,0,70,1,0,DSL,1,1,1,1,1,1,Two year,0,1,7,86.45,5950.2,No,0,54,6051.5,6051.5,Don't know
1,95222,Male,0,0,0,4,1,0,No,0,0,0,0,0,0,Month-to-month,0,0,1,19.4,93.4,No,0,54,77.6,77.6,Don't know
1,95224,Female,0,1,0,68,1,1,No,0,0,0,0,0,0,Two year,1,1,2,24.95,1614.9,No,0,72,1696.6,1696.6,Don't know
1,95225,Male,0,1,1,22,1,0,Fiber optic,1,0,0,0,0,0,Month-to-month,0,1,2,75.0,1573.95,No,0,48,1650.0,1650.0,Don't know
1,95228,Male,0,1,0,18,1,0,Fiber optic,0,0,1,1,0,0,Month-to-month,0,0,3,78.2,1468.75,No,0,79,1407.6000000000001,1407.6000000000001,Don't know
1,95230,Male,0,0,0,29,1,0,Fiber optic,0,0,0,1,1,1,Month-to-month,1,0,4,94.2,2607.6,No,0,60,2731.8,2731.8,Don't know
1,95236,Male,0,0,0,31,0,0,DSL,0,0,1,0,1,1,One year,1,0,3,50.05,1523.4,No,0,35,1551.55,1551.55,Don't know
1,95240,Female,0,1,0,48,1,1,DSL,0,0,1,1,0,1,One year,1,0,5,69.55,3435.6,No,0,75,3338.3999999999996,3338.3999999999996,Don't know
1,95245,Male,0,0,0,50,1,0,Fiber optic,1,1,1,1,0,0,One year,1,1,5,90.1,4549.45,No,0,25,4505.0,4505.0,Don't know
1,95246,Male,0,0,0,7,1,0,DSL,0,0,0,0,0,0,Month-to-month,1,1,1,44.65,322.5,No,0,65,312.55,312.55,Don't know
1,95249,Male,0,1,1,68,1,0,Fiber optic,1,0,1,0,0,0,Two year,0,1,3,80.35,5375.15,No,0,33,5463.799999999999,5463.799999999999,Don't know
1,95250,Female,1,1,0,26,1,1,Fiber optic,0,0,1,0,1,1,Month-to-month,1,1,5,98.1,2510.7,No,0,38,2550.6,2550.6,Don't know
1,95251,Male,0,0,0,57,0,0,DSL,0,0,1,1,1,1,Two year,0,1,4,53.35,3090.05,No,0,42,3040.9500000000003,3040.9500000000003,Don't know
1,95252,Female,0,0,0,3,1,0,No,0,0,0,0,0,0,Month-to-month,0,0,1,19.55,61.05,No,0,46,58.650000000000006,58.650000000000006,Don't know
1,95255,Male,0,1,1,19,1,0,DSL,1,0,0,0,0,0,One year,1,1,2,48.95,955.6,No,0,35,930.0500000000001,930.0500000000001,Don't know
1,95257,Female,0,0,0,3,1,0,DSL,0,0,0,0,1,0,Month-to-month,1,0,2,54.2,140.4,No,0,68,162.60000000000002,162.60000000000002,Don't know
1,95258,Female,0,0,0,59,1,1,No,0,0,0,0,0,0,Two year,0,0,2,24.45,1493.1,No,0,26,1442.55,1442.55,Don't know
1,95303,Male,0,1,0,42,0,0,DSL,1,0,0,0,1,0,Month-to-month,1,1,2,40.15,1626.05,No,0,68,1686.3,1686.3,Don't know
1,95306,Male,0,1,0,67,1,1,No,0,0,0,0,0,0,Two year,0,1,2,25.6,1784.9,No,0,38,1715.2,1715.2,Don't know
1,95307,Male,0,0,0,1,1,0,Fiber optic,0,0,0,0,0,0,Month-to-month,1,0,1,70.35,70.35,No,0,32,70.35,70.35,Don't know
1,95310,Male,0,1,0,66,1,1,DSL,1,1,1,1,1,1,Two year,0,1,8,91.7,6075.9,No,0,39,6052.2,6052.2,Don't know
1,95311,Female,0,0,0,61,1,1,Fiber optic,0,0,1,0,0,1,Month-to-month,0,0,4,89.2,5500.6,No,0,23,5441.2,5441.2,Don't know
1,95312,Male,0,1,1,4,1,1,No,0,0,0,0,0,0,One year,0,1,2,24.1,73.1,No,0,21,96.4,96.4,Don't know
1,95315,Female,0,1,1,64,1,1,DSL,0,1,0,0,0,0,One year,1,1,3,53.85,3399.85,No,0,36,3446.4,3446.4,Don't know
1,95316,Female,1,1,0,54,1,1,Fiber optic,1,1,1,1,1,1,One year,1,1,8,115.6,6431.05,No,0,45,6242.4,6242.4,Don't know
1,95317,Male,0,0,0,1,1,0,No,0,0,0,0,0,0,Month-to-month,1,1,1,19.75,19.75,No,0,33,19.75,19.75,Don't know
1,95318,Male,0,1,1,54,1,1,No,0,0,0,0,0,0,Two year,1,1,2,24.05,1230.9,No,0,41,1298.7,1298.7,Don't know
1,95320,Female,0,0,1,18,1,1,No,0,0,0,0,0,0,Two year,0,1,2,25.3,454.65,No,0,78,455.40000000000003,455.40000000000003,Don't know
1,95321,Male,0,0,0,3,1,0,Fiber optic,0,1,0,0,0,1,Month-to-month,0,0,3,84.3,235.05,No,0,43,252.89999999999998,252.89999999999998,Don't know
1,95323,Female,0,1,1,72,1,1,DSL,1,1,1,1,1,1,Two year,0,1,8,89.75,6595.9,No,0,60,6462.0,6462.0,Don't know
1,95324,Male,1,1,0,60,1,0,Fiber optic,0,1,1,0,1,1,One year,1,0,5,97.95,5867,No,0,29,5877.0,5877.0,Don't know
1,95325,Female,0,1,1,11,1,0,No,0,0,0,0,0,0,One year,1,0,1,20.0,196.35,No,0,72,220.0,220.0,Don't know
1,95327,Male,0,1,1,61,1,0,Fiber optic,0,1,1,1,1,1,One year,0,1,6,103.9,6449.15,No,0,28,6337.900000000001,6337.900000000001,Don't know
1,95328,Female,0,0,0,39,1,0,No,0,0,0,0,0,0,Two year,0,1,1,20.7,762.45,No,0,45,807.3,807.3,Don't know
1,95333,Male,0,0,0,37,1,0,No,0,0,0,0,0,0,One year,0,1,1,20.15,785.75,No,0,65,745.55,745.55,Don't know
1,95334,Female,0,1,0,72,1,1,No,0,0,0,0,0,0,Two year,1,0,2,26.0,1776,No,0,20,1872.0,1872.0,Don't know
1,95335,Male,1,1,0,72,1,1,DSL,0,1,1,1,1,0,Two year,0,1,6,77.35,5396.25,No,0,29,5569.2,5569.2,Don't know
1,95336,Female,0,0,0,8,1,0,DSL,1,0,0,1,0,1,Month-to-month,0,1,4,66.05,574.5,No,0,59,528.4,528.4,Don't know
1,95337,Female,0,1,1,22,1,0,No,0,0,0,0,0,0,Month-to-month,0,0,1,19.9,400.3,No,0,43,437.79999999999995,437.79999999999995,Don't know
1,95340,Female,0,0,0,38,1,1,DSL,0,1,0,1,0,1,Month-to-month,0,1,5,68.15,2656.3,No,0,66,2589.7000000000003,2589.7000000000003,Don't know
1,95345,Male,0,0,1,17,1,0,DSL,0,1,1,1,1,1,One year,0,0,6,80.85,1445.95,No,0,24,1374.4499999999998,1374.4499999999998,Don't know
1,95346,Female,1,0,0,70,1,1,DSL,0,1,1,1,1,0,Two year,1,1,6,75.5,5212.65,No,0,62,5285.0,5285.0,Don't know
1,95350,Female,0,0,0,28,1,0,Fiber optic,0,0,0,0,0,1,Month-to-month,1,0,2,80.6,2244.95,No,0,70,2256.7999999999997,2256.7999999999997,Don't know
1,95351,Female,0,0,0,15,1,0,Fiber optic,0,1,0,0,1,0,Month-to-month,1,1,3,83.2,1130,No,0,36,1248.0,1248.0,Don't know
1,95354,Male,0,1,1,72,1,1,DSL,1,1,1,1,1,1,Two year,1,1,8,87.55,6463.15,No,0,43,6303.599999999999,6303.599999999999,Don't know
1,95357,Female,0,1,0,57,1,1,Fiber optic,0,1,1,1,1,1,One year,1,1,7,109.4,6252.7,No,0,65,6235.8,6235.8,Don't know
1,95360,Female,0,1,0,46,0,0,DSL,1,1,0,0,1,0,Month-to-month,0,0,3,45.55,2062.15,No,0,27,2095.2999999999997,2095.2999999999997,Don't know
1,95361,Male,0,1,0,30,1,0,No,0,0,0,0,0,0,One year,0,1,1,20.7,587.1,No,0,78,621.0,621.0,Don't know
1,95363,Male,1,1,0,10,1,0,Fiber optic,1,0,0,0,0,0,Month-to-month,0,0,2,75.3,720.45,No,0,41,753.0,753.0,Don't know
1,95365,Male,0,0,0,32,1,0,Fiber optic,1,1,1,0,0,1,Month-to-month,1,1,5,93.4,2979.3,No,0,66,2988.8,2988.8,Don't know
1,95366,Male,0,0,0,13,1,0,Fiber optic,1,0,0,0,0,0,Month-to-month,1,1,2,73.75,956.65,No,0,78,958.75,958.75,Don't know
1,95368,Female,0,0,0,44,1,0,Fiber optic,0,1,1,0,1,0,Month-to-month,1,1,4,88.15,3973.2,No,0,59,3878.6000000000004,3878.6000000000004,Don't know
1,95369,Male,1,0,0,9,1,0,DSL,0,0,0,1,0,0,Month-to-month,0,0,2,49.2,447.9,No,0,22,442.8,442.8,Don't know
1,95370,Female,0,1,0,67,1,0,No,0,0,0,0,0,0,Two year,0,0,1,19.65,1335.2,No,0,26,1316.55,1316.55,Don't know
1,95376,Female,0,1,0,71,1,1,Fiber optic,0,1,1,0,1,1,Two year,1,1,6,105.15,7555,No,0,32,7465.650000000001,7465.650000000001,Don't know
1,95379,Male,0,0,0,1,1,0,DSL,0,0,0,1,0,0,Month-to-month,0,1,2,49.0,49,No,0,45,49.0,49.0,Don't know
1,95383,Male,0,1,0,17,0,0,DSL,0,1,0,0,1,1,Month-to-month,1,0,3,49.8,836.35,No,0,24,846.5999999999999,846.5999999999999,Don't know
1,95387,Male,0,0,0,1,1,0,No,0,0,0,0,0,0,Month-to-month,0,1,1,20.95,20.95,No,0,62,20.95,20.95,Don't know
1,95389,Female,1,1,0,32,1,1,Fiber optic,0,0,1,0,0,0,Month-to-month,0,0,3,79.3,2570,No,0,27,2537.6,2537.6,Don't know
1,95401,Male,0,1,1,41,1,0,No,0,0,0,0,0,0,One year,0,1,1,19.5,798.2,No,0,72,799.5,799.5,Don't know
1,95404,Female,0,0,0,1,1,0,DSL,0,0,0,0,0,0,Month-to-month,0,1,1,44.15,44.15,No,0,64,44.15,44.15,Don't know
1,95407,Male,0,1,1,62,1,1,Fiber optic,1,1,0,0,1,1,Month-to-month,1,0,6,105.5,6487.2,No,0,56,6541.0,6541.0,Don't know
1,95410,Female,0,0,1,17,1,1,Fiber optic,0,1,1,1,0,0,Month-to-month,1,1,5,92.7,1556.85,No,0,41,1575.9,1575.9,Don't know
1,95412,Female,0,1,1,72,1,1,No,0,0,0,0,0,0,Two year,1,1,2,26.25,1988.05,No,0,36,1890.0,1890.0,Don't know
1,95415,Male,0,1,1,56,1,1,Fiber optic,0,1,0,1,1,0,Month-to-month,1,1,5,96.95,5432.2,No,0,66,5429.2,5429.2,Don't know
1,95417,Female,0,0,0,9,1,0,No,0,0,0,0,0,0,Month-to-month,1,1,1,20.45,147.55,No,0,41,184.04999999999998,184.04999999999998,Don't know
1,95420,Male,0,1,0,72,1,1,Fiber optic,1,1,1,1,1,1,Two year,1,1,8,115.8,8424.9,No,0,80,8337.6,8337.6,Don't know
1,95421,Male,0,0,0,20,1,0,Fiber optic,1,1,1,1,1,1,Month-to-month,1,1,7,108.2,2203.7,No,0,67,2164.0,2164.0,Don't know
1,95422,Male,0,1,1,19,1,0,No,0,0,0,0,0,0,Two year,0,0,1,20.2,387.4,No,0,60,383.8,383.8,Don't know
1,95425,Male,0,0,0,53,0,0,DSL,0,0,1,1,1,1,One year,0,1,4,54.9,3045.75,No,0,80,2909.7,2909.7,Don't know
1,95427,Male,0,0,0,6,1,0,No,0,0,0,0,0,0,Month-to-month,0,1,1,20.15,130.5,No,0,76,120.89999999999999,120.89999999999999,Don't know
1,95428,Male,0,1,1,9,1,1,Fiber optic,0,0,1,0,1,0,One year,1,0,4,90.35,767.9,No,0,27,813.15,813.15,Don't know
1,95429,Female,0,1,1,8,1,1,DSL,0,1,0,0,0,0,Month-to-month,0,0,3,55.75,446.8,No,0,38,446.0,446.0,Don't know
1,95430,Female,0,1,1,71,1,1,Fiber optic,1,1,1,1,1,1,Two year,0,1,8,114.6,8100.25,No,0,71,8136.599999999999,8136.599999999999,Don't know
1,95436,Female,0,1,0,71,0,0,DSL,1,1,1,1,1,1,One year,0,1,6,66.8,4689.15,No,0,42,4742.8,4742.8,Don't know
1,95437,Male,0,1,0,68,1,0,Fiber optic,0,1,0,1,1,1,One year,1,0,5,100.3,6754.35,No,0,39,6820.4,6820.4,Don't know
1,95439,Male,0,0,0,34,1,1,Fiber optic,0,1,0,1,1,1,Month-to-month,1,0,6,105.35,3540.65,No,0,74,3581.8999999999996,3581.8999999999996,Don't know
1,95441,Male,0,0,0,26,1,0,Fiber optic,0,1,1,1,0,0,One year,1,0,4,85.2,2184.6,No,0,52,2215.2000000000003,2215.2000000000003,Don't know
1,95443,Male,0,0,0,7,1,0,No,0,0,0,0,0,0,Month-to-month,1,0,1,18.95,130.55,No,0,26,132.65,132.65,Don't know
1,95444,Female,0,1,0,20,1,0,Fiber optic,0,0,0,0,0,0,Month-to-month,1,1,1,69.8,1540.35,No,0,33,1396.0,1396.0,Don't know
1,95445,Female,0,1,0,60,1,1,Fiber optic,0,1,1,0,1,1,Month-to-month,1,0,6,106.15,6411.25,No,0,32,6369.0,6369.0,Don't know
1,95446,Male,0,1,1,72,1,0,No,0,0,0,0,0,0,Two year,0,0,1,20.55,1432.55,No,0,41,1479.6000000000001,1479.6000000000001,Don't know
1,95448,Female,1,1,0,72,1,1,Fiber optic,0,1,1,0,1,1,One year,1,1,6,105.75,7629.85,No,0,53,7614.0,7614.0,Don't know
1,95449,Male,0,0,0,4,1,1,No,0,0,0,0,0,0,Month-to-month,0,0,2,25.25,101.9,No,0,43,101.0,101.0,Don't know
1,95450,Male,0,1,1,16,1,0,No,0,0,0,0,0,0,Month-to-month,0,0,1,19.75,313.4,No,0,68,316.0,316.0,Don't know
1,95451,Female,1,1,0,62,1,1,Fiber optic,1,0,1,0,1,1,One year,1,0,6,104.85,6312.9,No,0,68,6500.7,6500.7,Don't know
1,95452,Female,0,0,0,10,1,0,DSL,0,0,0,1,0,1,Month-to-month,1,0,3,60.95,629.55,No,0,28,609.5,609.5,Don't know
1,95453,Male,0,0,0,31,1,1,Fiber optic,0,1,0,0,0,0,Month-to-month,1,0,3,81.15,2640.55,No,0,25,2515.65,2515.65,Don't know
1,95454,Female,0,1,0,71,1,0,No,0,0,0,0,0,0,Two year,0,1,1,19.1,1372.45,No,0,72,1356.1000000000001,1356.1000000000001,Don't know
1,95456,Male,0,0,0,58,1,0,No,0,0,0,0,0,0,Two year,0,0,1,20.8,1212.25,No,0,80,1206.4,1206.4,Don't know
1,95457,Male,0,1,1,70,1,1,DSL,1,1,1,1,1,1,Two year,1,1,8,90.15,6237.05,No,0,49,6310.5,6310.5,Don't know
1,95458,Female,0,1,0,71,1,1,DSL,1,1,1,1,1,1,Two year,0,0,8,90.1,6310.9,No,0,80,6397.099999999999,6397.099999999999,Don't know
1,95459,Male,1,0,0,69,1,1,DSL,1,0,1,1,0,1,Two year,0,1,6,74.1,5031,No,0,34,5112.9,5112.9,Don't know
1,95461,Female,0,1,1,72,1,1,Fiber optic,1,1,1,1,1,1,Two year,1,1,8,118.75,8672.45,No,0,49,8550.0,8550.0,Don't know
1,95462,Female,0,1,0,26,1,0,Fiber optic,0,0,0,1,0,1,Month-to-month,0,1,3,85.9,2196.45,No,0,67,2233.4,2233.4,Don't know
1,95463,Female,0,1,0,33,1,1,Fiber optic,0,0,1,1,0,1,Month-to-month,1,1,5,95.0,3008.15,No,0,76,3135.0,3135.0,Don't know
1,95464,Female,0,1,1,10,1,0,No,0,0,0,0,0,0,Two year,0,0,1,20.15,220.8,No,0,74,201.5,201.5,Don't know
1,95465,Female,1,0,0,57,1,1,Fiber optic,1,0,1,1,0,1,Two year,0,1,6,101.3,5779.6,No,0,48,5774.099999999999,5774.099999999999,Don't know
1,95466,Female,0,0,0,10,1,0,No,0,0,0,0,0,0,Month-to-month,1,0,1,21.2,222.65,No,0,34,212.0,212.0,Don't know
1,95468,Female,0,1,1,39,1,1,No,0,0,0,0,0,0,One year,1,0,2,24.2,914.6,No,0,67,943.8,943.8,Don't know
1,95469,Female,0,0,0,11,1,0,No,0,0,0,0,0,0,Month-to-month,0,1,1,20.3,246.3,No,0,72,223.3,223.3,Don't know
1,95471,Female,0,1,1,68,1,1,DSL,0,1,1,1,1,1,Two year,0,1,7,85.3,5560,No,0,43,5800.4,5800.4,Don't know
1,95472,Male,0,0,0,18,1,1,Fiber optic,0,0,1,0,1,0,One year,1,1,4,89.6,1633,No,0,36,1612.8,1612.8,Don't know
1,95482,Male,0,0,0,18,1,1,DSL,1,0,0,0,0,0,Month-to-month,0,0,3,56.25,969.85,No,0,47,1012.5,1012.5,Don't know
1,95485,Female,0,1,1,52,1,0,DSL,0,0,1,0,0,0,One year,1,1,2,50.95,2610.65,No,0,73,2649.4,2649.4,Don't know
1,95488,Male,0,1,1,56,1,1,Fiber optic,1,1,1,1,1,1,Two year,0,0,8,115.85,6567.9,No,0,75,6487.599999999999,6487.599999999999,Don't know
1,95490,Male,0,0,0,45,1,1,Fiber optic,0,0,1,1,1,1,Month-to-month,1,1,6,103.65,4747.85,No,0,21,4664.25,4664.25,Don't know
1,95492,Female,0,0,0,67,1,1,No,0,0,0,0,0,0,Two year,1,0,2,26.1,1759.55,No,0,42,1748.7,1748.7,Don't know
1,95493,Male,0,1,0,3,0,0,DSL,1,0,0,1,0,0,Month-to-month,0,0,2,35.1,101.1,No,0,35,105.30000000000001,105.30000000000001,Don't know
1,95494,Male,1,0,0,65,1,0,Fiber optic,0,1,1,0,1,1,Month-to-month,1,1,5,99.1,6496.15,No,0,52,6441.5,6441.5,Don't know
1,95497,Male,0,1,0,63,1,1,DSL,0,1,0,1,0,1,Two year,0,0,5,67.25,4234.15,No,0,36,4236.75,4236.75,Don't know
1,95501,Female,0,1,1,11,1,1,No,0,0,0,0,0,0,Two year,0,0,2,25.0,300.7,No,0,65,275.0,275.0,Don't know
1,95503,Male,0,0,1,1,1,0,DSL,0,0,0,1,0,1,Month-to-month,1,0,3,59.55,59.55,No,0,47,59.55,59.55,Don't know
1,95511,Male,0,0,0,55,1,1,DSL,0,0,1,0,1,1,Two year,1,1,5,77.8,4323.35,No,0,59,4279.0,4279.0,Don't know
1,95514,Male,0,1,1,25,1,1,DSL,0,0,0,1,0,0,One year,1,0,3,55.1,1466.1,No,0,40,1377.5,1377.5,Don't know
1,95521,Female,0,1,0,72,1,1,No,0,0,0,0,0,0,Two year,1,1,2,24.15,1776.45,No,0,68,1738.8,1738.8,Don't know
1,95524,Female,0,0,1,65,0,0,DSL,0,1,0,1,1,0,Two year,0,0,3,45.25,2933.95,No,0,37,2941.25,2941.25,Don't know
1,95526,Male,0,1,1,7,1,0,No,0,0,0,0,0,0,Month-to-month,0,0,1,20.25,144.35,No,0,45,141.75,141.75,Don't know
1,95527,Female,0,1,0,72,1,1,DSL,1,1,0,1,0,0,Two year,0,1,5,64.75,4804.75,No,0,30,4662.0,4662.0,Don't know
1,95528,Male,0,1,0,21,1,0,DSL,0,0,0,0,1,0,Month-to-month,0,1,2,54.6,1125.2,No,0,43,1146.6000000000001,1146.6000000000001,Don't know
1,95531,Female,0,0,0,2,1,0,No,0,0,0,0,0,0,Month-to-month,1,1,1,20.7,39.85,No,0,46,41.4,41.4,Don't know
1,95536,Male,1,0,0,4,1,0,Fiber optic,0,0,1,0,1,1,Month-to-month,1,0,4,94.75,422.4,No,0,44,379.0,379.0,Don't know
1,95540,Male,0,1,0,72,1,1,Fiber optic,1,1,1,1,1,1,Two year,0,1,8,115.8,8332.15,No,0,41,8337.6,8337.6,Don't know
1,95542,Female,0,0,0,6,1,0,DSL,1,0,0,0,0,0,Month-to-month,1,0,2,49.45,314.6,No,0,60,296.70000000000005,296.70000000000005,Don't know
1,95543,Male,0,0,0,52,1,0,Fiber optic,0,0,1,0,0,1,Month-to-month,1,1,3,83.8,4331.4,No,0,40,4357.599999999999,4357.599999999999,Don't know
1,95545,Male,1,1,0,69,1,1,Fiber optic,0,1,1,0,0,1,Month-to-month,1,1,5,95.35,6382,No,0,21,6579.15,6579.15,Don't know
1,95547,Female,1,0,0,8,1,0,Fiber optic,0,0,1,0,0,0,Month-to-month,1,1,2,74.05,600.15,No,0,79,592.4,592.4,Don't know
1,95548,Female,1,0,0,63,1,1,Fiber optic,0,0,1,0,0,1,Month-to-month,1,1,4,89.6,5538.8,No,0,38,5644.799999999999,5644.799999999999,Don't know
1,95549,Male,0,0,0,60,1,1,Fiber optic,1,1,1,1,1,1,One year,1,1,8,116.6,7049.5,No,0,74,6996.0,6996.0,Don't know
1,95550,Female,0,1,0,12,1,0,DSL,1,0,0,1,0,0,Month-to-month,0,1,3,54.2,690.5,No,0,31,650.4000000000001,650.4000000000001,Don't know
1,95551,Female,0,0,0,13,1,0,No,0,0,0,0,0,0,Month-to-month,1,0,1,19.3,279.3,No,0,23,250.9,250.9,Don't know
1,95552,Male,0,0,0,22,1,1,DSL,1,1,1,0,0,0,Month-to-month,0,0,5,65.05,1427.55,No,0,30,1431.1,1431.1,Don't know
1,95555,Female,0,1,1,72,1,1,No,0,0,0,0,0,0,Two year,1,1,2,24.05,1709.15,No,0,36,1731.6000000000001,1731.6000000000001,Don't know
1,95556,Female,0,0,0,2,1,0,No,0,0,0,0,0,0,Month-to-month,0,1,1,18.75,53.15,No,0,23,37.5,37.5,Don't know
1,95558,Female,0,1,1,40,1,0,No,0,0,0,0,0,0,Two year,0,1,1,20.15,777.35,No,0,29,806.0,806.0,Don't know
1,95559,Male,0,1,1,44,1,0,No,0,0,0,0,0,0,One year,0,1,1,20.0,860.85,No,0,72,880.0,880.0,Don't know
1,95560,Male,1,1,0,71,1,0,DSL,1,1,0,1,1,0,One year,1,1,5,71.0,5012.1,No,0,55,5041.0,5041.0,Don't know
1,95563,Male,1,0,0,26,1,1,Fiber optic,0,0,0,0,1,1,Month-to-month,1,0,4,93.6,2404.1,No,0,54,2433.6,2433.6,Don't know
1,95565,Female,0,0,0,1,0,0,DSL,0,0,0,0,0,0,Month-to-month,0,0,0,24.4,24.4,No,0,61,24.4,24.4,Don't know
1,95568,Male,0,0,0,3,1,1,DSL,0,0,0,1,1,0,Month-to-month,1,0,4,65.25,209.9,No,0,43,195.75,195.75,Don't know
1,95569,Male,0,0,0,13,1,0,DSL,0,0,0,1,0,0,Month-to-month,1,0,2,50.55,610.75,No,0,29,657.15,657.15,Don't know
1,95571,Female,0,0,0,1,1,0,Fiber optic,0,0,0,0,0,0,Month-to-month,1,0,1,70.7,70.7,No,0,28,70.7,70.7,Don't know
1,95573,Male,0,1,1,4,1,0,DSL,0,0,0,0,0,0,Month-to-month,0,0,1,45.25,155.35,No,0,57,181.0,181.0,Don't know
1,95585,Male,0,0,0,2,1,0,Fiber optic,0,0,0,0,0,0,Month-to-month,1,0,1,70.3,144,No,0,37,140.6,140.6,Don't know
1,95587,Male,0,1,0,72,1,1,Fiber optic,1,1,0,1,1,1,Two year,1,1,7,108.95,7875,No,0,21,7844.400000000001,7844.400000000001,Don't know
1,95589,Female,0,1,1,37,1,1,No,0,0,0,0,0,0,Month-to-month,0,0,2,26.45,911.6,No,0,72,978.65,978.65,Don't know
1,95601,Female,0,0,0,23,1,0,No,0,0,0,0,0,0,One year,1,1,1,19.65,478.1,No,0,58,451.95,451.95,Don't know
1,95603,Female,0,1,1,42,1,0,No,0,0,0,0,0,0,One year,1,0,1,19.05,761.85,No,0,80,800.1,800.1,Don't know
1,95605,Female,0,0,0,32,1,1,DSL,1,0,0,0,1,1,One year,0,0,5,74.75,2282.95,No,0,66,2392.0,2392.0,Don't know
1,95606,Female,0,1,1,22,1,1,Fiber optic,0,0,0,0,0,0,Month-to-month,1,1,2,75.8,1615.1,No,0,37,1667.6,1667.6,Don't know
1,95607,Male,0,1,0,42,0,0,DSL,0,0,0,0,0,0,Month-to-month,1,1,0,25.1,1097.15,No,0,57,1054.2,1054.2,Don't know
1,95608,Female,0,0,0,8,1,0,DSL,0,0,0,0,0,0,Month-to-month,0,0,1,44.45,369.3,No,0,65,355.6,355.6,Don't know
1,95610,Female,0,1,1,65,1,1,Fiber optic,1,0,1,0,1,1,Two year,1,1,6,104.3,6725.3,No,0,76,6779.5,6779.5,Don't know
1,95614,Female,0,1,1,70,1,1,DSL,1,1,1,1,1,1,Two year,1,1,8,89.0,6293.2,No,0,46,6230.0,6230.0,Don't know
1,95615,Male,0,0,1,22,1,0,No,0,0,0,0,0,0,Month-to-month,0,1,1,20.15,432.5,No,0,78,443.29999999999995,443.29999999999995,Don't know
1,95619,Female,0,1,1,67,0,0,DSL,1,1,0,0,0,0,Two year,0,1,2,36.15,2434.45,No,0,39,2422.0499999999997,2422.0499999999997,Don't know
1,95620,Female,0,0,0,25,1,0,No,0,0,0,0,0,0,Month-to-month,1,1,1,19.2,532.1,No,0,23,480.0,480.0,Don't know
1,95621,Female,0,1,0,20,1,0,No,0,0,0,0,0,0,Month-to-month,0,1,1,19.25,375.25,No,0,68,385.0,385.0,Don't know
1,95623,Female,0,0,1,2,1,0,DSL,1,0,0,0,0,1,Month-to-month,1,1,3,61.2,125.95,No,0,31,122.4,122.4,Don't know
1,95624,Male,0,0,0,51,1,0,No,0,0,0,0,0,0,Two year,0,0,1,20.45,1042.65,No,0,65,1042.95,1042.95,Don't know
1,95625,Female,0,1,1,46,0,0,DSL,1,1,0,0,0,0,Month-to-month,0,1,2,35.05,1620.25,No,0,33,1612.3,1612.3,Don't know
1,95627,Male,0,0,1,13,1,0,DSL,0,0,0,0,0,0,Month-to-month,0,0,1,44.0,659.35,No,0,24,572.0,572.0,Don't know
1,95629,Male,0,1,1,26,1,0,DSL,0,0,1,0,0,0,One year,0,0,2,50.35,1285.8,No,0,48,1309.1000000000001,1309.1000000000001,Don't know
1,95631,Male,0,0,1,19,1,0,No,0,0,0,0,0,0,Month-to-month,1,0,1,20.0,377.55,No,0,31,380.0,380.0,Don't know
1,95634,Female,0,1,0,72,1,1,DSL,1,1,0,1,1,1,Two year,1,1,7,86.4,6058.95,No,0,27,6220.8,6220.8,Don't know
1,95635,Male,1,0,0,18,1,1,DSL,1,1,0,0,0,0,Month-to-month,1,1,4,58.4,964.9,No,0,54,1051.2,1051.2,Don't know
1,95638,Male,0,0,0,24,1,1,Fiber optic,0,0,0,0,1,1,Month-to-month,1,0,4,94.1,2322.85,No,0,69,2258.3999999999996,2258.3999999999996,Don't know
1,95640,Female,0,1,0,46,1,1,Fiber optic,0,1,1,1,1,1,Two year,1,1,7,108.9,4854.3,No,0,45,5009.400000000001,5009.400000000001,Don't know
1,95641,Female,1,0,0,72,1,1,Fiber optic,1,1,1,1,0,1,Two year,1,1,7,107.4,7748.75,No,0,56,7732.8,7732.8,Don't know
1,95645,Female,1,1,0,70,1,1,Fiber optic,1,0,0,0,0,1,Month-to-month,1,0,4,90.85,6470.1,No,0,64,6359.5,6359.5,Don't know
1,95646,Female,0,0,0,2,1,0,No,0,0,0,0,0,0,Month-to-month,0,0,1,19.9,57.4,No,0,40,39.8,39.8,Don't know
1,95648,Male,0,1,0,31,1,0,DSL,0,0,1,1,0,1,Month-to-month,1,1,4,66.4,2019.8,No,0,79,2058.4,2058.4,Don't know
1,95651,Female,0,1,1,16,1,0,Fiber optic,1,0,1,0,1,1,Month-to-month,0,1,5,100.7,1522.7,No,0,72,1611.2,1611.2,Don't know
1,95653,Male,0,0,1,52,1,1,No,0,0,0,0,0,0,Two year,0,1,2,25.6,1334.5,No,0,76,1331.2,1331.2,Don't know
1,95655,Male,0,1,1,13,1,0,No,0,0,0,0,0,0,Month-to-month,1,0,1,19.85,252,No,0,31,258.05,258.05,Don't know
1,95658,Female,0,0,0,35,1,0,No,0,0,0,0,0,0,One year,0,0,1,20.75,700.45,No,0,67,726.25,726.25,Don't know
1,95659,Female,0,0,0,59,1,0,Fiber optic,0,0,1,0,1,1,Two year,0,0,4,95.8,5655.45,No,0,45,5652.2,5652.2,Don't know
1,95660,Male,0,1,0,72,1,0,Fiber optic,0,0,1,0,1,1,Month-to-month,1,0,4,94.65,6747.35,No,0,20,6814.8,6814.8,Don't know
1,95662,Female,0,1,0,49,1,1,Fiber optic,1,1,1,1,0,1,Two year,0,1,7,106.65,5174.35,No,0,57,5225.85,5225.85,Don't know
1,95663,Female,0,0,0,2,1,0,DSL,0,0,0,0,0,0,Month-to-month,1,0,1,45.85,105.6,No,0,65,91.7,91.7,Don't know
1,95664,Male,1,0,0,21,1,1,Fiber optic,0,1,1,0,1,1,Month-to-month,1,0,6,104.35,2271.85,No,0,22,2191.35,2191.35,Don't know
1,95665,Male,1,0,0,54,0,0,DSL,0,1,1,0,1,1,One year,1,0,4,55.45,2966.95,No,0,58,2994.3,2994.3,Don't know
1,95667,Male,0,0,0,1,1,1,DSL,1,1,0,0,0,0,Month-to-month,0,0,4,61.15,61.15,No,0,28,61.15,61.15,Don't know
1,95668,Male,0,0,0,6,1,0,Fiber optic,1,1,0,0,0,0,Month-to-month,1,0,3,78.95,494.95,No,0,35,473.70000000000005,473.70000000000005,Don't know
1,95670,Male,0,0,1,49,1,1,Fiber optic,1,1,1,0,1,1,One year,1,1,7,109.2,5290.45,No,0,44,5350.8,5350.8,Don't know
1,95672,Female,0,1,1,56,1,0,DSL,1,1,1,0,0,0,Two year,1,1,4,61.3,3346.8,No,0,72,3432.7999999999997,3432.7999999999997,Don't know
1,95673,Female,1,0,0,56,1,1,Fiber optic,1,1,0,0,0,1,Month-to-month,1,0,5,96.85,5219.65,No,0,57,5423.599999999999,5423.599999999999,Don't know
1,95674,Female,0,1,1,6,0,0,DSL,0,1,1,1,0,0,Two year,0,0,3,40.55,217.5,No,0,30,243.29999999999998,243.29999999999998,Don't know
1,95675,Male,0,0,0,32,1,0,No,0,0,0,0,0,0,One year,0,0,1,19.8,607.7,No,0,38,633.6,633.6,Don't know
1,95677,Male,0,1,1,50,1,1,Fiber optic,1,1,1,0,1,1,One year,1,0,7,108.25,5431.4,No,0,71,5412.5,5412.5,Don't know
1,95678,Male,0,1,1,58,1,1,Fiber optic,0,0,1,1,1,1,One year,1,1,6,105.05,6004.85,No,0,75,6092.9,6092.9,Don't know
1,95681,Female,0,1,1,65,1,1,DSL,1,1,1,1,1,1,Two year,1,0,8,90.45,5957.9,No,0,25,5879.25,5879.25,Don't know
1,95682,Female,0,0,0,64,1,1,DSL,1,1,1,1,1,1,Two year,1,1,8,86.4,5442.05,No,0,33,5529.6,5529.6,Don't know
1,95683,Female,0,1,0,66,1,1,DSL,1,1,1,0,0,0,Two year,0,1,5,66.9,4370.25,No,0,61,4415.400000000001,4415.400000000001,Don't know
1,95684,Male,0,1,0,38,1,1,Fiber optic,1,0,1,1,1,1,One year,1,0,7,110.7,4428.6,No,0,60,4206.6,4206.6,Don't know
1,95685,Female,0,1,0,20,1,0,No,0,0,0,0,0,0,One year,1,0,1,20.0,416.45,No,0,71,400.0,400.0,Don't know
1,95687,Male,1,0,0,64,1,1,Fiber optic,0,0,1,1,1,1,One year,0,0,6,102.1,6688.1,No,0,47,6534.4,6534.4,Don't know
1,95689,Female,0,0,0,60,1,0,DSL,0,1,1,1,1,0,One year,1,1,5,70.15,4224.7,No,0,62,4209.0,4209.0,Don't know
1,95691,Female,0,1,1,50,1,1,DSL,1,1,1,1,0,1,One year,1,1,7,80.05,4042.2,No,0,26,4002.5,4002.5,Don't know
1,95693,Female,0,1,0,72,0,0,DSL,1,1,1,0,0,1,Two year,1,0,4,49.2,3580.95,No,0,33,3542.4,3542.4,Don't know
1,95694,Male,0,1,0,60,1,0,No,0,0,0,0,0,0,Two year,1,1,1,20.5,1198.8,No,0,63,1230.0,1230.0,Don't know
1,95695,Male,0,0,0,46,0,0,DSL,1,0,1,1,0,0,Two year,0,0,3,38.25,1755.35,No,0,73,1759.5,1759.5,Don't know
1,95701,Female,0,1,1,69,0,0,DSL,0,1,1,0,1,1,Two year,1,1,4,54.95,3772.5,No,0,23,3791.55,3791.55,Don't know
1,95703,Male,1,0,0,31,1,1,Fiber optic,0,0,1,1,1,0,Month-to-month,1,1,5,96.6,2877.95,No,0,40,2994.6,2994.6,Don't know
1,95709,Male,0,1,1,19,1,0,No,0,0,0,0,0,0,One year,0,0,1,19.9,357.7,No,0,29,378.09999999999997,378.09999999999997,Don't know
1,95713,Female,0,1,1,71,1,0,No,0,0,0,0,0,0,Two year,0,1,1,19.9,1397.3,No,0,53,1412.8999999999999,1412.8999999999999,Don't know
1,95714,Male,0,1,0,12,1,0,Fiber optic,1,1,1,0,0,0,Month-to-month,1,0,4,84.6,959.9,No,0,31,1015.1999999999999,1015.1999999999999,Don't know
1,95717,Male,0,0,0,44,1,1,DSL,0,1,1,1,1,1,One year,1,1,7,85.25,3704.15,No,0,57,3751.0,3751.0,Don't know
1,95720,Female,0,1,1,56,1,1,DSL,1,1,1,1,1,0,Two year,0,1,7,81.25,4620.4,No,0,62,4550.0,4550.0,Don't know
1,95721,Female,0,1,0,72,1,1,Fiber optic,1,1,1,1,1,1,Two year,1,1,8,115.5,8312.75,No,0,44,8316.0,8316.0,Don't know
1,95726,Female,0,0,0,11,1,1,Fiber optic,1,0,0,0,0,0,Month-to-month,1,1,3,79.0,929.3,No,0,33,869.0,869.0,Don't know
1,95735,Female,1,1,0,15,1,0,Fiber optic,0,1,0,0,1,1,Month-to-month,1,0,4,94.65,1285.05,No,0,70,1419.75,1419.75,Don't know
1,95736,Male,0,0,0,72,1,0,No,0,0,0,0,0,0,Two year,1,0,1,20.8,1521.2,No,0,57,1497.6000000000001,1497.6000000000001,Don't know
1,95742,Male,0,1,0,56,1,1,DSL,0,1,1,0,0,0,Two year,0,1,4,59.5,3389.25,No,0,71,3332.0,3332.0,Don't know
1,95746,Male,1,0,0,64,1,0,No,0,0,0,0,0,0,Two year,1,1,1,20.05,1198.05,No,0,44,1283.2,1283.2,Don't know
1,95747,Female,0,1,0,34,1,1,Fiber optic,0,0,1,0,1,1,Month-to-month,1,0,5,100.45,3414.65,No,0,42,3415.3,3415.3,Don't know
1,95762,Male,0,0,0,35,1,0,No,0,0,0,0,0,0,One year,0,1,1,20.6,754,No,0,70,721.0,721.0,Don't know
1,95765,Male,0,0,0,22,1,0,No,0,0,0,0,0,0,One year,0,1,1,20.3,467.15,No,0,55,446.6,446.6,Don't know
1,95814,Male,0,0,0,9,0,0,DSL,1,1,1,0,0,0,One year,0,0,3,39.55,373,No,0,67,355.95,355.95,Don't know
1,95816,Male,0,0,0,23,1,0,No,0,0,0,0,0,0,One year,0,0,1,20.45,481.1,No,0,43,470.34999999999997,470.34999999999997,Don't know
1,95818,Male,0,1,0,68,1,1,No,0,0,0,0,0,0,Two year,0,1,2,25.25,1728.2,No,0,70,1717.0,1717.0,Don't know
1,95819,Male,0,1,0,33,1,0,Fiber optic,0,0,0,0,1,1,Month-to-month,0,0,3,91.25,2964.05,No,0,57,3011.25,3011.25,Don't know
1,95820,Male,0,0,0,31,1,0,DSL,1,1,1,1,1,0,Month-to-month,1,1,6,72.45,2156.25,No,0,77,2245.9500000000003,2245.9500000000003,Don't know
1,95822,Female,0,0,0,56,1,0,No,0,0,0,0,0,0,Two year,0,1,1,19.7,1051.9,No,0,56,1103.2,1103.2,Don't know
1,95824,Male,0,1,1,66,1,0,DSL,1,1,1,1,1,0,One year,1,0,6,75.1,5013,No,0,23,4956.599999999999,4956.599999999999,Don't know
1,95825,Male,0,1,1,72,1,1,No,0,0,0,0,0,0,Two year,0,1,2,25.0,1738.9,No,0,41,1800.0,1800.0,Don't know
1,95826,Male,1,0,0,34,1,0,Fiber optic,0,0,0,0,0,0,Month-to-month,0,1,1,69.15,2275.1,No,0,63,2351.1000000000004,2351.1000000000004,Don't know
1,95827,Female,0,1,1,58,1,0,Fiber optic,0,1,1,0,1,0,Month-to-month,1,0,4,91.55,5511.65,No,0,49,5309.9,5309.9,Don't know
1,95829,Male,0,0,0,37,0,0,DSL,0,0,0,0,1,0,Two year,0,1,1,35.8,1316.9,No,0,68,1324.6,1324.6,Don't know
1,95830,Female,0,0,0,71,1,1,Fiber optic,1,1,1,1,1,1,Two year,1,1,8,113.15,7993.3,No,0,35,8033.650000000001,8033.650000000001,Don't know
1,95831,Male,0,1,1,1,1,0,No,0,0,0,0,0,0,One year,0,1,1,19.85,19.85,No,0,20,19.85,19.85,Don't know
1,95832,Male,1,1,1,71,1,0,No,0,0,0,0,0,0,Two year,0,1,1,19.8,1388.45,No,0,69,1405.8,1405.8,Don't know
1,95833,Male,0,1,1,35,1,0,No,0,0,0,0,0,0,One year,0,0,1,19.9,666,No,0,30,696.5,696.5,Don't know
1,95834,Female,0,1,1,6,1,0,No,0,0,0,0,0,0,One year,0,0,1,19.7,94.45,No,0,51,118.19999999999999,118.19999999999999,Don't know
1,95837,Female,0,1,1,69,1,0,DSL,0,1,1,1,0,0,One year,0,1,4,59.1,4134.7,No,0,71,4077.9,4077.9,Don't know
1,95841,Female,0,1,0,53,1,1,Fiber optic,0,0,0,1,0,1,One year,1,0,4,91.15,4862.5,No,0,44,4830.950000000001,4830.950000000001,Don't know
1,95843,Female,0,1,0,5,1,0,Fiber optic,0,0,0,0,0,0,Month-to-month,1,0,1,68.95,351.5,No,0,57,344.75,344.75,Don't know
1,95864,Female,0,0,1,2,1,0,DSL,0,1,0,0,0,0,Month-to-month,0,0,2,51.55,106.2,No,0,72,103.1,103.1,Don't know
1,95901,Male,0,0,1,62,1,1,No,0,0,0,0,0,0,Two year,1,0,2,24.4,1413,No,0,66,1512.8,1512.8,Don't know
1,95903,Female,0,1,0,19,1,0,Fiber optic,0,0,1,0,1,1,Month-to-month,1,0,4,96.8,1743.05,No,0,66,1839.2,1839.2,Don't know
1,95910,Male,0,0,0,9,1,0,Fiber optic,0,0,0,0,0,0,Month-to-month,0,0,1,70.05,657.5,No,0,63,630.4499999999999,630.4499999999999,Don't know
1,95912,Male,0,0,0,53,1,0,No,0,0,0,0,0,0,Two year,0,1,1,19.5,1050.5,No,0,57,1033.5,1033.5,Don't know
1,95914,Male,0,0,0,5,1,0,Fiber optic,0,0,0,0,0,1,Month-to-month,0,0,2,78.75,426.35,No,0,66,393.75,393.75,Don't know
1,95916,Female,1,1,1,71,1,1,DSL,1,1,0,0,1,0,One year,0,0,5,69.2,4982.5,No,0,65,4913.2,4913.2,Don't know
1,95917,Female,0,0,0,1,1,0,No,0,0,0,0,0,0,Month-to-month,1,0,1,19.55,19.55,No,0,58,19.55,19.55,Don't know
1,95919,Male,0,0,0,72,1,1,Fiber optic,0,1,1,0,1,1,Two year,1,0,6,103.65,7634.8,No,0,63,7462.8,7462.8,Don't know
1,95920,Female,0,1,0,4,1,0,DSL,1,1,0,0,0,0,Month-to-month,0,0,3,54.7,235.05,No,0,37,218.8,218.8,Don't know
1,95922,Male,0,0,0,59,1,1,DSL,0,0,1,0,0,0,Two year,0,1,3,54.15,3116.15,No,0,64,3194.85,3194.85,Don't know
1,95925,Female,1,1,0,31,1,1,Fiber optic,0,0,0,0,0,1,Month-to-month,1,0,3,84.85,2633.4,No,0,30,2630.35,2630.35,Don't know
1,95926,Male,0,1,0,3,1,0,No,0,0,0,0,0,0,Month-to-month,0,1,1,20.0,49.65,No,0,44,60.0,60.0,Don't know
1,95930,Male,0,1,0,49,1,0,Fiber optic,0,0,1,1,1,1,One year,1,1,5,99.25,4920.8,No,0,43,4863.25,4863.25,Don't know
1,95932,Male,0,0,0,2,1,0,No,0,0,0,0,0,0,Month-to-month,0,0,1,19.35,46.35,No,0,52,38.7,38.7,Don't know
1,95935,Female,0,1,0,55,1,0,Fiber optic,1,0,0,0,1,1,One year,1,0,4,94.75,5276.1,No,0,63,5211.25,5211.25,Don't know
1,95936,Male,0,1,1,72,1,1,Fiber optic,1,1,1,1,1,1,Two year,1,1,8,114.05,8289.2,No,0,72,8211.6,8211.6,Don't know
1,95937,Female,1,0,0,36,1,1,Fiber optic,0,0,0,0,0,0,Month-to-month,1,1,2,74.9,2659.45,No,0,23,2696.4,2696.4,Don't know
1,95938,Female,0,1,1,10,1,0,No,0,0,0,0,0,0,Month-to-month,1,1,1,19.8,196.75,No,0,49,198.0,198.0,Don't know
1,95941,Female,0,1,1,72,1,1,DSL,1,1,1,1,0,1,Two year,0,1,7,80.85,5824.75,No,0,56,5821.2,5821.2,Don't know
1,95942,Female,0,0,0,28,1,0,DSL,0,1,0,1,0,0,Month-to-month,0,1,3,54.65,1517.5,No,0,73,1530.2,1530.2,Don't know
1,95943,Male,0,1,0,38,1,1,Fiber optic,1,0,0,0,1,0,Month-to-month,0,1,4,91.7,3479.05,No,0,36,3484.6,3484.6,Don't know
1,95944,Female,0,0,0,61,1,1,Fiber optic,1,1,1,1,1,1,One year,1,0,8,118.6,7365.7,No,0,76,7234.599999999999,7234.599999999999,Don't know
1,95945,Male,0,1,1,52,1,1,No,0,0,0,0,0,0,Two year,0,0,2,24.55,1331.05,No,0,28,1276.6000000000001,1276.6000000000001,Don't know
1,95946,Male,0,0,0,67,1,0,No,0,0,0,0,0,0,One year,1,0,1,19.45,1195.95,No,0,57,1303.1499999999999,1303.1499999999999,Don't know
1,95947,Female,0,0,1,34,1,1,Fiber optic,1,1,1,1,1,1,Two year,1,1,8,116.15,3946.9,No,0,46,3949.1000000000004,3949.1000000000004,Don't know
1,95948,Female,0,0,0,54,1,0,DSL,1,0,1,1,1,1,Two year,0,0,6,80.6,4299.95,No,0,53,4352.4,4352.4,Don't know
1,95949,Female,0,1,0,1,1,0,No,0,0,0,0,0,0,Month-to-month,1,1,1,20.3,20.3,No,0,54,20.3,20.3,Don't know
1,95954,Female,0,0,1,46,1,0,Fiber optic,0,1,1,0,1,1,Month-to-month,1,0,5,99.8,4391.25,No,0,46,4590.8,4590.8,Don't know
1,95957,Female,0,1,1,55,1,1,DSL,1,1,0,1,1,0,One year,1,1,6,75.0,4213.9,No,0,65,4125.0,4125.0,Don't know
1,95959,Female,0,0,0,1,1,0,No,0,0,0,0,0,0,Month-to-month,0,0,1,19.9,19.9,No,0,54,19.9,19.9,Don't know
1,95960,Male,1,1,0,64,1,0,Fiber optic,1,0,1,0,0,0,One year,0,1,3,80.3,5017.7,No,0,34,5139.2,5139.2,Don't know
1,95962,Female,0,1,0,58,1,1,DSL,1,0,1,1,1,1,Two year,1,0,7,84.3,4916.4,No,0,69,4889.4,4889.4,Don't know
1,95963,Male,0,1,0,56,0,0,DSL,0,0,1,1,1,1,One year,1,1,4,54.05,2959.8,No,0,27,3026.7999999999997,3026.7999999999997,Don't know
1,95965,Male,0,1,1,72,1,0,Fiber optic,1,0,1,1,1,1,Two year,1,1,6,104.9,7559.55,No,0,35,7552.8,7552.8,Don't know
1,95968,Male,1,1,0,72,1,1,Fiber optic,0,1,0,0,1,1,One year,1,1,5,97.25,7133.1,No,0,69,7002.0,7002.0,Don't know
1,95969,Male,0,0,0,22,1,1,Fiber optic,0,0,0,0,0,1,Month-to-month,0,0,3,83.05,1799.3,No,0,59,1827.1,1827.1,Don't know
1,95973,Female,0,0,0,39,0,0,DSL,0,1,1,1,0,0,Month-to-month,0,1,3,41.1,1597.05,No,0,42,1602.9,1602.9,Don't know
1,95974,Female,0,0,0,12,1,0,DSL,0,0,0,0,0,0,Month-to-month,1,1,1,45.0,524.35,No,0,35,540.0,540.0,Don't know
1,95975,Male,0,1,0,54,1,0,DSL,1,1,0,0,1,1,Two year,1,1,5,74.55,4191.45,No,0,59,4025.7,4025.7,Don't know
1,95977,Female,0,0,0,18,0,0,DSL,1,1,0,1,0,0,One year,1,0,3,40.2,711.95,No,0,48,723.6,723.6,Don't know
1,95978,Male,0,1,0,32,1,0,DSL,1,1,0,1,0,1,One year,0,0,5,70.5,2201.75,No,0,61,2256.0,2256.0,Don't know
1,95979,Female,0,0,0,41,1,0,No,0,0,0,0,0,0,One year,1,0,1,19.75,806.95,No,0,39,809.75,809.75,Don't know
1,95981,Male,0,1,1,67,1,1,No,0,0,0,0,0,0,Two year,0,1,2,24.65,1620.45,No,0,62,1651.55,1651.55,Don't know
1,95982,Male,0,1,0,65,1,1,Fiber optic,1,0,1,0,1,1,Month-to-month,1,0,6,104.25,6812.95,No,0,70,6776.25,6776.25,Don't know
1,95983,Female,0,0,0,25,1,1,DSL,1,1,1,1,1,0,Month-to-month,1,1,7,78.35,1837.9,No,0,63,1958.7499999999998,1958.7499999999998,Don't know
1,95986,Female,0,1,0,67,1,1,Fiber optic,0,1,1,1,1,1,One year,1,1,7,109.7,7344.45,No,0,24,7349.900000000001,7349.900000000001,Don't know
1,95988,Female,1,0,0,43,0,0,DSL,1,1,0,0,0,0,Month-to-month,1,1,2,33.45,1500.25,No,0,79,1438.3500000000001,1438.3500000000001,Don't know
1,95991,Female,0,0,0,24,1,0,Fiber optic,1,0,0,0,1,1,Month-to-month,1,0,4,94.6,2283.15,No,0,42,2270.3999999999996,2270.3999999999996,Don't know
1,96001,Male,0,1,1,69,1,0,No,0,0,0,0,0,0,Two year,0,1,1,20.2,1376.5,No,0,78,1393.8,1393.8,Don't know
1,96002,Female,0,0,1,37,1,0,No,0,0,0,0,0,0,One year,0,1,1,20.3,755.4,No,0,43,751.1,751.1,Don't know
1,96003,Male,0,1,1,20,0,0,DSL,1,0,1,1,0,0,Two year,1,1,3,39.4,825.4,No,0,29,788.0,788.0,Don't know
1,96006,Male,0,0,0,7,1,0,Fiber optic,0,0,0,0,0,0,Month-to-month,0,1,1,69.15,488.65,No,0,20,484.05000000000007,484.05000000000007,Don't know
1,96009,Male,0,0,0,41,0,0,DSL,0,0,1,0,1,1,One year,1,0,3,51.35,2075.1,No,0,59,2105.35,2105.35,Don't know
1,96010,Female,0,0,0,54,1,0,Fiber optic,1,1,0,0,1,1,One year,1,1,5,100.05,5299.65,No,0,69,5402.7,5402.7,Don't know
1,96013,Male,1,0,0,69,1,0,No,0,0,0,0,0,0,Two year,0,1,1,20.3,1356.3,No,0,21,1400.7,1400.7,Don't know
1,96014,Female,0,0,0,53,1,0,Fiber optic,0,1,1,1,0,1,One year,1,1,5,94.45,5042.75,No,0,64,5005.85,5005.85,Don't know
1,96015,Male,0,1,1,18,0,0,DSL,0,1,1,0,1,0,One year,0,1,3,46.4,812.4,No,0,35,835.1999999999999,835.1999999999999,Don't know
1,96016,Male,0,1,0,64,1,0,Fiber optic,1,1,0,1,1,1,Two year,1,1,6,104.05,6605.55,No,0,36,6659.2,6659.2,Don't know
1,96019,Female,0,0,0,20,0,0,DSL,0,0,0,0,0,0,Month-to-month,0,1,0,24.9,505.95,No,0,20,498.0,498.0,Don't know
1,96020,Male,0,1,1,57,1,0,DSL,1,1,0,1,0,0,One year,0,0,4,59.6,3509.4,No,0,28,3397.2000000000003,3397.2000000000003,Don't know
1,96021,Male,1,1,0,63,1,1,Fiber optic,1,1,1,0,1,1,Two year,0,1,7,108.5,6991.9,No,0,49,6835.5,6835.5,Don't know
1,96022,Male,0,1,1,13,0,0,DSL,1,1,0,1,0,0,Two year,0,0,3,40.55,590.35,No,0,27,527.15,527.15,Don't know
1,96023,Female,1,1,0,48,1,0,DSL,0,1,0,0,0,1,One year,1,1,3,58.95,2789.7,No,0,49,2829.6000000000004,2829.6000000000004,Don't know
1,96025,Male,0,1,1,57,1,0,No,0,0,0,0,0,0,Two year,0,0,1,20.75,1123.15,No,0,68,1182.75,1182.75,Don't know
1,96027,Male,0,1,0,71,1,1,Fiber optic,0,1,1,1,1,1,One year,1,1,7,113.15,7953.25,No,0,75,8033.650000000001,8033.650000000001,Don't know
1,96028,Female,0,1,1,7,1,1,DSL,0,0,0,0,0,0,Month-to-month,0,0,2,48.8,349.8,No,0,51,341.59999999999997,341.59999999999997,Don't know
1,96029,Female,0,0,0,16,1,1,DSL,0,0,0,0,0,1,Month-to-month,1,1,3,63.05,1067.05,No,0,73,1008.8,1008.8,Don't know
1,96031,Male,0,1,0,34,1,1,Fiber optic,0,0,1,0,1,1,Month-to-month,0,0,5,100.85,3527.3,No,0,76,3428.8999999999996,3428.8999999999996,Don't know
1,96033,Male,0,0,0,16,1,1,Fiber optic,0,1,0,0,0,0,Month-to-month,1,0,3,80.55,1248.9,No,0,24,1288.8,1288.8,Don't know
1,96034,Male,0,0,1,48,1,1,DSL,1,1,1,0,0,0,One year,1,1,5,64.4,3035.35,No,0,45,3091.2000000000003,3091.2000000000003,Don't know
1,96035,Male,0,1,1,58,1,0,DSL,0,1,0,1,1,1,One year,1,1,5,75.2,4300.8,No,0,46,4361.6,4361.6,Don't know
1,96037,Female,0,1,0,72,1,1,DSL,1,0,1,1,1,1,Two year,1,1,7,84.9,6065.3,No,0,65,6112.8,6112.8,Don't know
1,96038,Female,0,0,0,7,1,0,No,0,0,0,0,0,0,Month-to-month,0,0,1,19.3,144.95,No,0,57,135.1,135.1,Don't know
1,96044,Female,0,0,0,30,1,0,DSL,1,1,1,1,1,0,One year,0,1,6,74.65,2308.6,No,0,59,2239.5,2239.5,Don't know
1,96046,Male,0,1,0,31,1,1,DSL,0,0,0,0,1,0,Month-to-month,1,1,3,59.05,1882.8,No,0,59,1830.55,1830.55,Don't know
1,96047,Female,1,0,0,46,1,1,DSL,0,0,1,1,0,1,One year,1,1,5,69.1,3255.35,No,0,30,3178.6,3178.6,Don't know
1,96048,Male,0,1,0,50,1,0,No,0,0,0,0,0,0,Two year,0,0,1,20.55,1067.65,No,0,78,1027.5,1027.5,Don't know
1,96050,Male,0,1,0,28,1,0,Fiber optic,0,0,0,1,0,0,Month-to-month,0,1,2,76.55,2065.4,No,0,71,2143.4,2143.4,Don't know
1,96051,Female,0,0,0,66,0,0,DSL,1,1,1,1,1,1,Two year,1,1,6,62.5,4136.4,No,0,57,4125.0,4125.0,Don't know
1,96054,Female,0,1,1,41,1,0,Fiber optic,0,0,1,0,1,1,Month-to-month,1,1,4,94.9,3848,No,0,53,3890.9,3890.9,Don't know
1,96055,Male,1,1,0,72,1,1,Fiber optic,0,1,1,1,1,1,Two year,1,1,7,111.65,8022.85,No,0,36,8038.8,8038.8,Don't know
1,96056,Female,0,0,0,7,1,0,No,0,0,0,0,0,0,One year,0,0,1,19.9,173.15,No,0,46,139.29999999999998,139.29999999999998,Don't know
1,96057,Female,0,1,1,38,1,0,No,0,0,0,0,0,0,Month-to-month,0,0,1,20.45,781.25,No,0,43,777.1,777.1,Don't know
1,96058,Male,0,0,0,44,1,0,Fiber optic,1,1,1,0,1,1,One year,1,0,6,106.05,4510.8,No,0,60,4666.2,4666.2,Don't know
1,96059,Male,0,1,1,47,1,1,Fiber optic,1,1,1,1,1,1,One year,1,1,8,113.45,5317.8,No,0,35,5332.150000000001,5332.150000000001,Don't know
1,96061,Male,0,1,1,53,1,0,Fiber optic,0,1,0,1,1,0,Month-to-month,1,0,4,92.55,4779.45,No,0,27,4905.15,4905.15,Don't know
1,96062,Male,0,1,0,4,1,1,DSL,0,0,1,0,1,0,Month-to-month,0,0,4,65.6,250.1,No,0,44,262.4,262.4,Don't know
1,96063,Male,1,0,0,20,1,1,Fiber optic,0,0,0,0,1,0,Month-to-month,1,0,3,84.35,1745.2,No,0,70,1687.0,1687.0,Don't know
1,96065,Male,1,1,0,57,1,1,DSL,0,1,1,0,1,0,One year,1,1,5,71.1,4140.1,No,0,40,4052.7,4052.7,Don't know
1,96067,Female,1,1,0,44,1,0,Fiber optic,1,1,0,1,0,0,Month-to-month,1,0,4,85.15,3670.5,No,0,45,3746.6000000000004,3746.6000000000004,Don't know
1,96068,Male,0,0,0,24,1,0,DSL,0,0,1,0,0,0,Month-to-month,1,0,2,49.7,1167.8,No,0,48,1192.8000000000002,1192.8000000000002,Don't know
1,96069,Male,0,1,1,15,0,0,DSL,1,0,0,0,0,0,Month-to-month,1,1,1,30.2,469.65,No,0,78,453.0,453.0,Don't know
1,96076,Female,0,0,0,24,1,0,DSL,1,0,0,1,0,0,Month-to-month,0,1,3,56.35,1381.2,No,0,42,1352.4,1352.4,Don't know
1,96084,Female,0,0,0,33,1,1,Fiber optic,0,1,1,0,1,1,Month-to-month,0,0,6,107.55,3645.5,No,0,33,3549.15,3549.15,Don't know
1,96085,Female,0,1,1,58,1,0,No,0,0,0,0,0,0,Two year,1,0,1,19.85,1158.85,No,0,46,1151.3000000000002,1151.3000000000002,Don't know
1,96086,Female,0,1,1,72,1,1,Fiber optic,1,1,0,0,1,0,Two year,1,1,5,95.9,6954.15,No,0,30,6904.8,6904.8,Don't know
1,96087,Female,0,1,0,71,1,1,No,0,0,0,0,0,0,Two year,0,0,2,23.85,1672.1,No,0,77,1693.3500000000001,1693.3500000000001,Don't know
1,96090,Male,0,1,0,51,1,0,DSL,1,1,1,1,1,1,Two year,1,1,7,83.85,4307.1,No,0,53,4276.349999999999,4276.349999999999,Don't know
1,96092,Male,1,1,0,72,1,0,Fiber optic,1,1,0,1,0,0,Two year,1,1,4,84.8,6141.65,No,0,54,6105.599999999999,6105.599999999999,Don't know
1,96094,Male,0,0,1,14,1,0,DSL,1,1,1,1,0,1,Two year,0,1,6,76.1,1054.8,No,0,33,1065.3999999999999,1065.3999999999999,Don't know
1,96096,Female,0,1,1,72,1,1,DSL,1,1,0,1,1,0,Two year,0,0,6,74.55,5430.65,No,0,25,5367.599999999999,5367.599999999999,Don't know
1,96097,Female,0,1,1,22,0,0,DSL,0,1,0,0,1,0,Month-to-month,0,0,2,39.2,849.9,No,0,25,862.4000000000001,862.4000000000001,Don't know
1,96101,Female,0,0,0,2,1,1,Fiber optic,0,1,0,0,0,0,Month-to-month,0,0,3,79.55,151.75,No,0,24,159.1,159.1,Don't know
1,96103,Female,0,0,0,15,1,0,No,0,0,0,0,0,0,Month-to-month,0,0,1,19.6,299.4,No,0,35,294.0,294.0,Don't know
1,96104,Male,0,1,1,51,1,0,No,0,0,0,0,0,0,Two year,0,1,1,19.55,1086.75,No,0,40,997.0500000000001,997.0500000000001,Don't know
1,96105,Male,0,1,0,70,0,0,DSL,1,0,1,1,0,0,Two year,1,1,3,39.15,2692.75,No,0,60,2740.5,2740.5,Don't know
1,96106,Female,0,1,1,71,1,0,No,0,0,0,0,0,0,Two year,0,1,1,20.1,1389.6,No,0,23,1427.1000000000001,1427.1000000000001,Don't know
1,96107,Female,0,1,1,39,1,1,Fiber optic,0,0,0,1,1,1,Month-to-month,1,1,5,99.95,3767.4,No,0,43,3898.05,3898.05,Don't know
1,96108,Female,0,1,1,61,1,1,DSL,1,1,0,0,0,0,Month-to-month,0,0,4,59.8,3641.5,No,0,53,3647.7999999999997,3647.7999999999997,Don't know
1,96109,Female,0,0,0,52,1,0,DSL,1,0,0,0,0,0,Month-to-month,1,1,2,49.75,2535.55,No,0,26,2587.0,2587.0,Don't know
1,96112,Male,0,1,0,64,1,1,Fiber optic,1,0,1,1,1,1,One year,1,0,7,108.5,6880.85,No,0,22,6944.0,6944.0,Don't know
1,96113,Male,0,1,0,62,1,0,DSL,0,1,1,1,0,0,Two year,1,1,4,60.15,3753.2,No,0,80,3729.2999999999997,3729.2999999999997,Don't know
1,96114,Male,0,1,0,30,1,0,No,0,0,0,0,0,0,Two year,0,0,1,19.05,637.55,No,0,28,571.5,571.5,Don't know
1,96116,Male,1,1,0,63,1,0,DSL,1,1,1,1,1,1,One year,1,1,7,84.0,5329.55,No,0,42,5292.0,5292.0,Don't know
1,96117,Female,0,0,0,1,1,0,DSL,0,0,0,0,0,0,Month-to-month,1,1,1,44.55,44.55,No,0,45,44.55,44.55,Don't know
1,96118,Male,0,1,0,15,1,1,Fiber optic,0,0,1,1,1,1,Month-to-month,1,0,6,103.45,1539.8,No,0,53,1551.75,1551.75,Don't know
1,96119,Male,0,1,1,27,1,0,Fiber optic,1,1,0,0,0,0,One year,1,1,3,80.65,2209.75,No,0,31,2177.55,2177.55,Don't know
1,96120,Female,0,0,1,4,0,0,DSL,1,1,1,0,1,1,Month-to-month,1,0,5,57.2,223.75,No,0,26,228.8,228.8,Don't know
1,96121,Female,0,1,0,72,1,1,Fiber optic,1,1,1,0,1,1,Two year,1,0,7,110.75,7751.7,No,0,34,7974.0,7974.0,Don't know
1,96122,Male,1,1,0,45,1,1,No,0,0,0,0,0,0,One year,0,1,2,24.7,1174.35,No,0,61,1111.5,1111.5,Don't know
1,96123,Female,1,0,0,45,1,1,Fiber optic,1,1,0,1,1,0,Month-to-month,1,0,6,97.05,4385.05,No,0,34,4367.25,4367.25,Don't know
1,96124,Female,0,0,0,36,1,0,DSL,1,1,1,1,1,0,One year,1,0,6,76.35,2606.35,No,0,38,2748.6,2748.6,Don't know
1,96126,Male,0,0,0,1,1,0,No,0,0,0,0,0,0,Month-to-month,0,0,1,18.9,18.9,No,0,69,18.9,18.9,Don't know
1,96128,Male,1,0,0,16,1,1,Fiber optic,0,0,0,0,0,0,Month-to-month,1,1,2,74.45,1261.35,No,0,47,1191.2,1191.2,Don't know
1,96133,Female,0,1,0,71,1,0,DSL,1,1,1,1,1,1,Two year,1,1,7,84.4,5969.3,No,0,21,5992.400000000001,5992.400000000001,Don't know
1,96134,Male,0,1,1,10,1,1,No,0,0,0,0,0,0,Month-to-month,1,0,2,24.4,253.9,No,0,54,244.0,244.0,Don't know
1,96136,Male,0,1,1,20,1,0,No,0,0,0,0,0,0,Two year,0,0,1,20.05,400,No,0,24,401.0,401.0,Don't know
1,96141,Female,0,0,0,4,1,0,DSL,0,0,0,0,1,0,Month-to-month,0,1,2,55.5,227.35,No,0,66,222.0,222.0,Don't know
1,96145,Male,1,1,0,29,1,1,Fiber optic,0,0,0,0,0,1,Month-to-month,1,0,3,84.3,2357.75,No,0,67,2444.7,2444.7,Don't know
1,96146,Male,0,0,0,2,1,0,Fiber optic,1,1,0,0,1,1,Month-to-month,0,0,5,100.2,198.5,No,0,23,200.4,200.4,Don't know
1,96148,Female,0,0,0,29,1,0,No,0,0,0,0,0,0,Two year,0,0,1,19.4,554.25,No,0,35,562.5999999999999,562.5999999999999,Don't know
1,90002,Male,0,0,0,13,1,0,No,0,0,0,0,0,0,Month-to-month,1,0,1,20.4,251.65,No,0,54,265.2,265.2,Don't know
1,90003,Female,0,1,0,59,1,1,Fiber optic,1,1,0,0,1,0,Month-to-month,1,0,5,94.75,5597.65,No,0,26,5590.25,5590.25,Don't know
1,90006,Male,0,1,0,18,1,0,DSL,0,0,0,0,0,0,Month-to-month,1,1,1,44.35,768.05,No,0,44,798.3000000000001,798.3000000000001,Don't know
1,90007,Female,0,1,1,17,1,0,DSL,1,1,0,0,1,1,Month-to-month,0,0,5,74.55,1215.8,No,0,22,1267.35,1267.35,Don't know
1,90008,Male,0,1,0,47,1,0,DSL,0,1,1,0,1,1,Two year,0,0,5,73.6,3522.65,No,0,51,3459.2,3459.2,Don't know
1,90012,Male,0,1,1,19,1,1,DSL,0,0,0,0,0,0,Month-to-month,0,1,2,50.1,910.45,No,0,76,951.9,951.9,Don't know
1,90014,Female,1,1,1,68,0,0,DSL,0,1,1,0,1,1,Two year,1,0,4,53.0,3656.25,No,0,31,3604.0,3604.0,Don't know
1,90015,Female,0,1,0,2,1,0,No,0,0,0,0,0,0,Month-to-month,0,1,1,19.85,52,No,0,80,39.7,39.7,Don't know
1,90016,Male,0,0,0,7,0,0,DSL,0,0,0,0,0,0,One year,1,1,0,24.35,150.85,No,0,26,170.45000000000002,170.45000000000002,Don't know
1,90017,Female,0,0,0,18,1,0,No,0,0,0,0,0,0,Month-to-month,1,0,1,19.55,389.25,No,0,28,351.90000000000003,351.90000000000003,Don't know
1,90018,Female,0,1,0,71,1,1,No,0,0,0,0,0,0,Two year,0,1,2,25.05,1873.7,No,0,52,1778.55,1778.55,Don't know
1,90019,Male,1,1,0,13,1,1,Fiber optic,1,1,0,0,0,1,Month-to-month,0,1,5,93.8,1261,No,0,43,1219.3999999999999,1219.3999999999999,Don't know
1,90021,Male,0,1,0,72,1,1,Fiber optic,0,1,1,0,1,1,Two year,1,1,6,103.75,7346.2,No,0,45,7470.0,7470.0,Don't know
1,90022,Male,0,1,1,66,0,0,DSL,0,1,1,0,1,1,Two year,1,1,4,56.75,3708.4,No,0,46,3745.5,3745.5,Don't know
1,90023,Male,0,1,1,24,1,0,No,0,0,0,0,0,0,One year,1,1,1,20.8,469.65,No,0,48,499.20000000000005,499.20000000000005,Don't know
1,90025,Female,0,1,1,56,1,1,No,0,0,0,0,0,0,Two year,1,0,2,24.45,1385.85,No,0,52,1369.2,1369.2,Don't know
1,90026,Female,1,1,0,22,1,1,No,0,0,0,0,0,0,One year,0,1,2,25.6,548.8,No,0,75,563.2,563.2,Don't know
1,90031,Female,0,0,0,42,1,0,DSL,1,1,1,0,0,0,Month-to-month,0,1,4,59.65,2536.55,No,0,80,2505.2999999999997,2505.2999999999997,Don't know
1,90032,Female,0,1,1,72,1,1,DSL,1,0,1,1,1,1,Two year,1,1,7,83.3,6042.7,No,0,61,5997.599999999999,5997.599999999999,Don't know
1,90033,Female,0,0,0,12,1,1,Fiber optic,0,0,0,1,0,0,Month-to-month,1,1,3,79.55,958.25,No,0,62,954.5999999999999,954.5999999999999,Don't know
1,90034,Male,0,1,0,71,1,1,No,0,0,0,0,0,0,Two year,0,1,2,24.45,1730.65,No,0,72,1735.95,1735.95,Don't know
1,90035,Female,0,1,0,26,1,0,No,0,0,0,0,0,0,One year,0,0,1,19.2,459.6,No,0,39,499.2,499.2,Don't know
1,90036,Female,0,0,1,7,0,0,DSL,1,0,0,0,0,0,Month-to-month,0,0,1,29.8,201.95,No,0,56,208.6,208.6,Don't know
1,90037,Female,0,1,1,6,1,0,DSL,0,0,0,0,0,0,Month-to-month,0,0,1,45.5,285.2,No,0,51,273.0,273.0,Don't know
1,90039,Male,0,1,0,51,0,0,DSL,0,1,0,0,0,0,Month-to-month,1,1,1,30.05,1529.45,No,0,21,1532.55,1532.55,Don't know
1,90040,Male,0,1,1,72,0,0,DSL,1,1,1,1,1,1,Two year,1,1,6,65.65,4664.5,No,0,47,4726.8,4726.8,Don't know
1,90043,Female,0,0,0,47,1,1,DSL,1,1,0,1,0,1,Two year,0,0,6,74.05,3496.3,No,0,75,3480.35,3480.35,Don't know
1,90045,Male,1,0,0,62,1,1,Fiber optic,0,1,1,1,1,1,One year,1,1,7,110.75,7053.35,No,0,43,6866.5,6866.5,Don't know
1,90046,Female,0,1,1,16,1,0,No,0,0,0,0,0,0,Two year,0,0,1,19.7,301.55,No,0,43,315.2,315.2,Don't know
1,90047,Male,0,0,0,6,1,0,DSL,0,0,0,1,0,0,Month-to-month,1,1,2,49.5,312.7,No,0,75,297.0,297.0,Don't know
1,90049,Female,0,1,1,69,0,0,DSL,1,0,1,0,0,1,Two year,1,1,3,43.95,2960.1,No,0,73,3032.55,3032.55,Don't know
1,90057,Female,0,1,0,64,1,1,Fiber optic,0,1,1,1,1,1,Month-to-month,1,0,7,111.15,6953.4,No,0,55,7113.6,7113.6,Don't know
1,90061,Male,0,0,0,25,1,0,No,0,0,0,0,0,0,Month-to-month,0,0,1,20.6,541.5,No,0,50,515.0,515.0,Don't know
1,90062,Female,0,0,0,6,1,0,No,0,0,0,0,0,0,Two year,0,1,1,19.65,116.85,No,0,27,117.89999999999999,117.89999999999999,Don't know
1,90063,Male,0,1,0,66,1,1,Fiber optic,1,1,1,1,1,1,One year,0,1,8,115.8,7942.15,No,0,42,7642.8,7642.8,Don't know
1,90064,Female,0,0,0,61,1,1,DSL,0,1,1,1,1,1,Two year,0,1,7,88.65,5321.25,No,0,79,5407.650000000001,5407.650000000001,Don't know
1,90065,Female,1,1,0,43,1,1,Fiber optic,1,1,0,0,1,0,Month-to-month,1,0,5,94.5,4156.8,No,0,32,4063.5,4063.5,Don't know
1,90066,Female,0,0,0,12,1,0,No,0,0,0,0,0,0,Month-to-month,0,0,1,20.1,223.6,No,0,32,241.20000000000002,241.20000000000002,Don't know
1,90067,Male,1,0,0,23,0,0,DSL,0,0,0,0,0,1,Month-to-month,1,1,1,34.65,768.45,No,0,67,796.9499999999999,796.9499999999999,Don't know
1,90068,Male,1,1,0,71,0,0,DSL,0,1,1,0,1,1,Month-to-month,1,1,4,52.3,3765.05,No,0,51,3713.2999999999997,3713.2999999999997,Don't know
1,90069,Female,0,0,0,34,1,1,DSL,0,0,0,1,1,0,Month-to-month,0,0,4,65.0,2157.5,No,0,55,2210.0,2210.0,Don't know
1,90077,Female,0,1,0,41,0,0,DSL,0,1,0,1,0,0,One year,0,0,2,35.45,1391.65,No,0,80,1453.45,1453.45,Don't know
1,90201,Female,0,1,1,72,1,0,No,0,0,0,0,0,0,Two year,0,1,1,19.7,1379.8,No,0,33,1418.3999999999999,1418.3999999999999,Don't know
1,90210,Male,1,0,0,14,1,1,Fiber optic,0,0,0,0,1,1,Month-to-month,1,0,4,95.6,1273.3,No,0,78,1338.3999999999999,1338.3999999999999,Don't know
1,90211,Female,0,0,0,41,1,0,No,0,0,0,0,0,0,Two year,1,0,1,19.85,810.45,No,0,40,813.85,813.85,Don't know
1,90212,Female,0,1,1,23,1,1,Fiber optic,1,0,0,0,0,0,One year,0,1,3,81.85,1810.85,No,0,80,1882.55,1882.55,Don't know
1,90220,Male,0,1,1,71,1,0,Fiber optic,1,1,1,1,1,1,Two year,0,1,7,109.3,7782.85,No,0,61,7760.3,7760.3,Don't know
1,90222,Male,0,1,0,72,1,1,No,0,0,0,0,0,0,Two year,0,0,2,25.4,1797.1,No,0,46,1828.8,1828.8,Don't know
1,90230,Male,0,1,1,6,1,0,Fiber optic,0,0,0,0,0,0,Month-to-month,1,0,1,69.8,377.85,No,0,62,418.79999999999995,418.79999999999995,Don't know
1,90232,Male,0,1,1,23,1,0,No,0,0,0,0,0,0,One year,1,1,1,20.0,445.3,No,0,62,460.0,460.0,Don't know
1,90241,Female,0,0,0,72,1,0,Fiber optic,1,1,1,1,1,1,Two year,1,0,7,109.9,7624.2,No,0,37,7912.8,7912.8,Don't know
1,90242,Female,0,1,0,7,1,0,DSL,1,0,0,0,0,0,Month-to-month,1,1,2,50.3,355.1,No,0,42,352.09999999999997,352.09999999999997,Don't know
1,90247,Male,0,1,1,9,1,0,Fiber optic,0,1,0,1,1,1,Month-to-month,1,0,5,101.5,906.85,No,0,60,913.5,913.5,Don't know
1,90248,Female,0,0,0,12,1,1,Fiber optic,0,1,0,0,0,1,Month-to-month,1,0,4,89.15,1057.55,No,0,80,1069.8000000000002,1069.8000000000002,Don't know
1,90249,Female,0,0,0,1,1,0,No,0,0,0,0,0,0,Month-to-month,1,0,1,19.4,19.4,No,0,25,19.4,19.4,Don't know
1,90250,Female,1,1,1,48,0,0,DSL,0,1,0,0,0,0,One year,0,1,1,29.9,1388.75,No,0,49,1435.1999999999998,1435.1999999999998,Don't know
1,90254,Male,0,0,0,20,1,0,Fiber optic,0,0,0,0,1,0,Month-to-month,0,0,2,78.8,1641.3,No,0,80,1576.0,1576.0,Don't know
1,90262,Female,0,0,0,10,1,0,No,0,0,0,0,0,0,One year,1,0,1,19.3,185.2,No,0,38,193.0,193.0,Don't know
1,90265,Male,0,1,1,20,1,1,Fiber optic,0,1,0,1,1,0,Month-to-month,0,0,5,96.8,1826.7,No,0,26,1936.0,1936.0,Don't know
1,90266,Male,0,1,0,20,1,0,No,0,0,0,0,0,0,One year,0,0,1,20.65,417.5,No,0,40,413.0,413.0,Don't know
1,90270,Male,0,1,1,19,1,0,No,0,0,0,0,0,0,One year,0,0,1,19.8,344.5,No,0,27,376.2,376.2,Don't know
1,90274,Male,0,1,0,22,1,0,Fiber optic,1,1,0,1,1,1,Month-to-month,1,0,6,104.6,2180.55,No,0,68,2301.2,2301.2,Don't know
1,90275,Female,0,0,0,35,1,1,Fiber optic,0,0,0,1,0,0,Month-to-month,0,1,3,80.05,2835.9,No,0,31,2801.75,2801.75,Don't know
1,90277,Female,0,0,0,1,1,0,DSL,0,0,0,0,0,0,Month-to-month,0,0,1,45.15,45.15,No,0,48,45.15,45.15,Don't know
1,90278,Male,0,0,0,39,1,1,Fiber optic,0,0,0,0,0,0,Month-to-month,1,1,2,73.15,2730.85,No,0,62,2852.8500000000004,2852.8500000000004,Don't know
1,90280,Female,1,1,0,54,1,0,Fiber optic,0,0,1,1,1,1,One year,1,0,5,99.1,5437.1,No,0,54,5351.4,5351.4,Don't know
1,90292,Male,0,0,0,56,1,1,Fiber optic,1,0,0,1,1,1,Month-to-month,1,0,6,105.35,5794.45,No,0,31,5899.599999999999,5899.599999999999,Don't know
1,90293,Male,0,0,1,18,1,0,DSL,0,0,0,0,0,0,Month-to-month,1,1,1,45.65,747.2,No,0,75,821.6999999999999,821.6999999999999,Don't know
1,90301,Female,0,1,1,16,1,1,Fiber optic,0,1,0,0,0,0,Month-to-month,1,1,3,79.95,1267.95,No,0,65,1279.2,1279.2,Don't know
1,90302,Female,0,0,0,68,1,0,DSL,1,0,1,0,0,0,One year,1,1,3,54.45,3674.95,No,0,45,3702.6000000000004,3702.6000000000004,Don't know
1,90303,Female,1,1,0,53,1,1,No,0,0,0,0,0,0,Two year,0,1,2,25.1,1275.6,No,0,70,1330.3000000000002,1330.3000000000002,Don't know
1,90304,Female,0,1,1,72,1,1,DSL,1,0,1,1,1,1,Two year,0,1,7,84.7,5893.9,No,0,49,6098.400000000001,6098.400000000001,Don't know
1,90305,Male,0,0,0,9,1,1,Fiber optic,0,0,0,0,0,0,Month-to-month,1,0,2,75.85,724.65,No,0,70,682.65,682.65,Don't know
1,90401,Female,0,0,0,30,1,0,DSL,1,0,0,0,0,0,Month-to-month,1,0,2,48.8,1536.75,No,0,71,1464.0,1464.0,Don't know
1,90403,Female,0,0,0,18,0,0,DSL,0,0,1,1,0,0,Month-to-month,1,0,2,35.2,607.3,No,0,32,633.6,633.6,Don't know
1,90404,Female,1,1,1,55,1,1,DSL,1,0,1,1,1,0,One year,0,0,6,76.25,4154.55,No,0,42,4193.75,4193.75,Don't know
1,90503,Male,1,0,0,33,1,1,No,0,0,0,0,0,0,One year,1,1,2,24.9,847.8,No,0,52,821.6999999999999,821.6999999999999,Don't know
1,90504,Male,0,1,0,44,0,0,DSL,0,1,1,0,1,1,Two year,0,1,4,54.3,2390.45,No,0,64,2389.2,2389.2,Don't know
1,90505,Female,0,1,1,30,1,0,DSL,1,0,0,1,0,1,Month-to-month,0,1,4,66.3,1923.5,No,0,80,1989.0,1989.0,Don't know
1,90601,Female,0,1,0,71,1,0,No,0,0,0,0,0,0,Two year,1,1,1,20.9,1493.2,No,0,53,1483.8999999999999,1483.8999999999999,Don't know
1,90604,Male,0,1,0,1,1,0,Fiber optic,0,0,1,0,0,0,Month-to-month,0,1,2,75.35,75.35,No,0,70,75.35,75.35,Don't know
1,90605,Male,1,1,0,23,1,1,Fiber optic,0,1,1,0,1,1,Month-to-month,1,0,6,104.45,2184.85,No,0,37,2402.35,2402.35,Don't know
1,90606,Female,0,0,1,22,0,0,DSL,0,0,1,0,1,1,One year,1,1,3,49.45,1031.4,No,0,28,1087.9,1087.9,Don't know
1,90620,Female,0,0,1,49,1,0,No,0,0,0,0,0,0,One year,0,1,1,19.45,921.3,No,0,34,953.05,953.05,Don't know
1,90621,Female,0,1,1,42,1,0,Fiber optic,0,0,1,0,1,1,Month-to-month,1,0,4,92.15,3875.4,No,0,33,3870.3,3870.3,Don't know
1,90630,Female,0,1,1,7,1,0,No,0,0,0,0,0,0,Two year,0,0,1,19.85,144.15,No,0,60,138.95000000000002,138.95000000000002,Don't know
1,90631,Female,0,1,1,67,1,1,Fiber optic,1,0,1,1,0,1,One year,1,1,6,100.25,6689,No,0,64,6716.75,6716.75,Don't know
1,90638,Male,0,0,0,15,1,1,Fiber optic,0,1,0,1,0,1,Month-to-month,0,0,5,95.7,1451.1,No,0,23,1435.5,1435.5,Don't know
1,90640,Male,0,1,0,67,1,1,Fiber optic,0,1,1,0,0,1,Two year,1,0,5,93.15,6368.2,No,0,59,6241.05,6241.05,Don't know
1,90650,Male,0,1,1,53,1,0,DSL,1,1,0,1,1,0,Two year,1,0,5,69.7,3729.6,No,0,27,3694.1000000000004,3694.1000000000004,Don't know
1,90660,Male,0,1,1,21,1,0,No,0,0,0,0,0,0,One year,0,0,1,19.8,350.1,No,0,47,415.8,415.8,Don't know
1,90670,Female,0,1,1,40,1,0,DSL,1,1,0,1,0,1,Month-to-month,1,0,5,71.35,2847.2,No,0,43,2854.0,2854.0,Don't know
1,90680,Female,0,1,1,22,1,0,No,0,0,0,0,0,0,One year,0,1,1,20.75,452.35,No,0,59,456.5,456.5,Don't know
1,90701,Male,0,0,0,39,0,0,DSL,0,0,0,1,0,1,Month-to-month,1,0,2,40.6,1494.5,No,0,58,1583.4,1583.4,Don't know
1,90704,Female,0,1,0,2,1,0,No,0,0,0,0,0,0,Month-to-month,0,0,1,20.35,41.85,No,0,74,40.7,40.7,Don't know
1,90706,Female,0,1,1,57,1,0,No,0,0,0,0,0,0,Two year,0,1,1,19.75,1272.05,No,0,80,1125.75,1125.75,Don't know
1,90710,Male,0,1,1,8,1,0,DSL,0,0,0,0,1,0,Month-to-month,1,0,2,54.4,475.1,No,0,62,435.2,435.2,Don't know
1,90715,Female,0,1,1,7,1,0,No,0,0,0,0,0,0,Month-to-month,0,0,1,20.45,150.75,No,0,75,143.15,143.15,Don't know
1,90716,Male,0,0,0,49,1,1,DSL,0,0,0,1,1,0,Two year,1,1,4,66.15,3199,No,0,33,3241.3500000000004,3241.3500000000004,Don't know
1,90717,Female,0,0,0,65,1,1,Fiber optic,1,1,0,1,0,0,One year,1,0,5,89.85,5844.65,No,0,77,5840.25,5840.25,Don't know
1,90720,Female,0,0,0,55,1,0,DSL,0,0,0,0,0,0,One year,0,1,1,45.05,2462.6,No,0,39,2477.75,2477.75,Don't know
1,90723,Male,0,1,1,71,1,1,DSL,1,1,1,1,1,1,Two year,0,1,8,86.85,6263.8,No,0,60,6166.349999999999,6166.349999999999,Don't know
1,90731,Male,0,0,0,35,1,1,Fiber optic,1,1,1,1,0,0,Month-to-month,1,0,6,96.75,3403.4,No,0,37,3386.25,3386.25,Don't know
1,90743,Male,0,0,0,17,1,1,Fiber optic,1,1,1,1,1,0,Month-to-month,1,1,7,106.65,1672.1,No,0,25,1813.0500000000002,1813.0500000000002,Don't know
1,90744,Female,0,1,0,72,1,1,Fiber optic,1,0,1,1,1,1,Two year,1,1,7,110.15,7881.2,No,0,21,7930.8,7930.8,Don't know
1,90745,Female,0,1,1,28,1,0,Fiber optic,1,0,0,0,0,1,One year,1,1,3,82.85,2320.8,No,0,75,2319.7999999999997,2319.7999999999997,Don't know
1,90746,Female,0,1,0,18,1,0,No,0,0,0,0,0,0,Two year,0,0,1,20.1,370.5,No,0,30,361.8,361.8,Don't know
1,90803,Female,0,0,0,52,1,0,DSL,0,0,1,0,0,1,Month-to-month,1,0,3,59.45,3043.7,No,0,40,3091.4,3091.4,Don't know
1,90804,Female,0,1,0,47,1,0,DSL,0,1,0,0,1,0,Month-to-month,1,1,3,58.6,2723.4,No,0,33,2754.2000000000003,2754.2000000000003,Don't know
1,90805,Female,0,0,0,23,1,0,DSL,0,0,1,0,0,0,Month-to-month,0,1,2,49.7,1081.25,No,0,47,1143.1000000000001,1143.1000000000001,Don't know
1,90806,Male,0,1,1,66,1,0,DSL,1,1,1,1,0,0,Two year,0,0,5,65.85,4097.05,No,0,53,4346.099999999999,4346.099999999999,Don't know
1,90807,Female,0,0,0,8,1,1,Fiber optic,0,0,0,0,0,0,Month-to-month,1,0,2,73.5,632.2,No,0,61,588.0,588.0,Don't know
1,90813,Female,0,1,1,71,1,1,Fiber optic,1,1,1,1,1,1,Two year,0,1,8,113.65,8166.8,No,0,27,8069.150000000001,8069.150000000001,Don't know
1,90814,Female,1,0,0,50,1,1,Fiber optic,1,1,0,0,0,0,Month-to-month,1,0,4,83.4,4113.7,No,0,68,4170.0,4170.0,Don't know
1,90815,Male,0,1,0,46,1,0,DSL,1,1,1,1,0,0,Two year,0,0,5,65.65,3047.15,No,0,79,3019.9,3019.9,Don't know
1,91001,Female,0,0,0,66,0,0,DSL,1,0,1,1,1,1,Two year,1,1,5,61.35,4193.4,No,0,67,4049.1,4049.1,Don't know
1,91006,Female,0,1,0,42,1,1,Fiber optic,0,0,1,1,0,0,Month-to-month,1,1,4,85.9,3729.75,No,0,25,3607.8,3607.8,Don't know
1,91007,Female,0,0,0,5,1,0,Fiber optic,0,0,0,1,0,0,Month-to-month,1,0,2,75.65,399.45,No,0,40,378.25,378.25,Don't know
1,91011,Male,0,0,0,29,1,1,DSL,0,1,1,0,0,1,One year,0,1,5,70.9,1964.6,No,0,29,2056.1000000000004,2056.1000000000004,Don't know
1,91016,Female,0,1,1,27,1,0,DSL,0,1,0,0,0,0,Month-to-month,0,0,2,49.85,1336.15,No,0,75,1345.95,1345.95,Don't know
1,91024,Female,0,1,1,25,1,0,No,0,0,0,0,0,0,Two year,0,0,1,20.1,486.05,No,0,46,502.50000000000006,502.50000000000006,Don't know
1,91040,Male,0,1,0,57,1,1,Fiber optic,1,1,1,1,1,0,Month-to-month,1,0,7,103.05,5925.75,No,0,22,5873.849999999999,5873.849999999999,Don't know
1,91101,Female,1,1,0,47,1,1,Fiber optic,0,0,1,0,1,1,Month-to-month,0,0,5,99.7,4747.2,No,0,67,4685.900000000001,4685.900000000001,Don't know
1,91103,Female,0,0,0,13,1,0,Fiber optic,0,0,0,0,1,0,Month-to-month,1,0,2,81.9,1028.9,No,0,71,1064.7,1064.7,Don't know
1,91106,Male,0,1,1,71,1,1,DSL,1,0,0,0,1,0,One year,1,0,4,66.2,4692.55,No,0,62,4700.2,4700.2,Don't know
1,91201,Female,0,0,0,1,1,0,No,0,0,0,0,0,0,Month-to-month,0,0,1,19.75,19.75,No,0,38,19.75,19.75,Don't know
1,91202,Male,1,0,0,2,1,1,Fiber optic,0,0,0,0,0,0,Month-to-month,1,0,2,72.6,154.3,No,0,47,145.2,145.2,Don't know
1,91203,Male,1,0,0,55,1,1,Fiber optic,1,1,1,1,1,1,Month-to-month,1,0,8,116.5,6382.55,No,0,58,6407.5,6407.5,Don't know
1,91204,Male,1,0,0,71,1,1,Fiber optic,0,1,0,1,1,1,Two year,1,0,6,106.8,7623.2,No,0,28,7582.8,7582.8,Don't know
1,91205,Male,0,1,1,50,1,1,No,0,0,0,0,0,0,Two year,0,0,2,24.95,1261.45,No,0,57,1247.5,1247.5,Don't know
1,91206,Male,0,0,0,1,1,0,Fiber optic,0,0,0,0,1,1,Month-to-month,1,0,3,89.25,89.25,No,0,28,89.25,89.25,Don't know
1,91207,Male,0,0,0,5,1,0,No,0,0,0,0,0,0,Month-to-month,1,0,1,19.25,86.05,No,0,27,96.25,96.25,Don't know
1,91208,Female,0,0,0,66,1,1,Fiber optic,1,1,1,1,1,0,One year,1,1,7,104.55,6779.05,No,0,53,6900.3,6900.3,Don't know
1,91214,Female,0,1,1,49,1,0,DSL,1,1,1,1,1,1,One year,1,0,7,87.2,4345,No,0,68,4272.8,4272.8,Don't know
1,91301,Female,1,1,0,3,0,0,DSL,0,1,0,0,0,0,Month-to-month,1,0,1,30.75,82.85,No,0,27,92.25,92.25,Don't know
1,91302,Male,0,1,1,66,1,1,No,0,0,0,0,0,0,One year,1,1,2,25.7,1714.55,No,0,43,1696.2,1696.2,Don't know
1,91303,Male,0,0,1,11,1,1,Fiber optic,0,0,0,0,0,1,Month-to-month,0,0,3,86.2,893.2,No,0,41,948.2,948.2,Don't know
1,91304,Male,0,0,0,28,0,0,DSL,0,0,0,1,0,0,Month-to-month,1,1,1,30.1,810.85,No,0,31,842.8000000000001,842.8000000000001,Don't know
1,91306,Male,0,1,0,65,1,1,Fiber optic,1,1,1,0,1,0,Two year,1,0,6,99.35,6347.55,No,0,80,6457.75,6457.75,Don't know
1,91307,Female,0,0,0,62,1,0,No,0,0,0,0,0,0,Two year,1,1,1,19.2,1123.65,No,0,64,1190.3999999999999,1190.3999999999999,Don't know
1,91311,Female,0,1,0,2,1,0,No,0,0,0,0,0,0,Month-to-month,0,1,1,20.1,43.15,No,0,26,40.2,40.2,Don't know
1,91316,Female,0,0,0,2,1,0,No,0,0,0,0,0,0,Month-to-month,0,1,1,20.35,35.1,No,0,40,40.7,40.7,Don't know
1,91320,Female,0,1,1,55,1,1,No,0,0,0,0,0,0,Two year,1,1,2,25.65,1388,No,0,42,1410.75,1410.75,Don't know
1,91321,Male,1,1,0,41,1,0,Fiber optic,0,1,0,0,1,1,Month-to-month,1,0,4,94.55,3851.45,No,0,45,3876.5499999999997,3876.5499999999997,Don't know
1,91325,Female,0,0,0,30,1,0,Fiber optic,0,0,0,1,1,1,One year,1,1,4,94.4,2638.1,No,0,68,2832.0,2832.0,Don't know
1,91326,Male,0,0,0,17,1,0,DSL,1,1,0,0,0,0,One year,0,0,3,56.1,946.95,No,0,56,953.7,953.7,Don't know
1,91331,Female,0,1,1,16,1,0,DSL,1,1,0,1,0,1,Two year,0,1,5,68.25,1114.85,No,0,43,1092.0,1092.0,Don't know
1,91335,Male,0,0,0,72,1,1,No,0,0,0,0,0,0,Two year,0,1,2,24.75,1777.6,No,0,35,1782.0,1782.0,Don't know
1,91340,Male,0,0,0,9,1,1,Fiber optic,0,0,0,0,0,0,Month-to-month,1,0,2,76.25,684.85,No,0,62,686.25,686.25,Don't know
1,91342,Female,0,0,0,1,1,0,Fiber optic,0,1,0,0,0,0,Month-to-month,0,0,2,74.35,74.35,No,0,80,74.35,74.35,Don't know
1,91343,Male,0,0,1,23,1,0,DSL,0,1,0,1,0,0,Month-to-month,0,0,3,54.15,1312.45,No,0,80,1245.45,1245.45,Don't know
1,91344,Male,0,0,1,8,1,0,No,0,0,0,0,0,0,Month-to-month,0,1,1,19.45,159.2,No,0,20,155.6,155.6,Don't know
1,91345,Male,0,1,1,19,0,0,DSL,1,1,0,0,0,0,Month-to-month,1,0,2,34.95,610.2,No,0,79,664.0500000000001,664.0500000000001,Don't know
1,91350,Female,0,0,0,7,1,1,DSL,1,0,0,0,0,0,Month-to-month,1,0,3,53.65,404.35,No,0,51,375.55,375.55,Don't know
1,91352,Male,0,0,0,61,1,1,Fiber optic,1,0,1,0,1,1,One year,0,0,6,104.0,6363.45,No,0,22,6344.0,6344.0,Don't know
1,91354,Female,0,1,0,57,1,0,DSL,1,1,0,1,1,0,Two year,1,1,5,70.35,4124.65,No,0,32,4009.95,4009.95,Don't know
1,91356,Male,0,0,1,15,1,0,DSL,1,0,1,0,0,1,One year,0,0,4,64.85,950.75,No,0,51,972.7499999999999,972.7499999999999,Don't know
1,91360,Female,0,0,0,1,1,0,No,0,0,0,0,0,0,Month-to-month,0,0,1,19.65,19.65,No,0,73,19.65,19.65,Don't know
1,91361,Female,0,1,0,12,1,0,DSL,0,0,0,0,0,0,Month-to-month,0,1,1,45.9,505.95,No,0,60,550.8,550.8,Don't know
1,91362,Male,0,0,0,54,1,0,No,0,0,0,0,0,0,Two year,0,0,1,20.0,1149.65,No,0,41,1080.0,1080.0,Don't know
1,91364,Male,0,1,1,4,1,0,DSL,0,0,0,0,0,0,Month-to-month,0,0,1,44.8,169.65,No,0,63,179.2,179.2,Don't know
1,91377,Female,0,1,0,20,1,0,No,0,0,0,0,0,0,One year,0,0,1,20.35,393.15,No,0,57,407.0,407.0,Don't know
1,91381,Female,0,0,1,26,0,0,DSL,1,0,0,1,0,1,Month-to-month,0,0,3,45.8,1147,No,0,45,1190.8,1190.8,Don't know
1,91401,Female,0,1,0,53,1,1,Fiber optic,0,1,1,1,1,1,One year,1,1,7,108.95,5718.2,No,0,36,5774.35,5774.35,Don't know
1,91403,Female,0,0,0,68,0,0,DSL,1,1,1,1,1,1,Two year,0,1,6,64.35,4539.6,No,0,40,4375.799999999999,4375.799999999999,Don't know
1,91405,Male,0,1,1,72,1,1,DSL,1,1,1,1,1,1,Two year,1,1,8,90.8,6397.6,No,0,46,6537.599999999999,6537.599999999999,Don't know
1,91406,Male,0,0,0,12,1,1,No,0,0,0,0,0,0,One year,0,1,2,24.95,280.4,No,0,71,299.4,299.4,Don't know
1,91423,Female,0,1,0,68,1,1,Fiber optic,1,1,0,0,0,0,Two year,1,1,4,84.7,5711.05,No,0,41,5759.6,5759.6,Don't know
1,91436,Female,0,0,1,50,1,0,DSL,1,0,1,1,1,0,One year,1,1,5,70.8,3478.15,No,0,34,3540.0,3540.0,Don't know
1,91502,Female,1,0,0,41,1,1,Fiber optic,0,1,1,0,1,1,Month-to-month,1,0,6,104.4,4133.95,No,0,61,4280.400000000001,4280.400000000001,Don't know
1,91504,Male,1,1,0,30,1,1,Fiber optic,0,0,0,1,1,1,Month-to-month,1,0,5,101.5,2917.65,No,0,73,3045.0,3045.0,Don't know
1,91505,Male,0,0,0,1,1,1,DSL,0,1,0,0,0,0,Month-to-month,0,0,3,54.3,54.3,No,0,78,54.3,54.3,Don't know
1,91506,Male,1,1,1,29,1,1,Fiber optic,0,0,1,0,1,1,Month-to-month,1,0,5,103.95,2964.8,No,0,58,3014.55,3014.55,Don't know
1,91601,Female,0,1,1,23,1,1,DSL,1,1,1,1,1,1,Two year,1,1,8,91.1,2198.3,No,0,71,2095.2999999999997,2095.2999999999997,Don't know
1,91602,Male,0,0,1,60,1,0,No,0,0,0,0,0,0,Two year,0,0,1,19.95,1189.9,No,0,74,1197.0,1197.0,Don't know
1,91604,Female,0,1,0,72,1,1,No,0,0,0,0,0,0,Two year,0,1,2,26.45,1914.5,No,0,55,1904.3999999999999,1904.3999999999999,Don't know
1,91606,Male,0,0,0,72,1,0,DSL,1,1,1,1,1,0,Two year,1,1,6,75.1,5336.35,No,0,55,5407.2,5407.2,Don't know
1,91607,Female,1,0,0,66,1,1,Fiber optic,0,1,1,0,1,1,One year,0,1,6,108.1,7238.6,No,0,20,7134.599999999999,7134.599999999999,Don't know
1,91701,Female,0,1,0,72,1,1,Fiber optic,0,1,1,1,1,1,Two year,1,0,7,110.15,7998.8,No,0,70,7930.8,7930.8,Don't know
1,91706,Female,0,0,0,51,1,1,Fiber optic,0,1,1,1,1,1,One year,1,0,7,111.5,5703.25,No,0,47,5686.5,5686.5,Don't know
1,91709,Female,0,1,1,70,1,1,Fiber optic,0,1,1,0,1,1,One year,1,0,6,106.5,7397,No,0,41,7455.0,7455.0,Don't know
1,91710,Male,0,0,0,9,1,0,No,0,0,0,0,0,0,One year,1,0,1,19.9,164.6,No,0,31,179.1,179.1,Don't know
1,91711,Male,0,1,1,59,1,1,Fiber optic,1,1,0,1,1,1,Two year,1,0,7,111.1,6555.2,No,0,76,6554.9,6554.9,Don't know
1,91722,Male,0,0,1,3,1,0,DSL,0,0,0,1,1,1,Month-to-month,0,0,4,70.7,225.65,No,0,56,212.10000000000002,212.10000000000002,Don't know
1,91723,Male,1,1,0,38,0,0,DSL,0,0,0,0,0,0,Month-to-month,1,0,0,24.85,955.75,No,0,33,944.3000000000001,944.3000000000001,Don't know
1,91724,Female,0,0,0,37,1,1,Fiber optic,1,1,1,0,0,0,Month-to-month,0,1,5,91.2,3382.3,No,0,44,3374.4,3374.4,Don't know
1,91730,Male,0,0,0,37,1,0,DSL,1,1,1,1,0,0,Two year,0,1,5,65.6,2313.8,No,0,27,2427.2,2427.2,Don't know
1,91732,Female,0,1,1,14,1,0,DSL,1,1,0,1,0,0,Month-to-month,0,1,4,59.45,780.85,No,0,26,832.3000000000001,832.3000000000001,Don't know
1,91733,Male,0,1,0,72,1,1,Fiber optic,1,1,0,1,1,1,Two year,1,1,7,109.95,7852.4,No,0,59,7916.400000000001,7916.400000000001,Don't know
1,91740,Male,0,1,1,72,0,0,DSL,1,1,1,0,0,0,Two year,0,1,3,38.5,2763,No,0,58,2772.0,2772.0,Don't know
1,91741,Female,1,1,0,17,1,1,Fiber optic,0,0,0,0,1,1,Month-to-month,1,0,4,92.55,1614.7,No,0,23,1573.35,1573.35,Don't know
1,91748,Female,0,0,0,10,1,1,No,0,0,0,0,0,0,Month-to-month,1,0,2,24.5,270.15,No,0,78,245.0,245.0,Don't know
1,91750,Male,0,1,1,0,1,0,No,0,0,0,0,0,0,One year,1,0,1,19.7, ,No,0,69,0.0,0.0,Don't know
1,91752,Male,0,0,0,1,1,0,No,0,0,0,0,0,0,Month-to-month,0,0,1,20.6,20.6,No,0,52,20.6,20.6,Don't know
1,91754,Female,0,0,0,29,1,0,DSL,1,0,1,1,0,0,One year,0,1,4,58.0,1734.5,No,0,63,1682.0,1682.0,Don't know
1,91755,Female,1,1,1,65,1,1,Fiber optic,0,1,1,0,1,1,One year,1,0,6,107.45,7047.5,No,0,32,6984.25,6984.25,Don't know
1,91759,Female,0,0,0,8,1,1,DSL,1,1,1,0,0,0,Month-to-month,1,1,5,65.5,573.15,No,0,38,524.0,524.0,Don't know
1,91761,Male,0,1,0,61,1,1,No,0,0,0,0,0,0,Two year,0,1,2,25.45,1538.6,No,0,41,1552.45,1552.45,Don't know
1,91762,Female,1,0,0,45,1,1,Fiber optic,0,0,1,0,1,1,One year,1,1,5,100.15,4459.8,No,0,21,4506.75,4506.75,Don't know
1,91763,Male,0,1,1,72,1,1,Fiber optic,0,1,1,0,1,1,One year,1,1,6,104.45,7459,No,0,29,7520.400000000001,7520.400000000001,Don't know
1,91764,Male,0,1,1,12,1,0,No,0,0,0,0,0,0,Month-to-month,1,0,1,21.15,306.05,No,0,40,253.79999999999998,253.79999999999998,Don't know
1,91765,Male,0,0,0,7,1,1,Fiber optic,0,0,0,0,1,1,Month-to-month,0,0,4,96.2,639.7,No,0,38,673.4,673.4,Don't know
1,91766,Male,0,0,0,9,1,0,DSL,0,0,0,0,0,0,Month-to-month,1,0,1,44.4,348.15,No,0,31,399.59999999999997,399.59999999999997,Don't know
1,91768,Male,0,1,1,58,1,1,Fiber optic,0,0,1,1,0,1,Two year,0,1,5,94.35,5563.65,No,0,49,5472.299999999999,5472.299999999999,Don't know
1,91773,Male,0,1,1,2,1,0,No,0,0,0,0,0,0,Month-to-month,0,0,1,20.3,40.25,No,0,38,40.6,40.6,Don't know
1,91776,Female,0,1,0,40,1,1,Fiber optic,1,0,1,0,1,1,One year,0,1,6,105.75,4228.55,No,0,41,4230.0,4230.0,Don't know
1,91780,Male,0,0,0,9,1,1,Fiber optic,1,0,0,0,0,0,Month-to-month,1,0,3,81.15,784.45,No,0,68,730.35,730.35,Don't know
1,91784,Male,0,0,0,41,1,0,Fiber optic,0,1,0,1,1,0,One year,1,0,4,89.55,3729.75,No,0,66,3671.5499999999997,3671.5499999999997,Don't know
1,91786,Female,0,0,0,26,1,0,DSL,0,1,1,0,0,0,Month-to-month,1,1,3,54.75,1406.9,No,0,23,1423.5,1423.5,Don't know
1,91789,Female,0,1,0,33,1,0,DSL,0,1,0,1,0,0,One year,1,1,3,53.75,1857.3,No,0,49,1773.75,1773.75,Don't know
1,91790,Male,0,1,1,68,1,0,Fiber optic,0,1,1,1,1,1,One year,0,1,6,105.75,7322.5,No,0,39,7191.0,7191.0,Don't know
1,91791,Female,1,1,0,65,1,0,Fiber optic,0,1,1,1,1,1,Two year,1,1,6,105.85,6725.5,No,0,80,6880.25,6880.25,Don't know
1,91792,Male,0,0,0,55,1,0,DSL,0,1,0,1,0,1,One year,1,0,4,64.2,3627.3,No,0,40,3531.0,3531.0,Don't know
1,91803,Male,0,0,0,19,1,0,Fiber optic,0,0,0,1,0,1,One year,1,1,3,87.7,1725.95,No,0,78,1666.3,1666.3,Don't know
1,91901,Female,0,0,0,45,1,1,Fiber optic,0,0,1,0,0,1,Month-to-month,1,1,4,89.3,4192.15,No,0,32,4018.5,4018.5,Don't know
1,91902,Female,0,1,1,70,1,0,No,0,0,0,0,0,0,Two year,1,1,1,20.15,1411.2,No,0,67,1410.5,1410.5,Don't know
1,91910,Female,0,1,0,12,1,0,No,0,0,0,0,0,0,Two year,1,0,1,20.05,264.55,No,0,74,240.60000000000002,240.60000000000002,Don't know
1,91911,Male,0,0,1,72,0,0,DSL,1,1,1,1,1,1,Two year,0,1,6,67.2,4671.7,No,0,25,4838.400000000001,4838.400000000001,Don't know
1,91913,Male,0,0,0,12,1,1,Fiber optic,0,0,0,0,1,1,Month-to-month,0,0,4,94.55,1173.55,No,0,25,1134.6,1134.6,Don't know
1,91915,Male,1,1,0,71,1,1,Fiber optic,1,1,1,0,1,1,Month-to-month,1,0,7,107.5,7713.55,No,0,64,7632.5,7632.5,Don't know
1,91916,Male,1,0,0,35,1,0,DSL,0,0,1,1,1,1,One year,1,0,5,73.0,2471.25,No,0,59,2555.0,2555.0,Don't know
1,91917,Male,0,1,1,70,1,1,Fiber optic,1,1,1,1,1,1,Two year,0,1,8,114.75,7842.3,No,0,72,8032.5,8032.5,Don't know
1,91931,Female,0,0,0,31,1,1,Fiber optic,0,0,0,0,0,0,Month-to-month,1,0,2,76.05,2227.8,No,0,63,2357.5499999999997,2357.5499999999997,Don't know
1,91941,Male,1,1,0,30,1,1,Fiber optic,0,0,0,0,0,0,Month-to-month,0,0,2,77.9,2351.45,No,0,49,2337.0,2337.0,Don't know
1,91942,Female,0,0,0,33,1,1,Fiber optic,1,0,0,0,0,1,Month-to-month,1,0,4,90.65,2989.6,No,0,44,2991.4500000000003,2991.4500000000003,Don't know
1,91945,Male,1,1,0,54,1,1,Fiber optic,0,1,1,1,1,1,Two year,1,0,7,110.45,6077.75,No,0,77,5964.3,5964.3,Don't know
1,91948,Female,0,0,0,59,1,1,DSL,1,0,0,1,0,1,One year,0,1,5,68.7,4070.95,No,0,29,4053.3,4053.3,Don't know
1,91950,Male,1,0,0,55,0,0,DSL,1,1,0,0,1,0,Month-to-month,1,0,3,44.85,2479.05,No,0,49,2466.75,2466.75,Don't know
1,91962,Male,1,1,0,69,0,0,DSL,0,0,1,0,0,0,One year,1,1,1,29.8,2134.3,No,0,43,2056.2000000000003,2056.2000000000003,Don't know
1,91963,Female,0,0,0,66,1,1,Fiber optic,0,1,0,0,1,0,One year,1,1,4,88.9,6000.1,No,0,27,5867.400000000001,5867.400000000001,Don't know
1,91977,Male,0,1,1,37,1,0,DSL,1,0,1,1,0,0,One year,1,0,4,58.75,2203.1,No,0,31,2173.75,2173.75,Don't know
1,91978,Male,1,1,0,9,1,0,No,0,0,0,0,0,0,One year,0,1,1,19.85,183.15,No,0,59,178.65,178.65,Don't know
1,91980,Male,0,1,1,69,1,1,DSL,1,0,1,1,1,1,Two year,0,1,7,86.9,6194.1,No,0,49,5996.1,5996.1,Don't know
1,92003,Male,0,0,0,10,1,0,DSL,0,1,0,0,1,0,Month-to-month,1,0,3,59.65,638.95,No,0,20,596.5,596.5,Don't know
1,92007,Male,0,0,1,13,1,0,DSL,0,0,0,0,1,1,Month-to-month,0,1,3,66.4,831.75,No,0,43,863.2,863.2,Don't know
1,92009,Female,0,1,1,69,1,0,No,0,0,0,0,0,0,Two year,0,1,1,20.15,1337.5,No,0,23,1390.35,1390.35,Don't know
1,92014,Female,1,1,0,66,1,1,Fiber optic,0,1,1,1,1,1,One year,1,1,7,108.1,7181.95,No,0,35,7134.599999999999,7134.599999999999,Don't know
1,92020,Male,0,1,1,46,1,0,DSL,1,0,1,1,0,0,One year,0,0,4,56.9,2560.1,No,0,44,2617.4,2617.4,Don't know
1,92024,Female,0,1,1,56,1,1,Fiber optic,1,0,1,1,1,1,Month-to-month,1,0,7,109.6,5953,No,0,67,6137.599999999999,6137.599999999999,Don't know
1,92025,Male,0,1,1,70,1,1,No,0,0,0,0,0,0,Two year,0,1,2,25.15,1790.15,No,0,39,1760.5,1760.5,Don't know
1,92026,Female,0,1,1,33,1,1,DSL,0,0,1,1,1,1,One year,1,0,6,79.15,2531.4,No,0,73,2611.9500000000003,2611.9500000000003,Don't know
1,92027,Female,0,1,1,72,1,1,DSL,1,1,0,1,0,0,Two year,0,1,5,66.75,4760.3,No,0,65,4806.0,4806.0,Don't know
1,92029,Female,0,0,1,19,1,0,DSL,0,0,0,1,0,0,Month-to-month,0,0,2,48.8,953.65,No,0,74,927.1999999999999,927.1999999999999,Don't know
1,92037,Female,0,1,0,71,1,0,DSL,0,1,1,1,1,1,Two year,1,1,6,80.7,5705.05,No,0,24,5729.7,5729.7,Don't know
1,92054,Male,0,0,0,1,1,0,No,0,0,0,0,0,0,Month-to-month,0,1,1,20.55,20.55,No,0,28,20.55,20.55,Don't know
1,92057,Female,0,0,0,61,1,1,Fiber optic,1,1,1,1,1,1,One year,1,0,8,115.1,6993.65,No,0,53,7021.099999999999,7021.099999999999,Don't know
1,92059,Female,0,1,1,71,0,0,DSL,1,1,0,1,1,1,Two year,0,1,5,59.7,4122.65,No,0,63,4238.7,4238.7,Don't know
1,92060,Female,0,1,0,68,1,1,Fiber optic,0,1,1,0,0,0,One year,0,1,4,86.45,5762.95,No,0,39,5878.6,5878.6,Don't know
1,92061,Male,0,0,0,46,0,0,DSL,0,0,1,1,0,0,One year,0,1,2,33.7,1537.85,No,0,22,1550.2,1550.2,Don't know
1,92064,Male,0,0,0,33,1,1,Fiber optic,1,0,0,0,0,0,One year,0,1,3,80.1,2603.3,No,0,54,2643.2999999999997,2643.2999999999997,Don't know
1,92065,Female,0,1,1,53,1,1,Fiber optic,1,1,1,1,0,1,Two year,1,1,7,104.05,5566.4,No,0,43,5514.65,5514.65,Don't know
1,92066,Female,1,1,0,50,1,1,Fiber optic,1,1,1,0,1,1,Month-to-month,0,1,7,108.75,5431.9,No,0,54,5437.5,5437.5,Don't know
1,92067,Female,0,0,0,57,0,0,DSL,1,0,1,1,0,0,One year,1,1,3,41.1,2258.25,No,0,41,2342.7000000000003,2342.7000000000003,Don't know
1,92069,Female,0,1,1,54,1,0,No,0,0,0,0,0,0,Two year,1,1,1,20.35,1092.35,No,0,79,1098.9,1098.9,Don't know
1,92070,Female,1,1,0,60,1,1,Fiber optic,0,1,1,0,1,1,Month-to-month,1,0,6,105.9,6401.25,No,0,40,6354.0,6354.0,Don't know
1,92082,Female,0,1,1,10,1,0,DSL,0,1,0,1,0,1,Month-to-month,1,0,4,65.5,616.9,No,0,44,655.0,655.0,Don't know
1,92083,Male,0,0,1,43,0,0,DSL,1,1,1,0,0,0,Month-to-month,1,0,3,40.45,1912.85,No,0,72,1739.3500000000001,1739.3500000000001,Don't know
1,92084,Male,1,1,0,13,1,0,Fiber optic,0,0,0,0,0,0,Month-to-month,0,1,1,70.45,849.1,No,0,53,915.85,915.85,Don't know
1,92086,Female,0,1,0,43,1,0,DSL,1,0,1,1,1,1,Two year,1,0,6,78.8,3460.3,No,0,24,3388.4,3388.4,Don't know
1,92101,Male,0,1,1,1,1,0,Fiber optic,0,0,0,0,1,1,Month-to-month,1,0,3,90.1,90.1,No,0,47,90.1,90.1,Don't know
1,92102,Female,0,0,0,69,1,0,DSL,1,0,1,1,1,1,Two year,1,1,6,82.45,5555.3,No,0,80,5689.05,5689.05,Don't know
1,92103,Female,0,1,0,61,1,0,No,0,0,0,0,0,0,Two year,0,1,1,20.25,1278.8,No,0,55,1235.25,1235.25,Don't know
1,92104,Male,0,1,0,43,1,1,DSL,1,1,0,1,0,0,Month-to-month,0,1,5,66.25,2907.35,No,0,29,2848.75,2848.75,Don't know
1,92107,Male,0,1,0,56,1,0,Fiber optic,0,0,0,0,1,1,Month-to-month,0,0,3,89.7,4952.95,No,0,49,5023.2,5023.2,Don't know
1,92108,Female,0,1,0,70,0,0,DSL,1,1,1,1,1,1,Two year,0,1,6,64.55,4504.9,No,0,30,4518.5,4518.5,Don't know
1,92110,Male,0,1,1,49,1,1,Fiber optic,0,1,1,0,1,0,One year,1,0,5,93.65,4520.15,No,0,65,4588.85,4588.85,Don't know
1,92113,Female,0,1,1,32,1,0,DSL,1,1,1,1,0,1,Two year,0,0,6,73.6,2316.85,No,0,42,2355.2,2355.2,Don't know
1,92114,Female,1,1,0,72,1,1,Fiber optic,1,0,1,1,1,1,Two year,1,0,7,109.75,8075.35,No,0,34,7902.0,7902.0,Don't know
1,92115,Male,0,0,1,37,1,0,DSL,1,1,0,1,0,0,Two year,0,1,4,61.45,2302.35,No,0,77,2273.65,2273.65,Don't know
1,92116,Female,0,1,0,69,1,0,Fiber optic,1,1,0,1,1,1,One year,1,1,6,106.4,7251.9,No,0,26,7341.6,7341.6,Don't know
1,92117,Female,0,1,0,26,1,0,DSL,0,1,1,1,1,1,Month-to-month,0,1,6,81.9,2078.55,No,0,55,2129.4,2129.4,Don't know
1,92118,Female,0,1,1,58,1,1,Fiber optic,0,1,1,0,1,1,One year,1,1,6,105.2,6225.4,No,0,59,6101.6,6101.6,Don't know
1,92119,Male,0,0,0,24,1,1,DSL,0,0,0,1,0,0,One year,0,1,3,54.6,1242.25,No,0,51,1310.4,1310.4,Don't know
1,92120,Male,0,1,1,5,1,0,No,0,0,0,0,0,0,One year,0,0,1,20.55,99.45,No,0,54,102.75,102.75,Don't know
1,92122,Female,0,1,1,30,1,0,No,0,0,0,0,0,0,Two year,0,0,1,19.7,599.25,No,0,38,591.0,591.0,Don't know
1,92123,Female,0,1,0,55,1,1,DSL,1,1,0,1,0,0,One year,1,1,5,66.05,3462.1,No,0,68,3632.75,3632.75,Don't know
1,92127,Male,0,1,1,44,0,0,DSL,1,1,1,1,0,1,Two year,1,1,5,54.05,2375.2,No,0,68,2378.2,2378.2,Don't know
1,92128,Female,0,0,0,47,1,0,DSL,1,1,0,1,0,0,One year,1,0,4,58.9,2813.05,No,0,40,2768.2999999999997,2768.2999999999997,Don't know
1,92131,Female,0,1,0,64,1,0,Fiber optic,1,0,0,1,1,1,One year,1,0,5,96.9,6314.35,No,0,55,6201.6,6201.6,Don't know
1,92139,Male,0,0,0,1,1,0,No,0,0,0,0,0,0,Month-to-month,0,0,1,19.1,19.1,No,0,30,19.1,19.1,Don't know
1,92154,Male,0,0,0,20,1,0,DSL,0,0,0,1,0,0,Month-to-month,0,0,2,50.0,1003.05,No,0,46,1000.0,1000.0,Don't know
1,92173,Female,0,1,0,37,0,0,DSL,1,0,0,1,1,0,Two year,0,0,3,45.4,1593.1,No,0,33,1679.8,1679.8,Don't know
1,92201,Male,0,1,1,30,1,1,Fiber optic,0,0,0,0,1,0,Month-to-month,0,0,3,85.45,2509.95,No,0,21,2563.5,2563.5,Don't know
1,92203,Female,0,0,0,38,1,1,DSL,1,1,1,0,1,1,One year,0,1,7,84.1,3187.65,No,0,78,3195.7999999999997,3195.7999999999997,Don't know
1,92220,Female,0,1,0,52,0,0,DSL,1,1,1,1,1,1,Two year,0,1,6,66.25,3330.1,No,0,23,3445.0,3445.0,Don't know
1,92223,Male,0,0,1,71,1,0,DSL,1,1,1,1,1,0,Two year,1,1,6,76.9,5522.7,No,0,26,5459.900000000001,5459.900000000001,Don't know
1,92227,Male,0,0,0,66,1,1,DSL,1,1,1,0,0,1,Two year,1,1,6,74.6,4798.4,No,0,78,4923.599999999999,4923.599999999999,Don't know
1,92230,Male,0,1,0,72,1,1,Fiber optic,1,1,1,1,1,1,Two year,1,1,8,116.95,8594.4,No,0,78,8420.4,8420.4,Don't know
1,92231,Male,0,0,1,25,0,0,DSL,1,0,0,0,1,0,One year,1,1,2,40.65,970.55,No,0,29,1016.25,1016.25,Don't know
1,92233,Male,0,1,1,69,1,1,Fiber optic,1,1,1,1,1,1,Two year,1,1,8,114.35,7665.8,No,0,51,7890.15,7890.15,Don't know
1,92234,Male,0,1,1,53,1,1,DSL,1,1,0,0,0,1,Two year,0,1,5,69.7,3686.05,No,0,22,3694.1000000000004,3694.1000000000004,Don't know
1,92239,Male,0,0,0,26,1,0,Fiber optic,0,0,1,1,1,1,Month-to-month,1,0,5,98.65,2537,No,0,62,2564.9,2564.9,Don't know
1,92240,Male,0,0,0,21,1,0,DSL,0,0,1,0,0,1,Month-to-month,0,0,3,61.65,1393.6,No,0,63,1294.6499999999999,1294.6499999999999,Don't know
1,92241,Female,0,0,1,1,1,0,Fiber optic,0,0,0,0,1,1,Month-to-month,1,0,3,89.35,89.35,No,0,38,89.35,89.35,Don't know
1,92242,Male,0,0,0,48,1,1,Fiber optic,1,0,0,1,0,1,Month-to-month,1,0,5,95.4,4445.3,No,0,33,4579.200000000001,4579.200000000001,Don't know
1,92243,Female,0,1,0,26,0,0,DSL,1,0,1,0,0,0,One year,0,1,2,35.4,978.6,No,0,29,920.4,920.4,Don't know
1,92249,Male,0,1,0,60,1,0,No,0,0,0,0,0,0,Two year,0,0,1,19.95,1258.15,No,0,72,1197.0,1197.0,Don't know
1,92250,Male,0,0,0,18,1,0,No,0,0,0,0,0,0,Month-to-month,0,0,1,19.25,331.35,No,0,22,346.5,346.5,Don't know
1,92253,Female,0,0,1,4,1,0,No,0,0,0,0,0,0,One year,1,0,1,20.4,84.75,No,0,24,81.6,81.6,Don't know
1,92254,Male,0,1,1,65,1,1,No,0,0,0,0,0,0,Two year,0,1,2,24.75,1715.1,No,0,39,1608.75,1608.75,Don't know
1,92256,Male,0,1,1,70,1,1,No,0,0,0,0,0,0,Two year,0,0,2,25.35,1715.15,No,0,69,1774.5,1774.5,Don't know
1,92258,Male,0,0,1,62,1,0,No,0,0,0,0,0,0,Two year,0,1,1,20.0,1250.1,No,0,37,1240.0,1240.0,Don't know
1,92259,Female,0,1,1,66,1,0,DSL,1,0,0,0,1,0,Two year,1,0,3,59.75,3996.8,No,0,80,3943.5,3943.5,Don't know
1,92260,Female,0,1,1,65,1,1,DSL,1,1,0,1,1,1,Two year,1,1,7,82.5,5215.1,No,0,26,5362.5,5362.5,Don't know
1,92264,Female,0,0,0,34,1,0,No,0,0,0,0,0,0,Month-to-month,0,0,1,20.35,673.2,No,0,68,691.9000000000001,691.9000000000001,Don't know
1,92266,Male,0,1,1,16,1,1,Fiber optic,0,0,1,0,1,0,Month-to-month,1,1,4,90.8,1442.2,No,0,66,1452.8,1452.8,Don't know
1,92268,Female,1,0,0,50,1,1,Fiber optic,0,0,1,1,1,1,Month-to-month,1,0,6,104.95,5222.35,No,0,39,5247.5,5247.5,Don't know
1,92270,Male,0,1,0,71,1,0,Fiber optic,0,1,1,1,1,1,Two year,1,0,6,105.25,7291.75,No,0,31,7472.75,7472.75,Don't know
1,92275,Male,0,0,0,18,1,1,No,0,0,0,0,0,0,One year,0,0,2,23.75,424.5,No,0,70,427.5,427.5,Don't know
1,92276,Male,0,0,0,4,1,0,DSL,0,0,0,1,1,0,Month-to-month,1,0,3,61.3,249.4,No,0,58,245.2,245.2,Don't know
1,92277,Female,0,1,1,58,1,1,DSL,1,0,1,1,1,0,Two year,0,0,6,75.8,4415.75,No,0,62,4396.4,4396.4,Don't know
1,92278,Female,0,1,0,56,1,1,Fiber optic,1,0,0,0,1,1,One year,1,0,5,98.0,5270.6,No,0,25,5488.0,5488.0,Don't know
1,92282,Male,0,1,1,56,0,0,DSL,1,1,0,1,1,0,One year,1,0,4,52.0,2884.9,No,0,55,2912.0,2912.0,Don't know
1,92284,Female,0,0,0,4,1,1,DSL,0,0,0,1,1,0,Month-to-month,1,0,4,64.4,253,No,0,61,257.6,257.6,Don't know
1,92301,Male,0,0,0,10,1,0,DSL,0,0,0,0,0,0,Month-to-month,1,1,1,45.8,436.2,No,0,80,458.0,458.0,Don't know
1,92304,Male,0,0,0,4,0,0,DSL,0,0,0,1,0,0,Month-to-month,0,0,1,30.5,118.4,No,0,29,122.0,122.0,Don't know
1,92307,Female,0,1,0,51,1,0,Fiber optic,0,0,0,0,0,0,Month-to-month,0,0,1,69.15,3649.6,No,0,55,3526.65,3526.65,Don't know
1,92309,Female,0,0,0,6,0,0,DSL,0,0,0,1,1,1,One year,1,0,3,49.25,255.6,No,0,52,295.5,295.5,Don't know
1,92310,Male,0,1,1,63,0,0,DSL,0,1,1,1,0,0,Two year,0,1,3,39.35,2395.05,No,0,24,2479.05,2479.05,Don't know
1,92313,Female,0,1,0,48,1,1,Fiber optic,0,1,0,1,1,1,Month-to-month,1,1,6,105.1,5083.55,No,0,42,5044.799999999999,5044.799999999999,Don't know
1,92315,Female,0,0,1,35,1,0,No,0,0,0,0,0,0,One year,1,1,1,20.1,644.5,No,0,72,703.5,703.5,Don't know
1,92320,Male,0,0,0,2,1,0,No,0,0,0,0,0,0,Month-to-month,0,0,1,19.75,39.3,No,0,67,39.5,39.5,Don't know
1,92321,Female,0,0,0,50,1,0,No,0,0,0,0,0,0,One year,0,1,1,19.75,989.05,No,0,71,987.5,987.5,Don't know
1,92324,Female,0,0,0,33,1,0,Fiber optic,0,0,0,0,0,0,Month-to-month,1,1,1,70.4,2406.1,No,0,29,2323.2000000000003,2323.2000000000003,Don't know
1,92325,Male,0,0,0,31,1,0,No,0,0,0,0,0,0,Two year,0,0,1,20.45,638.55,No,0,35,633.9499999999999,633.9499999999999,Don't know
1,92327,Female,0,1,1,9,1,0,No,0,0,0,0,0,0,Two year,0,0,1,20.35,191.1,No,0,70,183.15,183.15,Don't know
1,92328,Female,0,1,1,54,1,1,DSL,0,1,1,1,1,1,Month-to-month,1,0,7,86.2,4524.05,No,0,45,4654.8,4654.8,Don't know
1,92332,Female,0,0,0,46,1,0,Fiber optic,1,1,1,0,1,0,One year,1,1,5,95.65,4664.2,No,0,54,4399.900000000001,4399.900000000001,Don't know
1,92333,Male,0,0,1,34,1,1,Fiber optic,1,1,0,0,1,1,One year,1,0,6,103.8,3470.8,No,0,78,3529.2,3529.2,Don't know
1,92335,Male,0,1,1,71,1,1,Fiber optic,1,0,0,0,1,1,Two year,1,0,5,97.2,6910.3,No,0,43,6901.2,6901.2,Don't know
1,92336,Female,0,1,1,63,1,0,DSL,1,1,1,1,0,0,Two year,0,0,5,63.55,4014.2,No,0,48,4003.6499999999996,4003.6499999999996,Don't know
1,92337,Female,0,0,0,51,1,1,No,0,0,0,0,0,0,Two year,0,1,2,24.95,1288,No,0,77,1272.45,1272.45,Don't know
1,92339,Female,0,1,0,64,1,0,Fiber optic,1,0,1,0,1,1,Two year,1,1,5,99.0,6375.8,No,0,68,6336.0,6336.0,Don't know
1,92342,Male,1,1,0,61,1,1,Fiber optic,0,1,0,1,0,0,One year,1,1,4,85.55,5251.75,No,0,62,5218.55,5218.55,Don't know
1,92345,Female,0,0,0,15,1,0,Fiber optic,0,0,1,0,1,1,Month-to-month,1,1,4,94.0,1505.45,No,0,77,1410.0,1410.0,Don't know
1,92347,Female,0,0,0,18,1,1,DSL,0,0,0,0,0,0,Month-to-month,1,0,2,50.3,913.3,No,0,65,905.4,905.4,Don't know
1,92352,Female,0,1,1,57,1,0,Fiber optic,0,1,0,0,1,1,One year,1,0,4,95.0,5535.8,No,0,70,5415.0,5415.0,Don't know
1,92354,Male,0,1,1,14,1,0,DSL,1,1,0,0,0,1,Two year,1,1,4,61.4,815.55,No,0,22,859.6,859.6,Don't know
1,92356,Male,1,0,0,18,1,1,Fiber optic,0,1,0,0,0,0,Month-to-month,1,1,3,80.55,1411.65,No,0,27,1449.8999999999999,1449.8999999999999,Don't know
1,92358,Female,1,1,0,72,1,1,Fiber optic,1,0,0,0,0,0,Two year,0,1,3,78.5,5602.25,No,0,69,5652.0,5652.0,Don't know
1,92359,Male,0,1,0,70,1,1,Fiber optic,1,1,1,1,1,1,Two year,0,1,8,114.3,8244.3,No,0,24,8001.0,8001.0,Don't know
1,92363,Female,0,0,0,38,1,0,No,0,0,0,0,0,0,Two year,0,0,1,20.05,741.5,No,0,62,761.9,761.9,Don't know
1,92364,Male,0,1,1,68,1,0,DSL,1,1,1,1,0,0,Two year,0,1,5,62.65,4375.8,No,0,59,4260.2,4260.2,Don't know
1,92368,Male,1,1,0,65,1,1,Fiber optic,1,1,0,0,1,0,Two year,1,1,5,92.7,5968.4,No,0,64,6025.5,6025.5,Don't know
1,92371,Female,0,0,0,30,1,1,Fiber optic,0,0,1,0,1,1,Month-to-month,0,0,5,100.45,3096.9,No,0,32,3013.5,3013.5,Don't know
1,92372,Male,0,1,0,51,1,1,DSL,0,0,0,1,1,1,Two year,1,1,5,75.2,3901.25,No,0,59,3835.2000000000003,3835.2000000000003,Don't know
1,92373,Female,0,0,0,31,1,1,Fiber optic,1,0,1,0,0,0,Month-to-month,1,1,4,84.75,2613.4,No,0,35,2627.25,2627.25,Don't know
1,92376,Female,0,1,1,72,1,1,DSL,1,1,1,1,0,1,Two year,1,1,7,79.5,5661.7,No,0,78,5724.0,5724.0,Don't know
1,92382,Female,0,0,0,37,1,0,No,0,0,0,0,0,0,One year,1,0,1,19.8,695.05,No,0,31,732.6,732.6,Don't know
1,92386,Male,0,0,0,55,1,0,Fiber optic,1,1,0,0,1,1,One year,1,0,5,100.9,5552.05,No,0,22,5549.5,5549.5,Don't know
1,92389,Male,0,0,1,33,1,1,Fiber optic,1,0,1,0,0,1,Month-to-month,1,1,5,95.3,3275.15,No,0,38,3144.9,3144.9,Don't know
1,92392,Female,0,1,1,46,1,0,Fiber optic,0,0,1,1,0,1,One year,0,1,4,90.95,4236.6,No,0,38,4183.7,4183.7,Don't know
1,92394,Female,0,0,1,1,1,0,DSL,1,0,0,1,0,0,Month-to-month,0,0,3,54.5,54.5,No,0,54,54.5,54.5,Don't know
1,92401,Female,0,1,1,19,1,0,DSL,0,0,1,0,0,0,Month-to-month,1,1,2,49.6,962.9,No,0,27,942.4,942.4,Don't know
1,92405,Female,0,0,1,61,1,1,No,0,0,0,0,0,0,Two year,1,1,2,25.0,1498.35,No,0,54,1525.0,1525.0,Don't know
1,92407,Male,0,0,0,26,1,0,DSL,0,0,0,0,0,0,Month-to-month,0,0,1,45.45,1233.15,No,0,68,1181.7,1181.7,Don't know
1,92408,Male,0,1,0,45,1,1,Fiber optic,0,1,1,0,1,1,Month-to-month,1,1,6,107.75,4882.8,No,0,27,4848.75,4848.75,Don't know
1,92410,Male,0,1,1,62,1,1,Fiber optic,0,0,1,0,1,0,Two year,1,1,4,89.1,5411.65,No,0,68,5524.2,5524.2,Don't know
1,92501,Female,0,0,0,3,1,0,DSL,0,0,0,0,0,0,Month-to-month,0,0,1,44.75,148.05,No,0,20,134.25,134.25,Don't know
1,92503,Female,0,1,1,41,1,1,Fiber optic,1,1,1,0,0,1,One year,1,1,6,101.6,3930.55,No,0,52,4165.599999999999,4165.599999999999,Don't know
1,92504,Male,0,1,1,67,1,0,Fiber optic,0,1,1,1,1,1,Two year,0,1,6,103.15,6895.5,No,0,40,6911.05,6911.05,Don't know
1,92506,Female,0,1,0,71,1,1,Fiber optic,1,1,0,0,1,0,One year,0,0,5,95.65,6856.95,No,0,65,6791.150000000001,6791.150000000001,Don't know
1,92507,Female,0,1,1,37,1,0,DSL,1,1,0,0,1,1,One year,0,1,5,75.1,2658.8,No,0,64,2778.7,2778.7,Don't know
1,92508,Male,0,1,0,60,1,0,DSL,1,1,0,1,0,0,Two year,1,0,4,61.35,3766.2,No,0,79,3681.0,3681.0,Don't know
1,92518,Female,0,0,0,6,1,0,No,0,0,0,0,0,0,Month-to-month,0,1,1,19.7,129.55,No,0,74,118.19999999999999,118.19999999999999,Don't know
1,92532,Female,0,1,1,11,1,0,DSL,1,0,0,0,0,0,Month-to-month,0,1,2,51.0,581.7,No,0,49,561.0,561.0,Don't know
1,92539,Female,0,1,1,10,1,0,Fiber optic,0,0,0,0,1,1,Month-to-month,1,0,3,88.85,929.45,No,0,54,888.5,888.5,Don't know
1,92543,Male,0,1,0,34,1,0,No,0,0,0,0,0,0,Two year,0,1,1,20.05,679,No,0,29,681.7,681.7,Don't know
1,92544,Female,0,0,0,62,1,0,DSL,1,0,0,1,0,1,Two year,1,0,4,65.1,3846.75,No,0,47,4036.2,4036.2,Don't know
1,92545,Male,0,1,0,64,1,1,DSL,0,1,0,1,0,1,One year,1,0,5,70.15,4480.7,No,0,49,4489.6,4489.6,Don't know
1,92549,Male,0,0,0,25,1,0,No,0,0,0,0,0,0,Two year,1,0,1,20.75,499.4,No,0,74,518.75,518.75,Don't know
1,92551,Female,0,0,0,26,1,0,DSL,0,1,1,0,0,0,One year,1,0,3,56.05,1553.2,No,0,46,1457.3,1457.3,Don't know
1,92553,Male,0,0,1,10,1,0,No,0,0,0,0,0,0,One year,1,1,1,19.95,219.5,No,0,48,199.5,199.5,Don't know
1,92555,Female,0,0,0,53,1,1,Fiber optic,1,1,1,0,1,0,One year,0,0,6,98.6,5311.85,No,0,20,5225.799999999999,5225.799999999999,Don't know
1,92561,Male,0,0,0,33,1,0,Fiber optic,0,1,1,0,0,0,Month-to-month,1,1,3,79.0,2576.8,No,0,21,2607.0,2607.0,Don't know
1,92562,Female,1,1,0,71,1,0,Fiber optic,0,1,1,0,0,1,Two year,0,1,4,89.45,6435.25,No,0,72,6350.95,6350.95,Don't know
1,92563,Female,0,0,0,29,1,1,Fiber optic,0,0,0,0,0,0,Month-to-month,1,0,2,74.2,1993.25,No,0,55,2151.8,2151.8,Don't know
1,92567,Male,0,1,1,24,1,1,DSL,1,0,0,1,1,1,Month-to-month,0,1,6,81.0,1923.85,No,0,50,1944.0,1944.0,Don't know
1,92570,Male,0,1,1,20,1,0,DSL,0,0,1,0,0,0,Month-to-month,1,0,2,49.6,939.8,No,0,68,992.0,992.0,Don't know
1,92571,Female,0,0,0,1,1,1,Fiber optic,0,0,0,0,1,0,Month-to-month,1,0,3,84.6,84.6,No,0,46,84.6,84.6,Don't know
1,92584,Female,0,1,1,72,1,1,DSL,1,0,1,1,1,1,Two year,1,1,7,84.2,5986.55,No,0,69,6062.400000000001,6062.400000000001,Don't know
1,92585,Male,0,1,0,52,1,0,Fiber optic,1,1,1,1,1,1,Two year,1,0,7,106.3,5487,No,0,36,5527.599999999999,5527.599999999999,Don't know
1,92586,Female,0,0,0,9,1,0,Fiber optic,0,0,0,0,0,0,Month-to-month,0,0,1,69.05,651.5,No,0,50,621.4499999999999,621.4499999999999,Don't know
1,92587,Female,0,0,0,1,1,0,DSL,0,0,0,0,0,0,Month-to-month,1,0,1,45.4,45.4,No,0,50,45.4,45.4,Don't know
1,92595,Male,0,1,1,69,1,1,Fiber optic,0,0,0,1,1,1,Two year,1,0,5,99.35,6856.45,No,0,73,6855.15,6855.15,Don't know
1,92596,Male,0,0,0,1,1,0,DSL,1,0,0,0,0,0,Month-to-month,1,0,2,50.75,50.75,No,0,80,50.75,50.75,Don't know
1,92602,Male,0,0,0,54,1,1,DSL,1,0,1,1,1,1,Two year,0,1,7,87.1,4735.2,No,0,44,4703.4,4703.4,Don't know
1,92604,Male,0,0,1,33,1,0,No,0,0,0,0,0,0,One year,1,0,1,20.15,682.15,No,0,57,664.9499999999999,664.9499999999999,Don't know
1,92606,Male,1,1,0,45,1,1,Fiber optic,0,1,1,1,1,0,One year,1,1,6,98.7,4525.8,No,0,66,4441.5,4441.5,Don't know
1,92610,Female,0,0,1,11,0,0,DSL,0,0,0,0,0,0,Month-to-month,0,0,0,25.2,321.05,No,0,57,277.2,277.2,Don't know
1,92612,Male,0,0,0,6,1,0,DSL,1,1,0,0,0,0,Month-to-month,1,1,3,55.7,335.65,No,0,45,334.20000000000005,334.20000000000005,Don't know
1,92614,Male,0,0,0,21,1,0,DSL,1,0,1,0,1,0,Month-to-month,0,1,4,65.35,1424.4,No,0,45,1372.35,1372.35,Don't know
1,92618,Female,0,1,1,65,1,1,No,0,0,0,0,0,0,Two year,1,1,2,25.3,1748.55,No,0,51,1644.5,1644.5,Don't know
1,92626,Male,0,1,1,43,1,1,No,0,0,0,0,0,0,Two year,0,0,2,24.25,1077.95,No,0,51,1042.75,1042.75,Don't know
1,92646,Male,0,1,1,60,1,0,DSL,1,1,1,0,0,0,Two year,0,1,4,60.5,3694.45,No,0,43,3630.0,3630.0,Don't know
1,92647,Male,0,0,0,17,0,0,DSL,0,0,0,0,0,0,Month-to-month,0,1,0,25.1,382.8,No,0,33,426.70000000000005,426.70000000000005,Don't know
1,92649,Male,0,1,1,35,1,0,No,0,0,0,0,0,0,One year,0,1,1,20.05,746.75,No,0,49,701.75,701.75,Don't know
1,92653,Female,0,1,1,12,0,0,DSL,0,0,0,1,0,0,One year,0,1,1,30.25,368.85,No,0,64,363.0,363.0,Don't know
1,92655,Male,0,0,0,1,1,0,No,0,0,0,0,0,0,Month-to-month,0,0,1,20.2,20.2,No,0,42,20.2,20.2,Don't know
1,92656,Female,0,0,0,28,1,0,DSL,1,1,0,1,0,0,One year,1,0,4,59.9,1654.7,No,0,69,1677.2,1677.2,Don't know
1,92657,Male,0,1,0,70,1,1,No,0,0,0,0,0,0,Two year,0,1,2,25.15,1940.85,No,0,30,1760.5,1760.5,Don't know
1,92661,Male,0,0,0,18,1,0,Fiber optic,0,1,1,0,1,1,Month-to-month,0,1,5,101.3,1794.65,No,0,80,1823.3999999999999,1823.3999999999999,Don't know
1,92662,Male,0,1,0,70,1,1,DSL,1,0,0,1,1,1,Two year,1,1,6,76.95,5289.8,No,0,47,5386.5,5386.5,Don't know
1,92663,Female,0,1,1,9,1,1,DSL,0,1,0,0,0,0,Month-to-month,1,0,3,55.3,501.2,No,0,80,497.7,497.7,Don't know
1,92672,Female,1,0,0,67,1,0,Fiber optic,1,1,0,1,1,0,Two year,1,1,5,92.45,6140.85,No,0,80,6194.150000000001,6194.150000000001,Don't know
1,92673,Female,0,0,0,1,1,0,DSL,1,0,0,0,0,0,Month-to-month,1,1,2,48.45,48.45,No,0,27,48.45,48.45,Don't know
1,92675,Female,0,1,1,18,1,0,No,0,0,0,0,0,0,Two year,0,0,1,19.35,309.25,No,0,36,348.3,348.3,Don't know
1,92677,Male,1,1,1,71,1,0,Fiber optic,1,1,1,0,0,0,One year,1,1,4,86.7,6179.35,No,0,44,6155.7,6155.7,Don't know
1,92683,Male,0,1,0,1,1,0,DSL,1,0,1,0,0,0,Month-to-month,0,0,3,55.7,55.7,No,0,36,55.7,55.7,Don't know
1,92688,Female,0,0,0,55,1,1,Fiber optic,1,0,1,0,0,0,One year,1,1,4,84.25,4589.85,No,0,30,4633.75,4633.75,Don't know
1,92691,Male,0,0,0,59,1,0,DSL,0,0,1,1,1,0,Month-to-month,1,0,4,64.65,3735.45,No,0,38,3814.3500000000004,3814.3500000000004,Don't know
1,92694,Female,0,1,0,7,1,0,Fiber optic,0,0,0,0,0,0,Month-to-month,1,1,1,69.2,477.55,No,0,73,484.40000000000003,484.40000000000003,Don't know
1,92701,Male,0,1,1,45,1,0,DSL,1,0,0,1,0,0,Two year,0,1,3,54.65,2553.7,No,0,39,2459.25,2459.25,Don't know
1,92703,Female,0,1,1,54,1,1,No,0,0,0,0,0,0,One year,1,1,2,24.75,1342.15,No,0,70,1336.5,1336.5,Don't know
1,92704,Male,0,1,1,51,1,1,No,0,0,0,0,0,0,One year,1,0,2,23.95,1216.35,No,0,26,1221.45,1221.45,Don't know
1,92705,Female,1,1,0,72,1,1,Fiber optic,0,1,1,0,1,1,One year,0,1,6,105.0,7578.05,No,0,56,7560.0,7560.0,Don't know
1,92706,Male,0,1,0,44,1,0,DSL,1,1,0,1,0,0,One year,1,1,4,59.85,2603.95,No,0,35,2633.4,2633.4,Don't know
1,92707,Male,0,0,0,2,1,0,No,0,0,0,0,0,0,Month-to-month,0,0,1,20.05,42.7,No,0,58,40.1,40.1,Don't know
1,92708,Female,0,0,0,66,1,1,Fiber optic,0,0,1,0,1,0,One year,1,1,4,92.15,6056.9,No,0,77,6081.900000000001,6081.900000000001,Don't know
1,92780,Male,0,1,1,68,0,0,DSL,1,1,0,0,1,0,One year,0,0,3,44.8,2983.65,No,0,68,3046.3999999999996,3046.3999999999996,Don't know
1,92782,Female,0,0,0,31,1,0,No,0,0,0,0,0,0,Two year,0,1,1,20.9,689.35,No,0,46,647.9,647.9,Don't know
1,92801,Female,1,0,0,21,1,1,Fiber optic,0,0,0,0,1,1,Month-to-month,1,1,4,95.4,2025.1,No,0,47,2003.4,2003.4,Don't know
1,92802,Male,0,0,1,21,1,1,Fiber optic,1,0,0,0,0,0,Month-to-month,0,0,3,80.35,1747.2,No,0,62,1687.35,1687.35,Don't know
1,92804,Female,0,1,1,55,1,1,DSL,1,0,1,1,1,1,Two year,1,1,7,85.1,4657.95,No,0,67,4680.5,4680.5,Don't know
1,92806,Male,1,1,0,71,1,1,Fiber optic,1,1,1,1,1,1,Two year,1,1,8,115.05,8016.6,No,0,53,8168.55,8168.55,Don't know
1,92808,Male,0,1,1,22,1,0,No,0,0,0,0,0,0,One year,0,0,1,19.95,433.5,No,0,61,438.9,438.9,Don't know
1,92831,Female,0,1,0,67,1,1,DSL,0,1,1,1,1,1,Two year,0,1,7,86.15,5883.85,No,0,31,5772.05,5772.05,Don't know
1,92832,Female,1,0,0,14,1,0,Fiber optic,1,1,0,0,0,0,Month-to-month,0,0,3,78.85,1043.8,No,0,44,1103.8999999999999,1103.8999999999999,Don't know
1,92835,Male,1,1,0,21,1,0,Fiber optic,0,0,1,0,1,0,Month-to-month,0,1,3,86.55,1857.25,No,0,67,1817.55,1817.55,Don't know
1,92840,Male,0,0,0,4,0,0,DSL,1,1,0,1,0,0,Month-to-month,0,0,3,42.4,146.4,No,0,74,169.6,169.6,Don't know
1,92843,Male,0,1,0,70,1,1,No,0,0,0,0,0,0,Two year,0,1,2,24.25,1724.15,No,0,75,1697.5,1697.5,Don't know
1,92845,Male,1,0,0,21,1,0,No,0,0,0,0,0,0,One year,0,1,1,20.5,429.55,No,0,62,430.5,430.5,Don't know
1,92860,Male,0,0,0,20,1,0,No,0,0,0,0,0,0,Month-to-month,1,1,1,19.6,356.15,No,0,27,392.0,392.0,Don't know
1,92861,Male,0,1,1,22,1,0,No,0,0,0,0,0,0,One year,0,1,1,20.25,488.25,No,0,51,445.5,445.5,Don't know
1,92866,Female,0,0,0,63,1,0,No,0,0,0,0,0,0,Two year,1,0,1,20.6,1298.7,No,0,23,1297.8000000000002,1297.8000000000002,Don't know
1,92867,Female,0,1,1,70,1,0,No,0,0,0,0,0,0,Two year,0,1,1,19.8,1378.75,No,0,22,1386.0,1386.0,Don't know
1,92869,Female,0,0,0,5,1,0,Fiber optic,0,0,0,0,1,0,Month-to-month,0,0,2,80.2,384.25,No,0,46,401.0,401.0,Don't know
1,92870,Female,0,1,1,72,1,1,Fiber optic,1,1,1,1,1,1,Two year,1,1,8,116.4,8543.25,No,0,74,8380.800000000001,8380.800000000001,Don't know
1,92879,Female,0,0,0,13,0,0,DSL,0,1,0,0,0,0,Month-to-month,1,0,1,31.65,389.95,No,0,49,411.45,411.45,Don't know
1,92880,Male,0,1,0,61,1,0,Fiber optic,0,1,1,1,0,1,Month-to-month,0,1,5,94.15,5731.85,No,0,70,5743.150000000001,5743.150000000001,Don't know
1,92881,Male,0,0,0,1,1,0,No,0,0,0,0,0,0,Month-to-month,0,0,1,20.65,20.65,No,0,56,20.65,20.65,Don't know
1,92882,Female,1,1,0,56,1,1,Fiber optic,0,0,0,1,0,0,Month-to-month,1,1,3,76.85,4275.75,No,0,66,4303.599999999999,4303.599999999999,Don't know
1,92883,Female,0,0,0,4,1,0,No,0,0,0,0,0,0,Month-to-month,0,0,1,20.15,84.5,No,0,75,80.6,80.6,Don't know
1,92886,Male,0,0,0,35,1,1,DSL,1,0,0,0,0,0,Two year,0,0,3,55.25,1924.1,No,0,24,1933.75,1933.75,Don't know
1,93001,Male,0,1,0,72,1,1,DSL,0,1,1,0,1,1,Two year,0,1,6,82.15,5784.3,No,0,70,5914.8,5914.8,Don't know
1,93003,Female,1,0,0,49,1,1,Fiber optic,1,1,1,1,0,1,One year,0,1,7,103.0,5166.2,No,0,75,5047.0,5047.0,Don't know
1,93004,Female,0,1,0,44,1,1,Fiber optic,1,1,1,1,0,0,Month-to-month,1,1,6,95.1,4060.55,No,0,20,4184.4,4184.4,Don't know
1,93012,Female,0,1,1,37,1,1,Fiber optic,0,1,1,0,0,1,Month-to-month,1,0,5,95.15,3532.85,No,0,22,3520.55,3520.55,Don't know
1,93013,Male,0,1,0,61,1,1,DSL,0,1,1,0,1,1,One year,1,0,6,79.8,4914.8,No,0,24,4867.8,4867.8,Don't know
1,93015,Male,0,1,0,70,1,1,DSL,1,0,1,1,0,1,Two year,1,1,6,74.8,5315.8,No,0,60,5236.0,5236.0,Don't know
1,93022,Female,0,0,0,41,1,0,No,0,0,0,0,0,0,Month-to-month,0,0,1,20.45,775.6,No,0,80,838.4499999999999,838.4499999999999,Don't know
1,93023,Male,0,1,1,70,1,1,DSL,1,1,1,1,0,1,One year,0,1,7,78.35,5445.95,No,0,42,5484.5,5484.5,Don't know
1,93033,Male,0,0,0,51,1,0,No,0,0,0,0,0,0,One year,0,0,1,19.1,1007.8,No,0,78,974.1,974.1,Don't know
1,93035,Female,0,1,1,42,1,0,No,0,0,0,0,0,0,Two year,0,0,1,20.0,833.55,No,0,46,840.0,840.0,Don't know
1,93041,Male,0,0,0,48,1,0,No,0,0,0,0,0,0,One year,0,1,1,19.95,1004.5,No,0,44,957.5999999999999,957.5999999999999,Don't know
1,93063,Female,0,0,0,48,1,1,No,0,0,0,0,0,0,Two year,0,1,2,24.0,1183.05,No,0,66,1152.0,1152.0,Don't know
1,93101,Female,0,0,0,27,1,0,No,0,0,0,0,0,0,One year,0,0,1,19.15,501.35,No,0,38,517.05,517.05,Don't know
1,93103,Female,1,0,0,46,1,0,Fiber optic,0,1,1,0,1,0,One year,1,1,4,91.3,4126.35,No,0,43,4199.8,4199.8,Don't know
1,93109,Male,0,1,1,25,1,0,No,0,0,0,0,0,0,Month-to-month,1,0,1,19.15,477.6,No,0,57,478.74999999999994,478.74999999999994,Don't know
1,93111,Male,0,0,0,13,1,0,No,0,0,0,0,0,0,Two year,0,0,1,19.75,265.75,No,0,41,256.75,256.75,Don't know
1,93117,Male,0,1,0,31,1,0,DSL,1,1,1,1,0,1,One year,1,1,6,75.5,2424.45,No,0,61,2340.5,2340.5,Don't know
1,93201,Female,0,1,1,23,1,1,Fiber optic,0,0,0,0,1,0,Month-to-month,1,0,3,83.75,1849.95,No,0,78,1926.25,1926.25,Don't know
1,93202,Female,0,0,0,2,1,0,No,0,0,0,0,0,0,Month-to-month,0,0,1,19.4,61.05,No,0,63,38.8,38.8,Don't know
1,93203,Female,0,0,0,65,1,1,No,0,0,0,0,0,0,Two year,0,1,2,26.5,1698.55,No,0,46,1722.5,1722.5,Don't know
1,93205,Female,0,1,1,55,1,0,No,0,0,0,0,0,0,One year,0,1,1,19.15,998.1,No,0,29,1053.25,1053.25,Don't know
1,93208,Female,0,1,1,35,0,0,DSL,0,0,0,1,1,0,One year,0,0,2,40.9,1383.6,No,0,78,1431.5,1431.5,Don't know
1,93210,Male,0,0,0,6,1,0,DSL,1,0,1,1,1,1,Two year,1,0,6,80.25,493.4,No,0,26,481.5,481.5,Don't know
1,93215,Male,0,0,0,17,1,0,Fiber optic,0,0,0,0,0,0,Month-to-month,1,0,1,70.8,1207,No,0,56,1203.6,1203.6,Don't know
1,93218,Male,0,1,1,10,1,0,DSL,0,0,1,0,1,0,Month-to-month,0,0,3,60.2,563.5,No,0,52,602.0,602.0,Don't know
1,93219,Male,0,0,1,15,1,0,DSL,0,0,1,1,0,0,One year,0,1,3,55.2,864.55,No,0,73,828.0,828.0,Don't know
1,93222,Female,0,1,1,13,1,0,DSL,1,0,0,1,0,0,One year,0,1,3,54.15,701.05,No,0,43,703.9499999999999,703.9499999999999,Don't know
1,93225,Female,1,1,0,58,1,1,Fiber optic,0,0,0,1,1,1,Month-to-month,1,1,5,100.4,5749.8,No,0,64,5823.200000000001,5823.200000000001,Don't know
1,93226,Female,0,0,0,45,1,0,DSL,1,1,0,1,0,0,One year,1,1,4,62.55,2796.45,No,0,80,2814.75,2814.75,Don't know
1,93230,Female,0,1,1,72,1,1,DSL,1,1,1,1,0,0,Two year,1,1,6,70.45,5165.7,No,0,48,5072.400000000001,5072.400000000001,Don't know
1,93234,Male,0,1,1,68,1,1,Fiber optic,1,1,0,0,0,0,One year,1,1,4,85.5,5696.6,No,0,48,5814.0,5814.0,Don't know
1,93238,Female,0,1,1,38,1,0,DSL,1,1,0,0,0,0,Month-to-month,0,0,3,54.5,2076.05,No,0,23,2071.0,2071.0,Don't know
1,93239,Male,0,0,0,2,1,0,No,0,0,0,0,0,0,Month-to-month,0,0,1,20.75,44.2,No,0,79,41.5,41.5,Don't know
1,93240,Male,0,0,0,11,1,0,No,0,0,0,0,0,0,Month-to-month,0,0,1,20.35,215.25,No,0,46,223.85000000000002,223.85000000000002,Don't know
1,93241,Female,1,1,0,20,1,0,Fiber optic,0,0,0,0,1,1,One year,1,1,3,91.0,1859.5,No,0,57,1820.0,1820.0,Don't know
1,93242,Male,0,1,0,72,1,1,Fiber optic,0,1,1,0,1,1,Two year,1,1,6,104.8,7470.1,No,0,21,7545.599999999999,7545.599999999999,Don't know
1,93245,Male,0,0,0,40,1,0,DSL,0,0,0,1,0,0,Month-to-month,1,0,2,51.1,2092.9,No,0,67,2044.0,2044.0,Don't know
1,93247,Male,1,1,0,62,1,1,Fiber optic,0,1,0,0,0,1,Month-to-month,1,1,4,89.8,5629.55,No,0,67,5567.599999999999,5567.599999999999,Don't know
1,93249,Female,0,0,1,22,1,0,No,0,0,0,0,0,0,Month-to-month,1,0,1,20.55,469.85,No,0,44,452.1,452.1,Don't know
1,93250,Female,0,0,0,11,1,0,DSL,1,0,1,0,0,1,Month-to-month,0,1,4,64.05,733.95,No,0,24,704.55,704.55,Don't know
1,93251,Male,1,1,0,7,1,1,Fiber optic,0,0,0,0,0,0,Month-to-month,1,0,2,74.85,485.25,No,0,44,523.9499999999999,523.9499999999999,Don't know
1,93256,Male,0,1,0,3,0,0,DSL,0,0,0,0,0,0,Month-to-month,0,0,0,25.0,78.25,No,0,70,75.0,75.0,Don't know
1,93257,Male,0,0,0,58,1,0,No,0,0,0,0,0,0,Two year,0,1,1,20.3,1131.5,No,0,20,1177.4,1177.4,Don't know
1,93260,Male,0,0,1,6,1,1,No,0,0,0,0,0,0,Month-to-month,0,0,2,26.35,184.05,No,0,22,158.10000000000002,158.10000000000002,Don't know
1,93262,Female,0,1,0,22,1,0,DSL,0,1,1,0,0,0,Month-to-month,1,0,3,54.7,1178.75,No,0,53,1203.4,1203.4,Don't know
1,93265,Male,0,1,1,64,1,1,Fiber optic,0,0,1,0,0,1,One year,0,1,4,90.25,5629.15,No,0,53,5776.0,5776.0,Don't know
1,93267,Male,0,0,0,6,1,0,No,0,0,0,0,0,0,Month-to-month,0,0,1,20.65,109.3,No,0,79,123.89999999999999,123.89999999999999,Don't know
1,93270,Male,0,0,1,39,1,1,No,0,0,0,0,0,0,One year,0,1,2,25.45,958.45,No,0,53,992.55,992.55,Don't know
1,93271,Female,0,0,0,20,1,0,No,0,0,0,0,0,0,One year,0,0,1,19.5,403.15,No,0,59,390.0,390.0,Don't know
1,93276,Male,0,1,0,64,1,1,DSL,1,0,0,0,1,0,One year,1,1,4,66.15,4392.5,No,0,25,4233.6,4233.6,Don't know
1,93280,Female,0,1,0,46,1,0,DSL,0,1,0,0,1,1,Month-to-month,1,1,4,69.1,3168,No,0,53,3178.6,3178.6,Don't know
1,93283,Female,1,1,1,28,0,0,DSL,0,1,0,0,0,1,One year,1,0,2,39.1,1096.6,No,0,59,1094.8,1094.8,Don't know
1,93285,Female,0,1,0,33,1,0,No,0,0,0,0,0,0,Month-to-month,0,0,1,20.05,669.45,No,0,22,661.65,661.65,Don't know
1,93286,Male,0,1,1,39,1,0,DSL,1,1,1,0,0,0,One year,0,0,4,59.8,2343.85,No,0,58,2332.2,2332.2,Don't know
1,93291,Female,0,0,0,1,1,0,DSL,0,1,0,0,0,0,Month-to-month,1,0,2,48.6,48.6,No,0,24,48.6,48.6,Don't know
1,93301,Male,1,1,0,70,1,0,Fiber optic,1,1,1,0,1,1,Two year,0,1,6,105.35,7511.9,No,0,34,7374.5,7374.5,Don't know
1,93304,Male,0,0,0,65,1,1,No,0,0,0,0,0,0,Two year,1,1,2,25.1,1725,No,0,46,1631.5,1631.5,Don't know
1,93305,Male,0,0,0,1,1,0,DSL,1,0,0,0,0,0,Month-to-month,0,0,2,49.75,49.75,No,0,79,49.75,49.75,Don't know
1,93306,Male,0,1,0,18,1,1,Fiber optic,0,0,0,0,1,1,Month-to-month,1,0,4,94.75,1691.9,No,0,40,1705.5,1705.5,Don't know
1,93307,Male,0,1,0,24,1,1,Fiber optic,0,0,0,0,1,1,Month-to-month,1,0,4,93.0,2248.05,No,0,29,2232.0,2232.0,Don't know
1,93308,Male,0,0,0,63,1,1,DSL,1,0,1,1,0,1,Two year,1,1,6,71.9,4479.2,No,0,38,4529.700000000001,4529.700000000001,Don't know
1,93309,Female,0,0,1,44,1,1,DSL,0,1,0,0,1,1,One year,1,0,5,77.55,3471.1,No,0,43,3412.2,3412.2,Don't know
1,93311,Male,0,0,0,4,1,0,No,0,0,0,0,0,0,Month-to-month,1,0,1,19.85,63,No,0,71,79.4,79.4,Don't know
1,93313,Female,0,1,1,37,1,1,Fiber optic,0,0,0,0,1,1,Month-to-month,1,0,4,95.25,3314.15,No,0,29,3524.25,3524.25,Don't know
1,93402,Male,0,0,0,34,0,0,DSL,0,0,0,0,0,0,Month-to-month,1,1,0,25.05,852.7,No,0,29,851.7,851.7,Don't know
1,93405,Male,0,1,0,35,0,0,DSL,1,0,1,0,1,1,One year,0,1,4,53.15,1930.9,No,0,43,1860.25,1860.25,Don't know
1,93420,Female,0,1,0,4,1,0,No,0,0,0,0,0,0,Month-to-month,0,0,1,20.15,91.4,No,0,26,80.6,80.6,Don't know
1,93422,Female,1,1,0,39,1,1,Fiber optic,0,0,0,1,1,1,Month-to-month,1,0,5,101.25,3949.15,No,0,77,3948.75,3948.75,Don't know
1,93424,Male,1,1,0,43,1,0,Fiber optic,0,1,1,0,1,1,One year,1,1,5,100.55,4304,No,0,65,4323.65,4323.65,Don't know
1,93427,Female,0,1,0,61,1,1,No,0,0,0,0,0,0,Two year,0,1,2,25.3,1554.9,No,0,71,1543.3,1543.3,Don't know
1,93428,Female,0,1,0,49,1,1,DSL,1,1,1,0,0,1,One year,0,0,6,71.8,3472.05,No,0,79,3518.2,3518.2,Don't know
1,93429,Male,0,0,0,4,1,0,No,0,0,0,0,0,0,One year,0,0,1,19.7,117.8,No,0,43,78.8,78.8,Don't know
1,93430,Female,0,1,1,64,0,0,DSL,0,1,1,1,0,1,Two year,0,0,4,49.85,3210.35,No,0,56,3190.4,3190.4,Don't know
1,93432,Male,0,0,0,3,1,0,Fiber optic,0,0,0,0,0,0,Month-to-month,1,0,1,69.6,207.4,No,0,39,208.79999999999998,208.79999999999998,Don't know
1,93433,Male,0,1,1,1,1,0,No,0,0,0,0,0,0,Month-to-month,0,0,1,19.75,19.75,No,0,27,19.75,19.75,Don't know
1,93434,Male,0,1,0,40,1,0,Fiber optic,0,1,1,0,0,0,One year,0,0,3,80.8,3132.75,No,0,26,3232.0,3232.0,Don't know
1,93441,Female,1,1,0,34,1,0,DSL,0,0,1,1,1,0,One year,0,1,4,64.2,2106.3,No,0,34,2182.8,2182.8,Don't know
1,93442,Female,0,1,0,1,0,0,DSL,0,0,0,0,0,1,Month-to-month,0,0,1,35.0,35,No,0,54,35.0,35.0,Don't know
1,93446,Male,0,1,1,45,1,0,No,0,0,0,0,0,0,Two year,0,0,1,19.2,903.7,No,0,24,864.0,864.0,Don't know
1,93450,Male,0,0,0,43,1,0,Fiber optic,1,1,1,1,0,0,One year,1,1,5,90.65,3882.3,No,0,27,3897.9500000000003,3897.9500000000003,Don't know
1,93451,Male,0,1,1,41,1,0,No,0,0,0,0,0,0,Two year,1,0,1,20.0,879.8,No,0,60,820.0,820.0,Don't know
1,93452,Male,0,0,0,5,1,0,Fiber optic,0,1,0,0,0,0,Month-to-month,1,0,2,74.65,383.65,No,0,34,373.25,373.25,Don't know
1,93453,Male,0,0,0,72,0,0,DSL,1,0,1,1,1,1,Two year,1,1,5,61.2,4390.25,No,0,38,4406.400000000001,4406.400000000001,Don't know
1,93454,Male,0,0,0,4,1,0,No,0,0,0,0,0,0,One year,0,0,1,19.95,68.2,No,0,35,79.8,79.8,Don't know
1,93455,Male,0,1,1,9,1,0,DSL,0,1,0,1,0,0,Month-to-month,0,0,3,54.8,452.8,No,0,73,493.2,493.2,Don't know
1,93458,Male,1,1,0,72,1,1,DSL,0,0,1,0,1,1,Two year,1,1,5,73.45,5329,No,0,29,5288.400000000001,5288.400000000001,Don't know
1,93460,Female,0,1,0,33,1,0,DSL,0,0,0,1,0,0,One year,1,0,2,51.45,1758.9,No,0,59,1697.8500000000001,1697.8500000000001,Don't know
1,93461,Female,0,1,0,72,1,1,Fiber optic,1,0,0,0,0,0,Two year,0,1,3,80.45,5737.6,No,0,62,5792.400000000001,5792.400000000001,Don't know
1,93505,Male,0,0,0,15,1,0,Fiber optic,0,0,1,0,1,0,Month-to-month,0,0,3,85.3,1219.85,No,0,51,1279.5,1279.5,Don't know
1,93510,Male,1,1,0,29,1,1,Fiber optic,0,0,0,1,0,0,Month-to-month,1,0,3,79.3,2414.55,No,0,21,2299.7,2299.7,Don't know
1,93512,Female,0,1,1,15,1,0,DSL,0,1,1,1,1,1,Month-to-month,0,1,6,76.5,1155.6,No,0,76,1147.5,1147.5,Don't know
1,93514,Male,1,0,0,72,1,1,No,0,0,0,0,0,0,Two year,0,1,2,25.4,1809.35,No,0,51,1828.8,1828.8,Don't know
1,93516,Female,0,1,0,19,1,1,Fiber optic,0,0,0,0,1,0,Month-to-month,1,0,3,86.85,1564.4,No,0,64,1650.1499999999999,1650.1499999999999,Don't know
1,93517,Male,0,0,0,1,1,0,No,0,0,0,0,0,0,Month-to-month,0,0,1,19.65,19.65,No,0,31,19.65,19.65,Don't know
1,93522,Female,0,0,0,2,1,0,DSL,0,0,0,0,0,0,Month-to-month,0,0,1,45.55,84.4,No,0,70,91.1,91.1,Don't know
1,93523,Female,1,1,1,11,1,1,Fiber optic,0,0,1,0,0,0,Month-to-month,1,1,3,78.1,864.85,No,0,50,859.0999999999999,859.0999999999999,Don't know
1,93526,Female,0,0,0,12,1,0,No,0,0,0,0,0,0,One year,0,0,1,19.3,228.75,No,0,77,231.60000000000002,231.60000000000002,Don't know
1,93527,Female,0,1,0,70,1,1,Fiber optic,0,1,1,1,1,1,Two year,1,0,7,110.5,7752.05,No,0,64,7735.0,7735.0,Don't know
1,93529,Female,0,0,0,23,1,0,No,0,0,0,0,0,0,Month-to-month,1,1,1,20.3,470.6,No,0,43,466.90000000000003,466.90000000000003,Don't know
1,93530,Male,1,0,0,49,1,1,DSL,1,1,1,1,0,1,Two year,0,1,7,81.35,4060.9,No,0,69,3986.1499999999996,3986.1499999999996,Don't know
1,93534,Male,0,0,1,2,1,0,DSL,0,0,0,0,0,1,Month-to-month,1,0,2,55.3,108.65,No,0,67,110.6,110.6,Don't know
1,93535,Male,1,1,0,69,0,0,DSL,1,1,0,0,1,1,Two year,0,1,4,56.55,3952.65,No,0,28,3901.95,3901.95,Don't know
1,93541,Female,0,1,1,24,1,0,No,0,0,0,0,0,0,Two year,1,0,1,19.7,494.05,No,0,31,472.79999999999995,472.79999999999995,Don't know
1,93543,Female,0,0,0,32,1,1,Fiber optic,0,1,1,0,1,1,One year,1,1,6,104.05,3416.85,No,0,60,3329.6,3329.6,Don't know
1,93544,Female,0,0,0,27,1,0,DSL,1,1,0,0,0,0,Two year,0,1,3,52.85,1498.65,No,0,23,1426.95,1426.95,Don't know
1,93546,Male,0,0,0,58,1,1,Fiber optic,0,0,0,1,0,0,Month-to-month,0,1,3,80.65,4807.35,No,0,33,4677.700000000001,4677.700000000001,Don't know
1,93550,Female,0,1,1,18,1,1,No,0,0,0,0,0,0,Two year,1,1,2,24.65,471.35,No,0,78,443.7,443.7,Don't know
1,93551,Female,0,1,1,47,1,0,No,0,0,0,0,0,0,Two year,1,1,1,21.3,1041.8,No,0,30,1001.1,1001.1,Don't know
1,93552,Female,0,1,1,70,1,1,Fiber optic,0,1,1,1,1,1,Two year,1,0,7,110.2,7689.8,No,0,53,7714.0,7714.0,Don't know
1,93554,Female,0,1,1,36,1,0,DSL,1,0,0,0,0,0,Month-to-month,0,1,2,51.05,1815,No,0,56,1837.8,1837.8,Don't know
1,93555,Male,0,0,0,67,1,0,No,0,0,0,0,0,0,Two year,1,0,1,19.8,1311.3,No,0,75,1326.6000000000001,1326.6000000000001,Don't know
1,93560,Female,0,0,0,10,1,0,No,0,0,0,0,0,0,Month-to-month,1,0,1,19.9,199.45,No,0,65,199.0,199.0,Don't know
1,93561,Male,1,0,0,19,1,0,Fiber optic,1,0,0,0,0,1,Month-to-month,1,0,3,87.3,1637.3,No,0,70,1658.7,1658.7,Don't know
1,93562,Female,0,1,1,71,1,0,No,0,0,0,0,0,0,Two year,0,1,1,19.85,1326.35,No,0,54,1409.3500000000001,1409.3500000000001,Don't know
1,93563,Male,0,1,1,72,1,1,DSL,1,1,1,1,1,1,Two year,1,0,8,89.4,6376.55,No,0,52,6436.8,6436.8,Don't know
1,93591,Female,0,1,1,48,1,0,No,0,0,0,0,0,0,Two year,0,0,1,20.0,935.9,No,0,50,960.0,960.0,Don't know
1,93601,Male,0,0,0,1,1,0,No,0,0,0,0,0,0,Month-to-month,0,0,1,20.05,20.05,No,0,79,20.05,20.05,Don't know
1,93602,Male,0,1,1,18,1,0,DSL,1,0,1,1,1,1,Month-to-month,0,0,6,83.25,1611.15,No,0,43,1498.5,1498.5,Don't know
1,93604,Male,1,1,0,67,1,1,Fiber optic,0,1,0,1,1,1,Two year,0,1,6,102.9,6989.7,No,0,52,6894.3,6894.3,Don't know
1,93605,Male,0,1,1,69,0,0,DSL,1,0,1,1,0,0,Two year,0,0,3,39.1,2779.5,No,0,53,2697.9,2697.9,Don't know
1,93608,Male,1,1,0,72,1,1,Fiber optic,1,1,1,1,1,1,Two year,1,0,8,114.5,8331.95,No,0,47,8244.0,8244.0,Don't know
1,93609,Female,1,0,0,38,1,0,No,0,0,0,0,0,0,Two year,0,0,1,20.2,735.9,No,0,71,767.6,767.6,Don't know
1,93610,Male,1,1,0,40,1,0,DSL,0,0,0,0,0,1,One year,0,0,2,55.8,2283.3,No,0,78,2232.0,2232.0,Don't know
1,93611,Female,0,1,1,61,1,1,No,0,0,0,0,0,0,Two year,1,0,2,24.2,1445.2,No,0,51,1476.2,1476.2,Don't know
1,93614,Male,0,1,0,32,1,1,DSL,1,0,0,1,1,0,One year,1,1,5,72.8,2333.05,No,0,78,2329.6,2329.6,Don't know
1,93615,Female,0,0,0,21,1,1,Fiber optic,0,1,0,0,1,1,Month-to-month,1,1,5,99.85,1992.55,No,0,74,2096.85,2096.85,Don't know
1,93616,Female,1,0,0,59,1,1,Fiber optic,0,0,1,0,1,1,One year,1,0,5,99.5,5890,No,0,50,5870.5,5870.5,Don't know
1,93620,Female,0,0,0,47,1,0,No,0,0,0,0,0,0,Two year,0,1,1,20.25,1029.8,No,0,64,951.75,951.75,Don't know
1,93621,Male,0,1,1,69,1,1,No,0,0,0,0,0,0,Two year,1,1,2,26.0,1796.55,No,0,22,1794.0,1794.0,Don't know
1,93622,Male,0,0,0,2,1,0,No,0,0,0,0,0,0,Month-to-month,1,1,1,19.9,33.7,No,0,58,39.8,39.8,Don't know
1,93623,Female,0,1,1,22,1,0,No,0,0,0,0,0,0,Month-to-month,0,1,1,19.05,454.05,No,0,30,419.1,419.1,Don't know
1,93624,Male,1,1,0,15,1,1,Fiber optic,1,0,1,0,1,0,Month-to-month,1,0,5,96.5,1392.25,No,0,61,1447.5,1447.5,Don't know
1,93625,Female,0,0,0,53,1,0,No,0,0,0,0,0,0,Two year,0,1,1,19.85,1049.6,No,0,36,1052.0500000000002,1052.0500000000002,Don't know
1,93626,Female,1,1,0,28,1,1,No,0,0,0,0,0,0,Month-to-month,0,0,2,25.7,734.6,No,0,80,719.6,719.6,Don't know
1,93627,Male,0,0,0,22,1,0,No,0,0,0,0,0,0,One year,0,0,1,20.3,475.1,No,0,50,446.6,446.6,Don't know
1,93630,Male,1,1,0,16,1,0,Fiber optic,0,0,1,1,0,1,Month-to-month,1,0,4,91.55,1540.05,No,0,46,1464.8,1464.8,Don't know
1,93631,Female,0,1,1,48,0,0,DSL,1,1,0,1,0,0,Two year,0,0,3,39.4,1978.65,No,0,26,1891.1999999999998,1891.1999999999998,Don't know
1,93634,Male,1,1,0,30,1,1,Fiber optic,1,1,1,1,1,0,Month-to-month,1,1,7,105.7,3181.8,No,0,54,3171.0,3171.0,Don't know
1,93635,Female,0,0,0,3,1,0,Fiber optic,0,0,0,0,0,0,Month-to-month,1,0,1,70.25,229.7,No,0,46,210.75,210.75,Don't know
1,93637,Male,1,0,0,57,1,1,Fiber optic,1,0,0,1,0,1,Two year,0,0,5,93.75,5625.55,No,0,75,5343.75,5343.75,Don't know
1,93640,Female,0,1,0,23,1,0,DSL,0,0,0,1,1,0,One year,0,1,3,60.0,1347.15,No,0,54,1380.0,1380.0,Don't know
1,93641,Female,0,1,0,65,1,0,DSL,0,0,0,1,1,0,Two year,1,1,3,59.8,3808.2,No,0,37,3887.0,3887.0,Don't know
1,93643,Male,0,1,0,44,1,0,Fiber optic,0,0,0,0,1,1,One year,1,1,3,90.65,3974.15,No,0,26,3988.6000000000004,3988.6000000000004,Don't know
1,93644,Female,0,1,1,71,1,1,Fiber optic,1,1,1,0,1,1,Two year,1,1,7,109.0,7661.8,No,0,35,7739.0,7739.0,Don't know
1,93645,Female,0,1,0,37,1,1,DSL,1,0,1,1,0,0,One year,0,1,5,68.1,2479.25,No,0,60,2519.7,2519.7,Don't know
1,93646,Female,0,0,0,12,1,0,No,0,0,0,0,0,0,Month-to-month,0,0,1,20.4,266.6,No,0,60,244.79999999999998,244.79999999999998,Don't know
1,93647,Male,0,1,1,69,1,1,DSL,0,1,1,1,1,1,Two year,1,1,7,81.95,5601.4,No,0,59,5654.55,5654.55,Don't know
1,93648,Female,0,0,0,35,1,0,DSL,1,1,1,0,0,0,Month-to-month,0,0,4,60.55,1982.6,No,0,34,2119.25,2119.25,Don't know
1,93650,Male,0,0,0,5,1,0,DSL,0,1,0,1,0,1,Month-to-month,1,1,4,65.6,339.9,No,0,65,328.0,328.0,Don't know
1,93651,Male,0,1,1,58,1,1,Fiber optic,0,0,0,0,1,0,Two year,0,1,3,82.5,4828.05,No,0,25,4785.0,4785.0,Don't know
1,93652,Male,0,1,0,72,1,1,DSL,1,1,1,1,0,1,Two year,1,1,7,82.3,5980.55,No,0,76,5925.599999999999,5925.599999999999,Don't know
1,93653,Male,0,1,0,72,1,1,DSL,1,1,1,1,0,0,Two year,0,0,6,68.15,4808.7,No,0,34,4906.8,4906.8,Don't know
1,93654,Female,0,0,0,1,1,0,No,0,0,0,0,0,0,Month-to-month,0,1,1,20.3,20.3,No,0,31,20.3,20.3,Don't know
1,93657,Male,0,1,1,53,1,0,No,0,0,0,0,0,0,One year,0,1,1,20.2,1068.15,No,0,22,1070.6,1070.6,Don't know
1,93660,Female,0,0,0,27,1,0,Fiber optic,0,0,1,1,0,1,Month-to-month,1,0,4,89.2,2383.6,No,0,54,2408.4,2408.4,Don't know
1,93665,Female,0,1,0,18,1,0,Fiber optic,1,0,0,0,0,0,Month-to-month,0,0,2,74.8,1438.05,No,0,39,1346.3999999999999,1346.3999999999999,Don't know
1,93666,Male,0,1,1,46,1,0,No,0,0,0,0,0,0,Two year,1,0,1,20.2,917.45,No,0,35,929.1999999999999,929.1999999999999,Don't know
1,93667,Female,0,1,0,72,1,1,DSL,1,0,1,1,1,1,Two year,1,1,7,84.4,6096.45,No,0,44,6076.8,6076.8,Don't know
1,93669,Female,0,1,0,4,0,0,DSL,0,0,0,0,0,0,Month-to-month,1,0,0,25.15,99.95,No,0,31,100.6,100.6,Don't know
1,93673,Female,0,0,0,25,1,0,No,0,0,0,0,0,0,Two year,0,1,1,19.8,475.2,No,0,20,495.0,495.0,Don't know
1,93675,Female,0,1,1,40,0,0,DSL,0,1,0,0,1,1,Month-to-month,1,0,3,50.85,2036.55,No,0,35,2034.0,2034.0,Don't know
1,93701,Male,0,1,0,63,1,1,Fiber optic,0,1,1,0,1,1,Month-to-month,1,0,6,102.4,6444.05,No,0,43,6451.200000000001,6451.200000000001,Don't know
1,93703,Male,0,0,0,14,1,1,DSL,0,1,0,0,0,0,Month-to-month,1,1,3,55.5,767.55,No,0,68,777.0,777.0,Don't know
1,93704,Male,1,1,0,72,1,1,Fiber optic,0,1,1,1,1,1,Two year,1,1,7,109.75,7932.5,No,0,53,7902.0,7902.0,Don't know
1,93705,Male,0,0,0,39,1,1,Fiber optic,1,1,0,0,1,1,Month-to-month,1,0,6,106.4,4040.65,No,0,66,4149.6,4149.6,Don't know
1,93706,Female,0,1,1,47,0,0,DSL,1,1,1,0,1,1,Two year,1,1,5,60.0,2768.65,No,0,48,2820.0,2820.0,Don't know
1,93710,Male,0,1,0,19,1,1,Fiber optic,1,1,0,1,0,0,Month-to-month,1,1,5,88.8,1672.35,No,0,63,1687.2,1687.2,Don't know
1,93721,Female,0,0,0,17,1,1,Fiber optic,0,0,1,0,0,0,Month-to-month,0,1,3,80.05,1345.65,No,0,27,1360.85,1360.85,Don't know
1,93722,Male,1,1,0,34,1,1,Fiber optic,0,0,0,0,0,0,Month-to-month,1,0,2,75.55,2425.4,No,0,22,2568.7,2568.7,Don't know
1,93725,Female,0,0,0,42,1,0,DSL,0,1,0,0,0,0,Month-to-month,1,0,2,49.55,2077.95,No,0,43,2081.1,2081.1,Don't know
1,93727,Female,0,1,1,71,1,1,No,0,0,0,0,0,0,Two year,0,1,2,23.9,1663.5,No,0,59,1696.8999999999999,1696.8999999999999,Don't know
1,93728,Male,1,1,0,19,1,0,DSL,1,0,1,0,1,0,Month-to-month,0,1,4,66.4,1286.05,No,0,22,1261.6000000000001,1261.6000000000001,Don't know
1,93905,Male,0,0,0,57,1,0,No,0,0,0,0,0,0,Two year,0,1,1,18.8,1094.35,No,0,58,1071.6000000000001,1071.6000000000001,Don't know
1,93906,Male,0,1,0,72,1,1,Fiber optic,0,1,1,1,1,1,Two year,1,0,7,108.4,7719.5,No,0,33,7804.8,7804.8,Don't know
1,93907,Female,0,0,0,6,1,0,Fiber optic,0,1,0,0,0,1,Month-to-month,1,0,3,85.95,514.6,No,0,80,515.7,515.7,Don't know
1,93920,Male,0,1,0,61,1,1,DSL,0,1,1,0,1,1,Two year,0,1,6,80.9,4932.5,No,0,64,4934.900000000001,4934.900000000001,Don't know
1,93923,Male,0,1,1,48,1,1,Fiber optic,1,1,1,1,1,1,Two year,0,1,8,111.8,5443.65,No,0,57,5366.4,5366.4,Don't know
1,93924,Male,0,0,0,16,1,0,No,0,0,0,0,0,0,Month-to-month,1,1,1,20.6,330.25,No,0,64,329.6,329.6,Don't know
1,93926,Female,0,0,0,3,1,0,DSL,0,0,0,0,0,0,Month-to-month,0,0,1,44.6,122.7,No,0,74,133.8,133.8,Don't know
1,93928,Male,0,0,0,65,1,1,Fiber optic,0,1,1,0,1,1,Two year,0,1,6,105.1,6631.85,No,0,28,6831.5,6831.5,Don't know
1,93930,Female,0,1,1,70,1,1,Fiber optic,1,1,1,1,1,1,Two year,1,1,8,115.15,8250,No,0,80,8060.5,8060.5,Don't know
1,93932,Male,0,1,0,60,1,0,DSL,1,0,0,0,1,0,One year,1,0,3,59.8,3561.15,No,0,63,3588.0,3588.0,Don't know
1,93933,Female,0,1,0,69,1,1,No,0,0,0,0,0,0,One year,1,0,2,26.3,1763.55,No,0,25,1814.7,1814.7,Don't know
1,93940,Female,1,0,0,35,1,0,Fiber optic,0,0,0,0,0,0,Month-to-month,0,0,1,70.55,2419,No,0,45,2469.25,2469.25,Don't know
1,93950,Female,0,0,0,22,1,0,No,0,0,0,0,0,0,Month-to-month,1,0,1,20.05,470.2,No,0,44,441.1,441.1,Don't know
1,93953,Male,0,1,1,66,1,1,DSL,0,1,1,0,1,1,Two year,0,1,6,79.85,5234.95,No,0,56,5270.099999999999,5270.099999999999,Don't know
1,93960,Male,0,1,1,34,1,1,Fiber optic,0,0,1,0,0,1,Month-to-month,1,1,4,90.05,3097,No,0,59,3061.7,3061.7,Don't know
1,93962,Female,0,1,1,72,1,1,No,0,0,0,0,0,0,Two year,0,1,2,24.45,1709.1,No,0,64,1760.3999999999999,1760.3999999999999,Don't know
1,94002,Male,0,1,1,31,0,0,DSL,1,0,1,1,1,1,One year,0,0,5,59.95,1848.8,No,0,37,1858.45,1858.45,Don't know
1,94005,Male,0,0,1,30,1,1,No,0,0,0,0,0,0,One year,0,1,2,25.35,723.3,No,0,47,760.5,760.5,Don't know
1,94015,Male,1,1,0,19,0,0,DSL,0,1,1,0,0,0,Month-to-month,1,1,2,34.3,577.15,No,0,20,651.6999999999999,651.6999999999999,Don't know
1,94019,Female,0,1,0,65,1,1,Fiber optic,1,0,1,0,1,1,Month-to-month,1,0,6,105.05,6914.95,No,0,53,6828.25,6828.25,Don't know
1,94020,Female,0,1,1,30,1,0,No,0,0,0,0,0,0,Two year,0,0,1,19.3,602.9,No,0,30,579.0,579.0,Don't know
1,94021,Male,0,0,0,6,1,0,No,0,0,0,0,0,0,One year,0,0,1,19.15,124.4,No,0,41,114.89999999999999,114.89999999999999,Don't know
1,94022,Female,0,0,0,2,0,0,DSL,0,1,0,0,1,1,Month-to-month,0,0,3,51.4,96.8,No,0,58,102.8,102.8,Don't know
1,94024,Male,0,1,1,53,1,1,DSL,1,0,0,1,0,1,Month-to-month,0,0,5,71.85,3827.9,No,0,52,3808.0499999999997,3808.0499999999997,Don't know
1,94025,Male,1,1,0,7,1,1,Fiber optic,0,0,0,0,0,0,Month-to-month,1,0,2,75.4,533.05,No,0,41,527.8000000000001,527.8000000000001,Don't know
1,94027,Female,0,1,1,61,1,0,DSL,1,0,0,0,0,0,One year,1,1,2,49.7,2961.4,No,0,46,3031.7000000000003,3031.7000000000003,Don't know
1,94030,Female,0,0,0,13,1,1,DSL,1,0,1,0,1,1,Month-to-month,1,0,6,78.75,995.35,No,0,79,1023.75,1023.75,Don't know
1,94037,Male,1,1,0,35,1,1,Fiber optic,0,0,1,0,0,0,One year,1,1,3,81.6,2815.25,No,0,60,2856.0,2856.0,Don't know
1,94038,Female,0,1,0,2,1,0,Fiber optic,0,0,0,0,0,0,Month-to-month,1,1,1,70.4,154.8,No,0,39,140.8,140.8,Don't know
1,94041,Female,0,0,0,3,1,1,Fiber optic,0,0,0,0,0,0,Month-to-month,0,0,2,76.1,257.6,No,0,25,228.29999999999998,228.29999999999998,Don't know
1,94043,Female,0,0,0,62,1,1,Fiber optic,0,0,0,0,1,1,One year,1,1,4,94.0,5757.2,No,0,25,5828.0,5828.0,Don't know
1,94044,Male,0,1,1,72,1,1,Fiber optic,1,1,1,1,0,1,Two year,0,1,7,103.95,7517.7,No,0,26,7484.400000000001,7484.400000000001,Don't know
1,94060,Male,0,1,0,63,1,0,No,0,0,0,0,0,0,Two year,1,1,1,19.95,1234.8,No,0,74,1256.85,1256.85,Don't know
1,94062,Female,1,0,0,35,1,1,Fiber optic,1,1,1,1,1,1,One year,1,1,8,110.8,3836.3,No,0,35,3878.0,3878.0,Don't know
1,94065,Male,0,1,0,62,1,1,Fiber optic,1,1,0,0,0,1,One year,0,0,5,96.1,6001.45,No,0,61,5958.2,5958.2,Don't know
1,94066,Female,0,0,0,15,1,1,DSL,0,0,0,0,0,0,Month-to-month,1,0,2,48.8,720.1,No,0,57,732.0,732.0,Don't know
1,94070,Female,0,0,0,55,1,0,DSL,1,0,0,0,0,0,Month-to-month,1,1,2,50.55,2832.75,No,0,44,2780.25,2780.25,Don't know
1,94074,Female,0,0,0,11,1,0,DSL,0,0,0,0,0,0,Month-to-month,1,0,1,44.65,472.25,No,0,64,491.15,491.15,Don't know
1,94086,Female,0,0,0,61,1,0,No,0,0,0,0,0,0,One year,0,1,1,19.45,1336.35,No,0,26,1186.45,1186.45,Don't know
1,94087,Female,0,1,0,71,1,1,DSL,1,1,1,1,1,1,Two year,0,1,8,89.3,6388.65,No,0,30,6340.3,6340.3,Don't know
1,94102,Male,0,0,0,35,1,0,No,0,0,0,0,0,0,Two year,0,0,1,19.25,677.9,No,0,77,673.75,673.75,Don't know
1,94103,Female,0,0,0,17,1,0,Fiber optic,0,0,0,0,0,0,Month-to-month,0,1,1,70.5,1165.6,No,0,53,1198.5,1198.5,Don't know
1,94105,Female,0,1,0,47,1,0,No,0,0,0,0,0,0,Two year,0,1,1,19.65,921.55,No,0,28,923.55,923.55,Don't know
1,94107,Female,0,1,0,3,1,0,No,0,0,0,0,0,0,Month-to-month,0,0,1,20.85,72,No,0,56,62.550000000000004,62.550000000000004,Don't know
1,94108,Male,0,0,0,3,1,0,No,0,0,0,0,0,0,Month-to-month,1,0,1,19.65,68.35,No,0,55,58.949999999999996,58.949999999999996,Don't know
1,94109,Male,1,1,0,44,1,0,No,0,0,0,0,0,0,Two year,1,1,1,19.35,847.25,No,0,42,851.4000000000001,851.4000000000001,Don't know
1,94110,Female,0,0,0,1,1,0,DSL,0,0,0,0,0,0,Month-to-month,1,0,1,44.0,44,No,0,75,44.0,44.0,Don't know
1,94111,Female,0,1,1,44,1,1,Fiber optic,0,1,1,0,0,1,One year,0,0,5,94.4,4295.35,No,0,73,4153.6,4153.6,Don't know
1,94116,Female,0,0,0,18,1,0,Fiber optic,1,0,0,0,0,0,Month-to-month,1,0,2,75.4,1380.4,No,0,53,1357.2,1357.2,Don't know
1,94118,Female,0,1,0,65,1,0,DSL,1,1,1,0,0,1,Two year,0,1,5,71.0,4386.2,No,0,32,4615.0,4615.0,Don't know
1,94123,Male,0,0,0,3,1,0,No,0,0,0,0,0,0,One year,0,0,1,21.2,52.05,No,0,29,63.599999999999994,63.599999999999994,Don't know
1,94124,Male,0,1,0,33,1,0,DSL,1,1,0,1,0,0,Two year,1,0,4,61.05,2018.4,No,0,21,2014.6499999999999,2014.6499999999999,Don't know
1,94129,Female,0,0,0,34,1,0,DSL,1,0,1,1,1,1,One year,1,1,6,79.95,2727.3,No,0,26,2718.3,2718.3,Don't know
1,94130,Female,0,1,1,14,1,0,No,0,0,0,0,0,0,Two year,1,0,1,19.7,263.65,No,0,68,275.8,275.8,Don't know
1,94131,Female,0,0,0,13,1,0,No,0,0,0,0,0,0,Month-to-month,1,0,1,20.3,275.4,No,0,45,263.90000000000003,263.90000000000003,Don't know
1,94133,Male,0,1,1,23,1,1,No,0,0,0,0,0,0,One year,0,0,2,24.35,538.5,No,0,30,560.0500000000001,560.0500000000001,Don't know
1,94134,Female,0,1,1,47,1,0,No,0,0,0,0,0,0,Two year,0,0,1,19.75,948.9,No,0,34,928.25,928.25,Don't know
1,94301,Male,0,0,1,17,1,0,DSL,1,0,0,0,0,0,Month-to-month,1,0,2,50.3,846.8,No,0,33,855.0999999999999,855.0999999999999,Don't know
1,94304,Male,1,1,0,59,0,0,DSL,0,1,0,0,1,1,Month-to-month,1,0,3,50.25,2997.45,No,0,27,2964.75,2964.75,Don't know
1,94305,Female,0,0,0,69,1,1,DSL,1,0,1,1,1,1,Two year,1,1,7,85.35,5897.4,No,0,37,5889.15,5889.15,Don't know
1,94401,Male,0,0,0,10,1,0,DSL,1,0,0,0,0,0,Month-to-month,1,0,2,51.65,524.5,No,0,45,516.5,516.5,Don't know
1,94402,Male,0,1,1,12,1,1,No,0,0,0,0,0,0,Two year,1,1,2,24.0,269.65,No,0,69,288.0,288.0,Don't know
1,94404,Female,0,1,1,39,1,0,DSL,0,0,1,0,1,0,Month-to-month,1,0,3,59.85,2341.5,No,0,47,2334.15,2334.15,Don't know
1,94501,Male,1,1,0,71,1,1,No,0,0,0,0,0,0,Two year,0,1,2,25.45,1789.65,No,0,26,1806.95,1806.95,Don't know
1,94502,Male,0,1,1,71,1,1,No,0,0,0,0,0,0,Two year,0,1,2,23.9,1626.4,No,0,71,1696.8999999999999,1696.8999999999999,Don't know
1,94506,Female,0,1,1,33,1,1,No,0,0,0,0,0,0,One year,0,1,2,24.15,800.3,No,0,73,796.9499999999999,796.9499999999999,Don't know
1,94507,Male,1,0,0,67,1,1,Fiber optic,0,0,0,0,0,0,Month-to-month,1,0,2,75.7,5060.85,No,0,30,5071.900000000001,5071.900000000001,Don't know
1,94510,Female,0,1,0,9,1,0,DSL,0,1,0,0,0,0,Month-to-month,0,0,2,50.85,466.6,No,0,26,457.65000000000003,457.65000000000003,Don't know
1,94511,Male,0,1,0,52,1,1,Fiber optic,1,0,1,1,0,0,Two year,1,1,5,91.6,4627.8,No,0,62,4763.2,4763.2,Don't know
1,94512,Female,0,0,0,70,1,1,Fiber optic,0,1,0,0,1,1,One year,0,0,5,98.9,6838.6,No,0,20,6923.0,6923.0,Don't know
1,94513,Male,0,0,0,1,1,0,Fiber optic,0,1,0,0,0,1,Month-to-month,1,0,3,85.0,85,No,0,46,85.0,85.0,Don't know
1,94515,Male,0,0,0,1,1,0,DSL,0,0,0,0,0,0,Month-to-month,1,0,1,44.3,44.3,No,0,57,44.3,44.3,Don't know
1,94518,Female,0,0,0,52,1,1,Fiber optic,0,1,0,0,0,0,One year,1,0,3,80.2,4297.6,No,0,51,4170.400000000001,4170.400000000001,Don't know
1,94519,Male,0,0,0,6,1,0,DSL,0,0,1,0,1,0,Month-to-month,0,0,3,60.9,414.1,No,0,80,365.4,365.4,Don't know
1,94520,Male,0,1,0,7,0,0,DSL,1,1,0,0,0,0,Month-to-month,0,0,2,34.2,256.6,No,0,32,239.40000000000003,239.40000000000003,Don't know
1,94523,Female,0,0,0,26,1,0,Fiber optic,1,0,1,1,0,0,One year,1,1,4,87.15,2274.1,No,0,77,2265.9,2265.9,Don't know
1,94525,Male,0,1,1,25,1,0,DSL,1,0,0,1,0,0,Month-to-month,0,0,3,54.3,1296.8,No,0,63,1357.5,1357.5,Don't know
1,94526,Male,0,0,0,69,1,0,No,0,0,0,0,0,0,Two year,1,0,1,19.1,1268.85,No,0,31,1317.9,1317.9,Don't know
1,94530,Female,0,0,0,72,1,1,Fiber optic,1,1,1,1,1,1,Two year,1,1,8,112.75,8192.6,No,0,60,8118.0,8118.0,Don't know
1,94533,Male,0,0,0,4,1,0,No,0,0,0,0,0,0,Month-to-month,1,0,1,19.95,59.25,No,0,64,79.8,79.8,Don't know
1,94535,Male,0,1,1,59,1,0,No,0,0,0,0,0,0,Two year,0,0,1,19.5,1147.85,No,0,50,1150.5,1150.5,Don't know
1,94536,Male,0,0,0,67,1,0,DSL,1,0,1,0,0,1,Two year,0,1,4,65.55,4361.55,No,0,54,4391.849999999999,4391.849999999999,Don't know
1,94538,Female,1,0,0,26,1,0,Fiber optic,0,0,0,0,0,1,Month-to-month,1,0,2,78.8,2006.1,No,0,37,2048.7999999999997,2048.7999999999997,Don't know
1,94539,Female,0,0,0,27,1,0,DSL,0,1,1,1,1,1,One year,0,0,6,78.2,2078.95,No,0,54,2111.4,2111.4,Don't know
1,94541,Male,0,1,1,72,1,1,Fiber optic,1,0,1,0,1,1,Two year,0,1,6,105.25,7609.75,No,0,78,7578.0,7578.0,Don't know
1,94542,Female,0,0,0,6,1,0,Fiber optic,0,0,1,1,0,1,Month-to-month,1,0,4,89.25,487.05,No,0,76,535.5,535.5,Don't know
1,94544,Male,0,1,1,62,1,0,No,0,0,0,0,0,0,Two year,0,1,1,20.65,1218.45,No,0,40,1280.3,1280.3,Don't know
1,94545,Male,0,0,0,20,1,1,DSL,0,1,0,1,1,0,One year,1,0,5,68.7,1416.2,No,0,73,1374.0,1374.0,Don't know
1,94546,Male,0,0,0,6,1,0,DSL,1,0,1,1,1,1,Month-to-month,0,1,6,78.65,483.3,No,0,68,471.90000000000003,471.90000000000003,Don't know
1,94547,Male,0,0,0,51,1,1,No,0,0,0,0,0,0,Two year,0,0,2,24.75,1234.6,No,0,46,1262.25,1262.25,Don't know
1,94549,Female,0,1,1,61,1,0,No,0,0,0,0,0,0,Two year,0,1,1,19.75,1311.6,No,0,22,1204.75,1204.75,Don't know
1,94550,Male,1,1,0,62,1,1,Fiber optic,1,1,1,0,0,0,Month-to-month,1,0,5,89.1,5618.3,No,0,25,5524.2,5524.2,Don't know
1,94552,Female,0,0,0,72,1,1,Fiber optic,1,0,0,1,0,0,Two year,1,1,4,84.7,6185.15,No,0,78,6098.400000000001,6098.400000000001,Don't know
1,94559,Male,1,0,0,13,1,0,DSL,0,1,0,0,1,0,Month-to-month,1,0,3,59.9,788.35,No,0,58,778.6999999999999,778.6999999999999,Don't know
1,94560,Female,0,1,1,38,1,0,No,0,0,0,0,0,0,Two year,1,0,1,19.95,756.4,No,0,75,758.1,758.1,Don't know
1,94563,Male,1,1,1,34,1,1,Fiber optic,0,1,1,1,1,1,Month-to-month,1,0,7,108.9,3625.2,No,0,24,3702.6000000000004,3702.6000000000004,Don't know
1,94564,Male,0,0,0,18,0,0,DSL,1,0,1,0,0,0,Month-to-month,0,0,2,33.6,550.35,No,0,21,604.8000000000001,604.8000000000001,Don't know
1,94565,Male,0,1,1,56,1,0,Fiber optic,0,1,1,1,0,0,One year,1,0,4,85.85,4793.8,No,0,28,4807.599999999999,4807.599999999999,Don't know
1,94566,Female,0,0,0,36,0,0,DSL,0,1,0,1,0,0,Month-to-month,1,1,2,34.85,1267.2,No,0,50,1254.6000000000001,1254.6000000000001,Don't know
1,94571,Female,1,1,1,57,1,0,Fiber optic,0,1,1,1,1,0,Month-to-month,1,1,5,95.3,5567.45,No,0,23,5432.099999999999,5432.099999999999,Don't know
1,94576,Male,0,1,0,70,1,0,Fiber optic,1,1,0,1,0,0,Two year,0,1,4,84.6,5706.2,No,0,39,5922.0,5922.0,Don't know
1,94577,Female,0,0,0,68,0,0,DSL,0,1,0,1,0,1,Month-to-month,0,0,3,44.95,3085.35,No,0,63,3056.6000000000004,3056.6000000000004,Don't know
1,94578,Male,0,0,1,1,0,0,DSL,0,0,0,0,0,0,Month-to-month,1,0,0,24.7,24.7,No,0,29,24.7,24.7,Don't know
1,94579,Female,0,0,0,37,1,1,Fiber optic,0,0,0,1,1,1,Month-to-month,0,1,5,100.3,3541.4,No,0,44,3711.1,3711.1,Don't know
1,94580,Female,0,0,1,4,1,1,No,0,0,0,0,0,0,Month-to-month,1,0,2,25.45,84.2,No,0,77,101.8,101.8,Don't know
1,94583,Male,0,0,0,1,1,0,DSL,1,0,0,0,0,0,Month-to-month,1,0,2,50.7,50.7,No,0,30,50.7,50.7,Don't know
1,94585,Male,0,0,0,20,0,0,DSL,1,1,1,1,1,0,Month-to-month,1,1,5,55.0,1165.55,No,0,68,1100.0,1100.0,Don't know
1,94586,Male,0,1,1,72,1,0,DSL,1,1,0,1,1,0,Two year,0,1,5,68.4,4855.35,No,0,79,4924.8,4924.8,Don't know
1,94589,Male,0,1,0,11,1,0,DSL,0,0,0,0,1,0,Month-to-month,1,1,2,55.05,608.15,No,0,21,605.55,605.55,Don't know
1,94590,Female,0,1,1,33,1,0,No,0,0,0,0,0,0,Two year,0,1,1,19.8,641.35,No,0,42,653.4,653.4,Don't know
1,94591,Female,1,0,0,62,1,1,Fiber optic,0,0,0,0,1,0,One year,0,0,3,84.45,4959.15,No,0,60,5235.900000000001,5235.900000000001,Don't know
1,94592,Female,0,0,0,1,0,0,DSL,0,0,1,1,0,0,Month-to-month,0,0,2,35.9,35.9,No,0,55,35.9,35.9,Don't know
1,94595,Male,0,1,0,16,1,0,Fiber optic,1,1,0,0,0,0,Month-to-month,0,1,3,80.75,1321.3,No,0,55,1292.0,1292.0,Don't know
1,94596,Male,0,1,1,22,1,1,DSL,0,0,1,1,1,1,One year,1,0,6,78.65,1663.75,No,0,67,1730.3000000000002,1730.3000000000002,Don't know
1,94598,Female,0,1,1,49,1,0,DSL,1,0,1,1,0,0,Month-to-month,0,1,4,61.75,3024.15,No,0,39,3025.75,3025.75,Don't know
1,94599,Male,0,1,1,36,1,0,DSL,1,0,1,0,0,1,One year,1,1,4,63.7,2188.5,No,0,31,2293.2000000000003,2293.2000000000003,Don't know
1,94605,Female,0,0,0,31,1,0,Fiber optic,1,0,1,1,0,0,Month-to-month,0,0,4,87.6,2724.25,No,0,48,2715.6,2715.6,Don't know
1,94606,Male,0,1,0,5,1,1,Fiber optic,1,0,0,0,0,1,Month-to-month,1,0,4,89.15,413.25,No,0,27,445.75,445.75,Don't know
1,94607,Male,0,1,1,66,1,0,No,0,0,0,0,0,0,Two year,0,1,1,20.0,1374.2,No,0,74,1320.0,1320.0,Don't know
1,94609,Male,0,0,0,64,1,1,Fiber optic,0,1,1,0,1,1,Two year,1,1,6,104.4,6692.65,No,0,38,6681.6,6681.6,Don't know
1,94610,Male,0,1,1,10,1,0,No,0,0,0,0,0,0,Month-to-month,1,1,1,20.05,218.5,No,0,23,200.5,200.5,Don't know
1,94612,Male,0,0,0,29,0,0,DSL,0,1,0,1,0,0,Month-to-month,0,0,2,34.3,1004.75,No,0,65,994.6999999999999,994.6999999999999,Don't know
1,94618,Male,0,0,0,57,1,0,No,0,0,0,0,0,0,Two year,0,1,1,20.65,1125.6,No,0,49,1177.05,1177.05,Don't know
1,94619,Female,0,0,0,46,1,1,Fiber optic,1,1,0,0,0,0,Month-to-month,0,0,4,84.25,3847.6,No,0,49,3875.5,3875.5,Don't know
1,94621,Male,0,0,0,53,1,0,No,0,0,0,0,0,0,Two year,0,1,1,19.65,978,No,0,68,1041.4499999999998,1041.4499999999998,Don't know
1,94702,Female,0,0,0,17,1,0,DSL,1,1,0,1,1,1,One year,0,1,6,79.85,1387.35,No,0,42,1357.4499999999998,1357.4499999999998,Don't know
1,94703,Female,0,1,1,38,1,0,No,0,0,0,0,0,0,Two year,1,0,1,20.2,746.05,No,0,63,767.6,767.6,Don't know
1,94704,Male,0,0,0,15,1,0,No,0,0,0,0,0,0,One year,0,0,1,19.8,304.6,No,0,28,297.0,297.0,Don't know
1,94705,Female,0,0,0,22,0,0,DSL,0,1,0,0,1,1,Month-to-month,1,0,3,50.35,1098.85,No,0,73,1107.7,1107.7,Don't know
1,94707,Female,0,1,0,57,1,1,DSL,0,1,1,1,1,0,One year,0,1,6,74.6,4368.95,No,0,76,4252.2,4252.2,Don't know
1,94708,Male,1,0,0,11,1,0,Fiber optic,0,0,0,0,0,1,Month-to-month,1,1,2,79.15,827.7,No,0,20,870.6500000000001,870.6500000000001,Don't know
1,94709,Female,0,1,1,1,1,0,No,0,0,0,0,0,0,Two year,0,0,1,20.35,20.35,No,0,38,20.35,20.35,Don't know
1,94710,Male,0,1,1,12,1,0,No,0,0,0,0,0,0,Two year,0,1,1,21.05,262.05,No,0,25,252.60000000000002,252.60000000000002,Don't know
1,94803,Male,0,0,1,36,1,0,Fiber optic,0,1,0,0,1,1,Month-to-month,1,0,4,94.7,3512.5,No,0,76,3409.2000000000003,3409.2000000000003,Don't know
1,94806,Male,0,0,0,2,1,0,Fiber optic,0,1,0,0,0,0,Month-to-month,0,0,2,74.95,151.75,No,0,76,149.9,149.9,Don't know
1,94903,Male,0,1,1,72,1,0,Fiber optic,1,1,1,1,1,1,Two year,0,1,7,111.95,8033.1,No,0,25,8060.400000000001,8060.400000000001,Don't know
1,94904,Male,0,0,0,62,1,0,No,0,0,0,0,0,0,Two year,0,1,1,19.85,1253.65,No,0,45,1230.7,1230.7,Don't know
1,94920,Female,0,0,0,6,1,1,Fiber optic,0,1,0,0,1,0,Month-to-month,1,0,4,89.75,552.65,No,0,63,538.5,538.5,Don't know
1,94922,Male,0,1,0,48,1,0,No,0,0,0,0,0,0,Two year,1,0,1,20.05,1036,No,0,28,962.4000000000001,962.4000000000001,Don't know
1,94923,Male,0,0,0,35,1,1,Fiber optic,1,0,1,1,1,1,Two year,1,0,7,108.95,4025.5,No,0,32,3813.25,3813.25,Don't know
1,94924,Male,0,0,1,52,1,0,No,0,0,0,0,0,0,One year,0,1,1,19.65,928.4,No,0,34,1021.8,1021.8,Don't know
1,94925,Female,0,0,0,1,0,0,DSL,0,0,0,0,0,0,Month-to-month,1,0,0,24.9,24.9,No,0,61,24.9,24.9,Don't know
1,94929,Female,0,1,0,71,1,1,DSL,1,1,1,1,1,1,Two year,0,1,8,93.2,6506.15,No,0,69,6617.2,6617.2,Don't know
1,94930,Female,0,1,1,67,1,0,Fiber optic,1,1,1,0,0,0,One year,0,1,4,84.8,5598.3,No,0,66,5681.599999999999,5681.599999999999,Don't know
1,94931,Male,1,0,0,60,1,1,DSL,1,1,0,0,0,1,One year,1,0,5,71.75,4374.55,No,0,71,4305.0,4305.0,Don't know
1,94933,Male,0,1,1,23,0,0,DSL,0,0,0,1,0,0,Month-to-month,1,1,1,30.35,678.75,No,0,62,698.0500000000001,698.0500000000001,Don't know
1,94937,Male,0,0,1,39,0,0,DSL,0,0,1,1,1,1,One year,0,1,4,54.85,2191.7,No,0,72,2139.15,2139.15,Don't know
1,94938,Male,0,1,1,15,1,0,No,0,0,0,0,0,0,One year,1,0,1,19.5,239.75,No,0,59,292.5,292.5,Don't know
1,94940,Male,0,1,1,24,1,1,No,0,0,0,0,0,0,Two year,0,0,2,24.2,609.05,No,0,46,580.8,580.8,Don't know
1,94941,Female,0,1,1,37,1,0,No,0,0,0,0,0,0,Month-to-month,0,0,1,19.35,683.75,No,0,31,715.95,715.95,Don't know
1,94946,Female,1,1,0,50,1,1,Fiber optic,0,0,0,1,1,1,One year,1,0,5,100.65,5189.75,No,0,40,5032.5,5032.5,Don't know
1,94947,Female,0,0,0,54,1,0,Fiber optic,0,0,1,0,1,1,One year,1,1,4,94.1,5060.9,No,0,70,5081.4,5081.4,Don't know
1,94949,Female,0,0,0,3,1,0,Fiber optic,1,0,0,0,0,0,Month-to-month,1,0,2,74.55,233.65,No,0,58,223.64999999999998,223.64999999999998,Don't know
1,94951,Male,0,0,0,5,1,0,DSL,0,0,1,1,0,0,Month-to-month,0,0,3,56.15,291.45,No,0,78,280.75,280.75,Don't know
1,94952,Male,0,0,0,33,1,0,No,0,0,0,0,0,0,Two year,0,0,1,20.35,689.75,No,0,71,671.5500000000001,671.5500000000001,Don't know
1,94954,Female,0,0,0,41,1,1,DSL,0,1,1,0,1,1,One year,1,0,6,80.55,3263.9,No,0,29,3302.5499999999997,3302.5499999999997,Don't know
1,94956,Female,0,1,1,34,0,0,DSL,1,0,1,1,1,1,One year,0,0,5,61.25,1993.2,No,0,37,2082.5,2082.5,Don't know
1,94960,Female,0,1,1,13,1,0,No,0,0,0,0,0,0,Month-to-month,1,0,1,20.45,254.5,No,0,25,265.84999999999997,265.84999999999997,Don't know
1,94963,Female,0,0,0,20,1,0,No,0,0,0,0,0,0,Month-to-month,1,1,1,18.9,347.65,No,0,51,378.0,378.0,Don't know
1,94964,Female,1,0,0,51,1,0,No,0,0,0,0,0,0,Two year,0,1,1,19.6,967.9,No,0,68,999.6,999.6,Don't know
1,94970,Female,0,0,1,41,1,0,DSL,0,0,0,0,0,0,Month-to-month,0,1,1,45.2,1841.9,No,0,42,1853.2,1853.2,Don't know
1,94971,Female,0,0,0,13,1,0,No,0,0,0,0,0,0,Month-to-month,0,1,1,19.45,232.1,No,0,54,252.85,252.85,Don't know
1,94972,Male,0,1,1,35,1,1,No,0,0,0,0,0,0,Two year,0,1,2,25.45,809.25,No,0,36,890.75,890.75,Don't know
1,95002,Male,0,0,0,4,1,0,Fiber optic,1,1,0,1,0,1,Month-to-month,1,0,5,94.9,360.55,No,0,22,379.6,379.6,Don't know
1,95004,Female,1,1,1,12,0,0,DSL,0,0,0,1,0,0,Month-to-month,1,0,1,29.3,355.9,No,0,75,351.6,351.6,Don't know
1,95007,Female,0,0,0,7,1,0,No,0,0,0,0,0,0,One year,0,0,1,20.25,129.15,No,0,54,141.75,141.75,Don't know
1,95010,Female,0,1,0,53,1,0,Fiber optic,1,1,1,1,1,1,One year,0,0,7,110.5,5835.5,No,0,59,5856.5,5856.5,Don't know
1,95012,Male,1,0,0,63,1,1,Fiber optic,1,1,1,0,1,1,Month-to-month,1,1,7,109.4,7031.45,No,0,24,6892.200000000001,6892.200000000001,Don't know
1,95019,Female,0,0,0,5,1,0,No,0,0,0,0,0,0,Month-to-month,0,0,1,19.95,109.6,No,0,67,99.75,99.75,Don't know
1,95020,Female,1,1,0,37,1,0,No,0,0,0,0,0,0,One year,0,0,1,19.6,727.8,No,0,77,725.2,725.2,Don't know
1,95030,Female,0,0,1,12,1,1,Fiber optic,0,0,0,0,0,0,Month-to-month,1,0,2,76.6,893,No,0,61,919.1999999999999,919.1999999999999,Don't know
1,95032,Female,0,1,1,38,1,0,No,0,0,0,0,0,0,One year,0,1,1,19.6,763.1,No,0,53,744.8000000000001,744.8000000000001,Don't know
1,95033,Female,0,0,0,9,1,0,Fiber optic,0,0,1,0,0,1,Month-to-month,1,1,3,85.3,781.4,No,0,28,767.6999999999999,767.6999999999999,Don't know
1,95035,Male,0,1,0,13,1,1,DSL,1,0,0,0,0,1,Month-to-month,1,0,4,65.85,902.25,No,0,44,856.05,856.05,Don't know
1,95039,Female,0,1,1,47,1,0,No,0,0,0,0,0,0,Two year,0,1,1,20.05,1016.7,No,0,35,942.35,942.35,Don't know
1,95041,Male,0,1,0,61,1,1,Fiber optic,1,0,1,1,1,0,Month-to-month,0,1,6,99.4,5943.65,No,0,44,6063.400000000001,6063.400000000001,Don't know
1,95043,Male,0,0,0,16,1,0,No,0,0,0,0,0,0,Month-to-month,0,0,1,20.0,275.7,No,0,75,320.0,320.0,Don't know
1,95045,Female,0,1,1,41,1,0,DSL,1,1,0,1,1,1,Two year,0,0,6,78.45,3126.45,No,0,27,3216.4500000000003,3216.4500000000003,Don't know
1,95046,Female,0,0,1,43,1,1,No,0,0,0,0,0,0,Two year,1,0,2,25.1,1070.15,No,0,59,1079.3,1079.3,Don't know
1,95051,Female,0,0,0,6,1,0,DSL,0,0,0,0,0,1,Month-to-month,1,0,2,55.0,340.4,No,0,21,330.0,330.0,Don't know
1,95054,Female,0,0,0,58,1,1,DSL,1,1,1,1,0,0,One year,1,1,6,71.1,4299.2,No,0,42,4123.799999999999,4123.799999999999,Don't know
1,95060,Male,0,0,0,19,1,0,DSL,0,0,0,1,1,0,Month-to-month,1,1,3,61.55,1093.2,No,0,60,1169.45,1169.45,Don't know
1,95062,Male,0,1,0,11,1,0,DSL,0,0,0,0,0,0,Month-to-month,1,1,1,45.9,521.9,No,0,41,504.9,504.9,Don't know
1,95064,Female,0,0,0,39,0,0,DSL,1,1,0,1,0,0,One year,1,1,3,40.3,1630.4,No,0,77,1571.6999999999998,1571.6999999999998,Don't know
1,95065,Female,1,0,0,8,1,0,Fiber optic,0,1,0,0,1,0,Month-to-month,1,0,3,87.1,713.6,No,0,65,696.8,696.8,Don't know
1,95066,Female,0,0,1,26,1,1,DSL,0,0,0,0,0,0,Month-to-month,1,0,2,49.5,1265.65,No,0,38,1287.0,1287.0,Don't know
1,95070,Female,1,0,0,53,1,0,Fiber optic,0,1,0,0,0,0,Month-to-month,1,1,2,73.8,4003.85,No,0,45,3911.3999999999996,3911.3999999999996,Don't know
1,95073,Female,0,1,1,70,1,0,No,0,0,0,0,0,0,Two year,1,0,1,19.2,1401.4,No,0,53,1344.0,1344.0,Don't know
1,95110,Male,0,0,0,59,1,1,No,0,0,0,0,0,0,Two year,0,0,2,25.0,1510.5,No,0,69,1475.0,1475.0,Don't know
1,95112,Male,0,0,0,7,0,0,DSL,1,0,1,0,0,0,One year,0,0,2,35.3,264.8,No,0,39,247.09999999999997,247.09999999999997,Don't know
1,95116,Male,0,1,1,59,1,0,DSL,0,1,1,1,1,1,One year,0,1,6,76.75,4541.9,No,0,24,4528.25,4528.25,Don't know
1,95117,Male,0,1,1,61,1,1,DSL,0,0,1,1,1,1,Two year,1,1,6,81.0,4976.15,No,0,40,4941.0,4941.0,Don't know
1,95118,Male,0,1,1,72,1,1,Fiber optic,1,0,1,0,1,1,Two year,1,1,6,105.55,7542.25,No,0,62,7599.599999999999,7599.599999999999,Don't know
1,95119,Female,0,1,1,13,1,0,No,0,0,0,0,0,0,Month-to-month,0,0,1,18.8,251.25,No,0,71,244.4,244.4,Don't know
1,95120,Female,0,1,1,64,1,1,No,0,0,0,0,0,0,One year,0,0,2,24.9,1595.5,No,0,62,1593.6,1593.6,Don't know
1,95122,Female,0,0,0,10,1,0,DSL,0,1,0,1,0,1,One year,0,0,4,64.9,685.55,No,0,62,649.0,649.0,Don't know
1,95123,Female,0,1,1,65,1,0,DSL,1,1,1,0,0,0,One year,0,1,4,61.35,3874.1,No,0,36,3987.75,3987.75,Don't know
1,95124,Female,0,1,0,62,1,1,Fiber optic,1,1,1,1,1,1,Two year,0,0,8,113.95,6891.4,No,0,71,7064.900000000001,7064.900000000001,Don't know
1,95125,Female,0,1,0,55,1,1,DSL,1,1,1,1,1,1,One year,1,0,8,90.15,4916.95,No,0,77,4958.25,4958.25,Don't know
1,95126,Female,0,1,0,25,1,1,DSL,0,1,0,0,0,0,Month-to-month,0,0,3,54.1,1373,No,0,64,1352.5,1352.5,Don't know
1,95128,Male,0,0,0,1,1,0,DSL,1,0,0,0,0,0,Month-to-month,1,1,2,49.8,49.8,No,0,24,49.8,49.8,Don't know
1,95130,Male,1,1,1,64,1,1,No,0,0,0,0,0,0,Two year,1,1,2,24.4,1548.65,No,0,68,1561.6,1561.6,Don't know
1,95131,Male,0,1,0,36,1,1,Fiber optic,0,0,0,0,1,1,Month-to-month,1,1,4,95.0,3440.25,No,0,64,3420.0,3420.0,Don't know
1,95133,Male,0,1,0,61,1,1,DSL,1,0,1,0,0,1,Two year,1,0,5,69.9,4226.7,No,0,76,4263.900000000001,4263.900000000001,Don't know
1,95134,Male,0,0,1,26,0,0,DSL,0,1,0,0,1,0,One year,1,1,2,39.95,1023.75,No,0,74,1038.7,1038.7,Don't know
1,95138,Male,0,1,1,68,1,0,Fiber optic,1,1,1,0,1,1,Two year,1,1,6,103.25,7074.4,No,0,22,7021.0,7021.0,Don't know
1,95140,Female,0,1,0,72,1,1,Fiber optic,1,1,1,1,0,0,Two year,1,1,6,94.25,6849.75,No,0,51,6786.0,6786.0,Don't know
1,95148,Female,0,1,0,71,0,0,DSL,0,0,1,1,0,1,Two year,1,0,3,47.05,3263.6,No,0,76,3340.5499999999997,3340.5499999999997,Don't know
1,95202,Male,0,0,0,57,1,0,No,0,0,0,0,0,0,Two year,0,1,1,20.55,1252.85,No,0,48,1171.3500000000001,1171.3500000000001,Don't know
1,95203,Male,0,0,0,4,1,0,No,0,0,0,0,0,0,Month-to-month,1,0,1,19.65,67.55,No,0,72,78.6,78.6,Don't know
1,95204,Female,1,0,0,1,1,0,Fiber optic,0,0,0,0,0,0,Month-to-month,1,0,1,70.2,70.2,No,0,47,70.2,70.2,Don't know
1,95205,Male,0,1,1,72,1,1,DSL,1,1,1,1,0,1,Two year,0,1,7,81.0,5750,No,0,77,5832.0,5832.0,Don't know
1,95206,Male,0,1,1,21,1,1,DSL,1,0,0,0,1,1,One year,1,1,5,75.9,1549.75,No,0,47,1593.9,1593.9,Don't know
1,95207,Female,0,1,1,71,1,1,No,0,0,0,0,0,0,Two year,0,1,2,24.7,1810.55,No,0,45,1753.7,1753.7,Don't know
1,95210,Female,1,0,0,69,1,1,Fiber optic,1,0,1,1,1,1,Two year,0,1,7,110.25,7467.55,No,0,69,7607.25,7607.25,Don't know
1,95212,Female,0,1,0,64,1,1,DSL,1,0,1,1,1,1,Two year,1,1,7,85.0,5484.4,No,0,56,5440.0,5440.0,Don't know
1,95215,Male,0,0,0,16,1,0,No,0,0,0,0,0,0,Month-to-month,0,1,1,19.75,294.9,No,0,55,316.0,316.0,Don't know
1,95219,Female,0,0,0,4,1,1,No,0,0,0,0,0,0,One year,0,0,2,23.9,97.5,No,0,57,95.6,95.6,Don't know
1,95223,Male,0,0,0,1,1,0,No,0,0,0,0,0,0,Month-to-month,0,0,1,19.95,19.95,No,0,21,19.95,19.95,Don't know
1,95224,Male,0,0,0,18,0,0,DSL,0,0,0,0,0,0,Month-to-month,0,0,0,25.15,476.8,No,0,31,452.7,452.7,Don't know
1,95225,Female,0,0,0,2,1,1,DSL,0,1,0,0,0,0,Month-to-month,0,0,3,54.15,101.65,No,0,27,108.3,108.3,Don't know
1,95226,Female,0,1,0,19,1,0,DSL,0,1,0,0,0,1,Month-to-month,1,0,3,59.8,1130.85,No,0,32,1136.2,1136.2,Don't know
1,95227,Female,0,0,0,40,1,1,Fiber optic,0,0,0,0,0,1,Month-to-month,0,1,3,83.85,3532.25,No,0,31,3354.0,3354.0,Don't know
1,95228,Female,1,1,1,66,1,1,Fiber optic,0,1,1,0,1,1,One year,1,0,6,104.9,6891.45,No,0,48,6923.400000000001,6923.400000000001,Don't know
1,95230,Male,0,0,0,21,1,1,Fiber optic,0,0,0,0,0,0,Month-to-month,0,0,2,75.3,1570.7,No,0,50,1581.3,1581.3,Don't know
1,95231,Male,0,0,0,8,1,0,DSL,0,1,0,1,1,0,Month-to-month,1,0,4,66.65,520.95,No,0,60,533.2,533.2,Don't know
1,95232,Female,0,1,1,72,1,0,Fiber optic,1,1,1,1,1,1,Two year,1,1,7,109.5,7854.9,No,0,55,7884.0,7884.0,Don't know
1,95233,Female,0,0,0,48,1,1,DSL,0,1,1,1,1,0,One year,1,1,6,73.85,3581.4,No,0,29,3544.7999999999997,3544.7999999999997,Don't know
1,95236,Male,0,0,0,69,1,0,No,0,0,0,0,0,0,Two year,1,1,1,19.3,1447.9,No,0,63,1331.7,1331.7,Don't know
1,95237,Male,0,0,0,72,1,1,Fiber optic,1,1,1,1,1,1,Two year,1,0,8,118.2,8547.15,No,0,55,8510.4,8510.4,Don't know
1,95240,Female,0,0,0,14,1,0,DSL,0,1,0,0,0,0,One year,0,1,2,51.45,727.85,No,0,57,720.3000000000001,720.3000000000001,Don't know
1,95242,Male,0,0,0,6,1,0,DSL,0,1,0,0,1,0,Month-to-month,0,0,3,59.45,357.6,No,0,54,356.70000000000005,356.70000000000005,Don't know
1,95245,Female,0,1,1,8,1,0,No,0,0,0,0,0,0,Two year,0,1,1,19.5,159.35,No,0,35,156.0,156.0,Don't know
1,95246,Female,0,0,0,17,1,0,No,0,0,0,0,0,0,One year,0,0,1,19.55,280.85,No,0,42,332.35,332.35,Don't know
1,95247,Male,0,0,0,65,1,1,Fiber optic,1,0,0,1,0,1,One year,0,0,5,93.55,6069.25,No,0,76,6080.75,6080.75,Don't know
1,95249,Female,0,1,1,57,1,0,DSL,1,0,1,1,0,0,One year,1,0,4,59.3,3274.35,No,0,38,3380.1,3380.1,Don't know
1,95252,Female,0,1,0,56,1,1,Fiber optic,1,1,1,0,1,1,One year,0,1,7,109.8,6109.65,No,0,77,6148.8,6148.8,Don't know
1,95254,Female,0,1,0,14,1,0,Fiber optic,0,0,0,0,0,1,Month-to-month,1,0,2,78.1,1122.4,No,0,68,1093.3999999999999,1093.3999999999999,Don't know
1,95255,Male,0,1,0,52,0,0,DSL,1,0,0,0,0,1,Month-to-month,1,0,2,39.9,2020.9,No,0,54,2074.7999999999997,2074.7999999999997,Don't know
1,95257,Female,0,0,0,58,1,0,DSL,1,1,1,1,0,0,Two year,1,1,5,64.9,3795.45,No,0,57,3764.2000000000003,3764.2000000000003,Don't know
1,95301,Female,0,0,0,67,0,0,DSL,0,0,1,1,1,1,Month-to-month,1,1,4,53.4,3579.15,No,0,37,3577.7999999999997,3577.7999999999997,Don't know
1,95303,Male,0,0,0,2,0,0,DSL,0,0,0,0,0,0,Month-to-month,1,1,0,24.9,49.7,No,0,41,49.8,49.8,Don't know
1,95305,Male,1,0,0,6,1,0,DSL,0,0,0,0,0,0,Month-to-month,0,1,1,44.7,276.5,No,0,30,268.20000000000005,268.20000000000005,Don't know
1,95306,Male,0,1,1,71,1,1,Fiber optic,1,1,1,1,1,1,Two year,1,1,8,114.0,8175.9,No,0,23,8094.0,8094.0,Don't know
1,95307,Female,0,1,1,46,1,0,No,0,0,0,0,0,0,Two year,0,1,1,20.25,890.35,No,0,58,931.5,931.5,Don't know
1,95311,Male,1,1,0,67,1,1,Fiber optic,1,1,0,0,0,0,Month-to-month,0,1,4,83.85,5588.8,No,0,49,5617.95,5617.95,Don't know
1,95312,Male,0,0,1,3,1,0,No,0,0,0,0,0,0,Month-to-month,0,1,1,20.2,50.6,No,0,46,60.599999999999994,60.599999999999994,Don't know
1,95313,Female,0,0,0,3,1,0,No,0,0,0,0,0,0,Month-to-month,0,0,1,19.95,58,No,0,74,59.849999999999994,59.849999999999994,Don't know
1,95317,Male,0,1,1,50,1,0,No,0,0,0,0,0,0,One year,1,0,1,20.35,938.95,No,0,71,1017.5000000000001,1017.5000000000001,Don't know
1,95318,Male,1,1,0,23,1,0,Fiber optic,1,1,0,0,0,1,Month-to-month,1,0,4,90.0,2024.1,No,0,50,2070.0,2070.0,Don't know
1,95320,Female,0,1,1,67,0,0,DSL,1,1,1,1,1,0,Two year,0,1,5,54.2,3623.95,No,0,58,3631.4,3631.4,Don't know
1,95322,Female,1,1,0,39,1,0,Fiber optic,1,1,0,0,1,1,One year,0,0,5,99.1,3877.95,No,0,22,3864.8999999999996,3864.8999999999996,Don't know
1,95323,Female,0,0,0,69,1,1,DSL,1,1,0,1,0,0,Two year,1,0,5,66.9,4577.9,No,0,68,4616.1,4616.1,Don't know
1,95324,Female,0,0,0,1,0,0,DSL,0,0,0,0,0,0,One year,0,0,0,25.85,25.85,No,0,55,25.85,25.85,Don't know
1,95325,Male,0,0,0,32,1,0,Fiber optic,0,0,0,0,1,1,Month-to-month,0,0,3,91.05,2871.5,No,0,80,2913.6,2913.6,Don't know
1,95328,Male,0,1,1,60,1,0,No,0,0,0,0,0,0,Two year,1,1,1,20.95,1270.55,No,0,51,1257.0,1257.0,Don't know
1,95329,Female,0,1,1,72,1,1,Fiber optic,0,1,1,1,1,1,Two year,1,1,7,109.2,7711.45,No,0,68,7862.400000000001,7862.400000000001,Don't know
1,95333,Female,1,0,0,26,1,0,Fiber optic,1,0,0,0,1,0,Month-to-month,1,1,3,85.8,2193.65,No,0,46,2230.7999999999997,2230.7999999999997,Don't know
1,95335,Male,0,0,0,2,1,0,No,0,0,0,0,0,0,Month-to-month,1,0,1,19.65,31.2,No,0,26,39.3,39.3,Don't know
1,95336,Female,0,0,1,2,1,0,No,0,0,0,0,0,0,One year,0,1,1,20.5,38.25,No,0,47,41.0,41.0,Don't know
1,95337,Female,0,0,0,36,1,1,DSL,1,0,1,1,1,1,One year,1,1,7,89.65,3348.1,No,0,68,3227.4,3227.4,Don't know
1,95338,Male,0,0,0,7,1,0,Fiber optic,1,0,0,0,0,0,Month-to-month,0,0,2,74.35,533.6,No,0,51,520.4499999999999,520.4499999999999,Don't know
1,95340,Female,1,1,0,60,0,0,DSL,0,1,0,0,1,1,Two year,1,1,3,49.45,2907.55,No,0,61,2967.0,2967.0,Don't know
1,95345,Female,0,1,0,19,1,1,Fiber optic,0,1,0,0,0,1,Month-to-month,1,0,4,89.1,1620.8,No,0,66,1692.8999999999999,1692.8999999999999,Don't know
1,95346,Male,1,1,0,45,1,1,DSL,1,0,1,1,0,1,Two year,0,1,6,75.15,3480.35,No,0,52,3381.7500000000005,3381.7500000000005,Don't know
1,95348,Male,1,0,0,4,1,0,Fiber optic,0,0,0,0,0,0,Month-to-month,1,0,1,70.65,293.85,No,0,34,282.6,282.6,Don't know
1,95351,Male,0,1,1,47,1,0,Fiber optic,1,0,1,0,0,1,Month-to-month,0,0,4,90.05,4137.2,No,0,78,4232.349999999999,4232.349999999999,Don't know
1,95356,Female,0,0,0,1,1,0,No,0,0,0,0,0,0,Month-to-month,0,1,1,19.4,19.4,No,0,21,19.4,19.4,Don't know
1,95357,Female,1,1,1,59,1,1,Fiber optic,0,0,1,0,0,1,Month-to-month,1,1,4,88.75,5348.65,No,0,21,5236.25,5236.25,Don't know
1,95360,Male,1,0,0,35,1,1,Fiber optic,1,0,0,0,0,1,Month-to-month,0,1,4,91.0,3180.5,No,0,35,3185.0,3185.0,Don't know
1,95363,Male,0,1,1,32,1,0,Fiber optic,1,1,0,0,0,1,One year,1,0,4,90.8,3023.85,No,0,80,2905.6,2905.6,Don't know
1,95366,Female,1,1,0,54,1,0,No,0,0,0,0,0,0,Two year,1,0,1,18.95,1031.1,No,0,28,1023.3,1023.3,Don't know
1,95368,Female,1,0,0,66,1,1,Fiber optic,1,0,0,0,1,1,Two year,1,1,5,102.4,6471.85,No,0,69,6758.400000000001,6758.400000000001,Don't know
1,95369,Male,0,1,1,61,1,1,Fiber optic,0,0,1,0,1,1,One year,1,0,5,99.9,6241.35,No,0,31,6093.900000000001,6093.900000000001,Don't know
1,95370,Male,0,1,1,72,1,1,DSL,1,1,1,1,1,1,Two year,0,1,8,88.7,6501.35,No,0,46,6386.400000000001,6386.400000000001,Don't know
1,95372,Male,0,1,1,44,0,0,DSL,0,0,1,1,1,1,One year,1,0,4,54.3,2317.1,No,0,39,2389.2,2389.2,Don't know
1,95374,Male,0,0,0,41,1,1,DSL,0,0,1,0,0,0,Month-to-month,1,1,3,55.7,2237.55,No,0,26,2283.7000000000003,2283.7000000000003,Don't know
1,95376,Male,0,1,0,50,1,1,Fiber optic,1,0,1,0,1,1,One year,1,0,6,103.95,5231.3,No,0,42,5197.5,5197.5,Don't know
1,95380,Male,0,1,1,8,1,0,No,0,0,0,0,0,0,Two year,0,0,1,20.15,165.5,No,0,32,161.2,161.2,Don't know
1,95382,Male,0,0,0,18,1,0,No,0,0,0,0,0,0,Month-to-month,0,0,1,20.05,358.5,No,0,22,360.90000000000003,360.90000000000003,Don't know
1,95383,Male,0,1,1,72,1,1,DSL,1,1,1,1,1,1,Two year,1,1,8,91.95,6614.9,No,0,30,6620.400000000001,6620.400000000001,Don't know
1,95386,Female,1,0,0,42,1,1,DSL,0,0,1,0,0,0,Month-to-month,0,0,3,55.65,2421.75,No,0,80,2337.2999999999997,2337.2999999999997,Don't know
1,95387,Female,1,0,0,18,1,0,Fiber optic,0,1,0,0,0,0,Month-to-month,1,0,2,74.7,1294.6,No,0,62,1344.6000000000001,1344.6000000000001,Don't know
1,95388,Female,0,0,1,13,1,1,Fiber optic,0,1,1,0,1,1,One year,1,1,6,104.15,1299.1,No,0,33,1353.95,1353.95,Don't know
1,95389,Female,0,1,1,68,1,1,Fiber optic,0,1,0,1,0,0,One year,1,1,4,83.65,5733.4,No,0,43,5688.200000000001,5688.200000000001,Don't know
1,95403,Male,0,0,0,69,1,1,Fiber optic,1,1,1,0,1,1,Two year,1,1,7,110.05,7430.75,No,0,30,7593.45,7593.45,Don't know
1,95405,Male,0,1,1,25,1,1,No,0,0,0,0,0,0,Two year,0,1,2,25.5,630.6,No,0,65,637.5,637.5,Don't know
1,95409,Female,0,1,1,59,1,0,No,0,0,0,0,0,0,Two year,0,1,1,19.5,1222.65,No,0,64,1150.5,1150.5,Don't know
1,95410,Female,1,0,0,5,1,0,Fiber optic,1,1,0,0,0,0,Month-to-month,0,0,3,80.7,374.8,No,0,51,403.5,403.5,Don't know
1,95415,Female,0,1,1,69,1,1,Fiber optic,1,1,1,1,1,0,One year,1,1,7,105.1,7234.8,No,0,27,7251.9,7251.9,Don't know
1,95417,Male,0,0,0,13,0,0,DSL,0,0,0,0,0,0,Month-to-month,1,1,0,25.15,331.85,No,0,53,326.95,326.95,Don't know
1,95421,Male,0,1,0,52,1,1,Fiber optic,0,1,0,1,0,1,Month-to-month,1,1,5,95.65,5088.4,No,0,45,4973.8,4973.8,Don't know
1,95423,Male,0,1,0,61,1,1,DSL,1,1,1,1,0,1,Two year,1,1,7,80.8,4860.85,No,0,72,4928.8,4928.8,Don't know
1,95425,Male,0,0,0,29,0,0,DSL,0,0,0,0,0,0,One year,1,0,0,24.85,788.05,No,0,49,720.6500000000001,720.6500000000001,Don't know
1,95426,Female,0,0,1,25,1,0,DSL,0,1,0,1,0,0,One year,1,1,3,54.75,1266.35,No,0,50,1368.75,1368.75,Don't know
1,95428,Male,0,0,0,15,0,0,DSL,0,0,1,0,1,1,One year,0,0,3,50.75,688.2,No,0,63,761.25,761.25,Don't know
1,95429,Female,0,1,1,19,1,0,No,0,0,0,0,0,0,Two year,0,0,1,20.15,387.7,No,0,26,382.84999999999997,382.84999999999997,Don't know
1,95430,Male,0,0,0,44,1,0,No,0,0,0,0,0,0,Two year,0,0,1,20.05,845.25,No,0,41,882.2,882.2,Don't know
1,95432,Male,0,1,1,58,1,1,DSL,1,1,1,1,0,0,Two year,0,1,6,71.6,4230.25,No,0,49,4152.799999999999,4152.799999999999,Don't know
1,95436,Male,0,1,1,62,1,0,Fiber optic,1,1,0,0,0,0,One year,1,1,3,81.45,4983.05,No,0,66,5049.900000000001,5049.900000000001,Don't know
1,95437,Female,0,1,1,70,0,0,DSL,0,1,1,1,1,1,One year,1,1,5,58.4,4113.15,No,0,43,4088.0,4088.0,Don't know
1,95441,Male,0,1,1,10,0,0,DSL,1,1,1,1,0,1,Two year,0,1,5,53.7,521,No,0,48,537.0,537.0,Don't know
1,95442,Male,0,0,0,26,1,0,No,0,0,0,0,0,0,One year,1,1,1,19.6,471.85,No,0,26,509.6,509.6,Don't know
1,95443,Male,0,0,0,66,1,1,Fiber optic,0,1,0,0,0,1,Month-to-month,0,1,4,89.4,5976.9,No,0,49,5900.400000000001,5900.400000000001,Don't know
1,95445,Male,0,1,1,51,1,1,Fiber optic,0,1,0,1,0,0,One year,0,1,4,84.2,4299.75,No,0,33,4294.2,4294.2,Don't know
1,95446,Male,0,1,1,72,1,1,Fiber optic,1,1,1,1,1,0,Two year,1,1,7,106.1,7548.6,No,0,21,7639.2,7639.2,Don't know
1,95448,Male,0,0,0,65,1,1,No,0,0,0,0,0,0,Two year,0,0,2,25.75,1654.75,No,0,73,1673.75,1673.75,Don't know
1,95450,Male,0,0,1,70,1,1,DSL,1,1,0,1,0,0,One year,0,1,5,64.95,4551.5,No,0,65,4546.5,4546.5,Don't know
1,95451,Male,0,1,0,72,1,1,DSL,0,1,1,1,1,1,Two year,1,1,7,85.45,6227.5,No,0,53,6152.400000000001,6152.400000000001,Don't know
1,95452,Female,0,1,1,1,1,0,No,0,0,0,0,0,0,Month-to-month,0,0,1,20.05,20.05,No,0,52,20.05,20.05,Don't know
1,95456,Male,0,0,0,3,1,0,No,0,0,0,0,0,0,Month-to-month,0,0,1,20.7,57.5,No,0,23,62.099999999999994,62.099999999999994,Don't know
1,95457,Male,0,0,0,58,1,1,No,0,0,0,0,0,0,Two year,1,1,2,25.3,1474.35,No,0,30,1467.4,1467.4,Don't know
1,95459,Male,1,1,0,33,1,1,Fiber optic,0,1,0,0,1,1,Month-to-month,1,1,5,100.6,3270.25,No,0,55,3319.7999999999997,3319.7999999999997,Don't know
1,95461,Male,1,1,0,54,1,1,Fiber optic,0,0,0,0,0,0,Month-to-month,0,1,2,74.0,3919.15,No,0,30,3996.0,3996.0,Don't know
1,95462,Male,0,1,0,72,1,1,Fiber optic,0,1,0,0,1,1,Two year,1,0,5,99.4,7285.7,No,0,51,7156.8,7156.8,Don't know
1,95465,Female,0,1,1,72,1,1,Fiber optic,1,1,1,1,0,1,Two year,0,1,7,107.45,7658.3,No,0,57,7736.400000000001,7736.400000000001,Don't know
1,95466,Female,0,1,1,72,1,1,DSL,1,1,1,0,1,1,Two year,1,1,7,83.6,5959.3,No,0,67,6019.2,6019.2,Don't know
1,95468,Male,1,1,0,54,1,1,Fiber optic,0,0,1,0,1,1,Month-to-month,1,1,5,99.05,5295.7,No,0,34,5348.7,5348.7,Don't know
1,95469,Female,0,1,0,59,1,1,DSL,0,1,0,1,1,1,One year,1,0,6,80.1,4693.2,No,0,26,4725.9,4725.9,Don't know
1,95470,Male,0,0,0,54,1,0,DSL,1,1,0,0,1,0,Two year,1,1,4,65.3,3512.9,No,0,61,3526.2,3526.2,Don't know
1,95471,Male,0,0,0,60,1,1,Fiber optic,0,0,1,0,1,0,Two year,1,0,4,89.55,5231.2,No,0,74,5373.0,5373.0,Don't know
1,95472,Female,0,1,0,60,0,0,DSL,0,1,1,1,1,1,Two year,0,1,5,60.8,3603.45,No,0,80,3648.0,3648.0,Don't know
1,95476,Male,0,0,0,3,1,1,Fiber optic,0,0,0,0,0,0,Month-to-month,0,0,2,74.5,217.45,No,0,36,223.5,223.5,Don't know
1,95482,Female,0,1,0,69,1,1,Fiber optic,1,0,0,0,1,1,Two year,0,1,5,99.15,6875.35,No,0,45,6841.35,6841.35,Don't know
1,95485,Female,0,1,1,1,1,0,No,0,0,0,0,0,0,Month-to-month,0,0,1,19.25,19.25,No,0,27,19.25,19.25,Don't know
1,95488,Male,0,1,1,50,0,0,DSL,1,0,0,0,1,0,Month-to-month,1,1,2,39.45,2021.35,No,0,27,1972.5000000000002,1972.5000000000002,Don't know
1,95490,Female,0,0,0,56,0,0,DSL,0,0,0,0,1,1,Month-to-month,1,1,2,44.85,2564.95,No,0,27,2511.6,2511.6,Don't know
1,95492,Female,0,1,0,60,1,0,Fiber optic,1,0,0,1,1,1,Two year,1,0,5,97.2,5611.75,No,0,48,5832.0,5832.0,Don't know
1,95493,Male,1,1,0,69,1,1,Fiber optic,1,0,1,1,1,1,One year,1,0,7,110.55,7610.1,No,0,25,7627.95,7627.95,Don't know
1,95501,Female,0,1,0,3,1,0,No,0,0,0,0,0,0,Month-to-month,1,0,1,19.9,45.75,No,0,48,59.699999999999996,59.699999999999996,Don't know
1,95503,Male,0,1,1,60,1,0,DSL,0,1,0,1,1,1,Two year,0,1,5,76.95,4543.95,No,0,52,4617.0,4617.0,Don't know
1,95511,Female,0,0,0,13,0,0,DSL,0,0,1,1,0,0,Two year,0,0,2,35.4,450.4,No,0,69,460.2,460.2,Don't know
1,95514,Male,0,1,1,62,1,0,No,0,0,0,0,0,0,Two year,0,1,1,20.45,1297.35,No,0,21,1267.8999999999999,1267.8999999999999,Don't know
1,95519,Female,0,0,0,45,1,1,Fiber optic,1,1,0,0,0,1,One year,0,1,5,96.75,4442.75,No,0,73,4353.75,4353.75,Don't know
1,95521,Female,0,0,0,25,0,0,DSL,0,0,1,1,1,1,One year,0,0,4,54.2,1423.15,No,0,24,1355.0,1355.0,Don't know
1,95524,Male,0,0,0,44,1,0,Fiber optic,0,0,1,1,1,1,Two year,0,1,5,100.1,4378.35,No,0,68,4404.4,4404.4,Don't know
1,95525,Female,0,0,0,2,1,0,DSL,0,0,0,0,0,0,Month-to-month,1,0,1,45.25,74.2,No,0,27,90.5,90.5,Don't know
1,95528,Female,0,0,0,22,1,0,No,0,0,0,0,0,0,One year,0,1,1,20.85,450.65,No,0,67,458.70000000000005,458.70000000000005,Don't know
1,95531,Female,0,0,0,35,0,0,DSL,0,0,1,1,0,0,Month-to-month,1,0,2,33.45,1175.85,No,0,66,1170.75,1170.75,Don't know
1,95536,Female,0,1,1,29,1,0,No,0,0,0,0,0,0,Two year,0,0,1,20.2,558.8,No,0,69,585.8,585.8,Don't know
1,95537,Male,1,1,0,27,1,1,Fiber optic,1,0,1,0,0,0,One year,1,0,4,85.9,2220.1,No,0,63,2319.3,2319.3,Don't know
1,95540,Male,0,0,1,54,1,0,DSL,0,1,1,1,0,0,One year,1,0,4,61.0,3283.05,No,0,56,3294.0,3294.0,Don't know
1,95543,Male,0,0,0,57,1,1,Fiber optic,0,0,0,0,1,0,One year,1,0,3,86.9,4939.25,No,0,71,4953.3,4953.3,Don't know
1,95545,Male,0,0,0,62,1,1,DSL,1,1,1,1,0,0,Two year,0,1,6,69.4,4237.5,No,0,67,4302.8,4302.8,Don't know
1,95546,Female,0,1,1,15,1,0,No,0,0,0,0,0,0,One year,0,1,1,20.35,335.95,No,0,68,305.25,305.25,Don't know
1,95548,Female,0,1,0,70,1,1,Fiber optic,0,0,1,1,1,1,Two year,1,1,6,104.3,7188.5,No,0,70,7301.0,7301.0,Don't know
1,95549,Female,0,1,1,21,1,0,DSL,0,0,0,0,0,0,Month-to-month,1,0,1,44.95,926.25,No,0,54,943.95,943.95,Don't know
1,95550,Female,0,0,1,23,1,0,DSL,0,0,0,1,0,0,One year,1,0,2,49.45,1119.35,No,0,70,1137.3500000000001,1137.3500000000001,Don't know
1,95551,Male,0,0,0,6,1,0,No,0,0,0,0,0,0,One year,0,0,1,20.6,116.6,No,0,20,123.60000000000001,123.60000000000001,Don't know
1,95552,Male,0,1,1,4,1,0,No,0,0,0,0,0,0,Two year,0,1,1,19.55,68.8,No,0,57,78.2,78.2,Don't know
1,95554,Female,0,0,0,23,1,1,Fiber optic,0,0,0,0,1,1,Month-to-month,1,0,4,93.5,2341.55,No,0,73,2150.5,2150.5,Don't know
1,95555,Male,0,0,0,26,0,0,DSL,1,0,0,1,1,1,One year,0,1,4,54.55,1362.85,No,0,54,1418.3,1418.3,Don't know
1,95556,Female,0,0,1,8,1,0,No,0,0,0,0,0,0,Month-to-month,0,0,1,20.05,163.6,No,0,32,160.4,160.4,Don't know
1,95559,Male,0,0,0,2,1,1,Fiber optic,0,1,0,0,0,0,Month-to-month,1,0,3,79.45,145.15,No,0,65,158.9,158.9,Don't know
1,95563,Female,0,0,0,59,1,1,DSL,1,1,1,1,0,1,One year,0,1,7,79.85,4786.1,No,0,64,4711.15,4711.15,Don't know
1,95564,Male,0,1,1,39,1,1,Fiber optic,0,0,1,0,1,1,One year,0,0,5,100.0,3835.55,No,0,64,3900.0,3900.0,Don't know
1,95565,Male,0,0,1,21,1,0,No,0,0,0,0,0,0,Two year,0,0,1,19.6,397,No,0,46,411.6,411.6,Don't know
1,95568,Female,0,1,1,48,1,0,No,0,0,0,0,0,0,Two year,0,1,1,20.2,1027.25,No,0,33,969.5999999999999,969.5999999999999,Don't know
1,95569,Female,1,1,0,31,0,0,DSL,1,1,1,0,0,1,One year,1,1,4,50.4,1580.1,No,0,39,1562.3999999999999,1562.3999999999999,Don't know
1,95570,Female,0,1,1,64,1,1,Fiber optic,1,1,1,1,1,1,One year,0,0,8,113.35,7222.75,No,0,20,7254.4,7254.4,Don't know
1,95571,Male,0,1,1,46,1,1,Fiber optic,0,1,0,0,0,0,Month-to-month,1,1,3,80.0,3769.7,No,0,51,3680.0,3680.0,Don't know
1,95573,Female,0,0,0,52,1,1,DSL,0,0,1,1,1,1,Two year,1,1,6,80.95,4233.95,No,0,28,4209.400000000001,4209.400000000001,Don't know
1,95585,Female,0,1,1,67,1,1,No,0,0,0,0,0,0,Two year,1,0,2,24.9,1680.25,No,0,59,1668.3,1668.3,Don't know
1,95587,Female,1,0,0,67,1,1,DSL,0,1,0,0,0,0,Month-to-month,0,0,3,54.9,3725.5,No,0,33,3678.2999999999997,3678.2999999999997,Don't know
1,95595,Female,0,1,0,71,1,1,Fiber optic,0,1,1,1,1,1,Two year,0,0,7,109.25,7707.7,No,0,42,7756.75,7756.75,Don't know
1,95603,Male,0,0,0,71,1,1,Fiber optic,1,1,1,1,1,1,One year,1,1,8,116.3,8309.55,No,0,59,8257.3,8257.3,Don't know
1,95605,Female,0,0,0,32,1,0,No,0,0,0,0,0,0,Month-to-month,0,1,1,19.9,601.55,No,0,29,636.8,636.8,Don't know
1,95606,Female,0,0,0,2,1,0,Fiber optic,0,0,0,0,0,0,Month-to-month,0,0,1,70.35,139.25,No,0,73,140.7,140.7,Don't know
1,95607,Female,0,1,0,71,1,1,No,0,0,0,0,0,0,Two year,0,1,2,25.6,1888.25,No,0,68,1817.6000000000001,1817.6000000000001,Don't know
1,95608,Female,0,0,0,60,0,0,DSL,1,0,1,0,0,1,One year,1,0,3,44.45,2773.9,No,0,48,2667.0,2667.0,Don't know
1,95610,Female,1,0,0,55,1,1,Fiber optic,0,0,1,0,1,1,One year,1,0,5,100.15,5409.75,No,0,64,5508.25,5508.25,Don't know
1,95615,Female,0,0,0,6,1,1,Fiber optic,0,0,0,0,0,0,Month-to-month,1,0,2,73.85,401.3,No,0,76,443.09999999999997,443.09999999999997,Don't know
1,95616,Female,0,1,1,48,1,0,DSL,1,1,1,0,0,1,Two year,1,1,5,70.1,3238.4,No,0,27,3364.7999999999997,3364.7999999999997,Don't know
1,95618,Male,0,1,1,63,1,1,No,0,0,0,0,0,0,Two year,0,0,2,25.25,1573.05,No,0,39,1590.75,1590.75,Don't know
1,95620,Male,0,0,1,12,1,0,No,0,0,0,0,0,0,Month-to-month,0,1,1,21.05,235.8,No,0,70,252.60000000000002,252.60000000000002,Don't know
1,95621,Male,1,1,0,54,0,0,DSL,0,0,0,0,0,0,Month-to-month,1,1,0,24.95,1364.75,No,0,56,1347.3,1347.3,Don't know
1,95623,Female,0,1,1,30,1,0,DSL,0,0,1,1,1,0,One year,1,0,4,64.5,1985.15,No,0,60,1935.0,1935.0,Don't know
1,95626,Female,0,0,0,40,1,1,Fiber optic,0,0,1,1,1,1,One year,1,1,6,105.95,4335.2,No,0,31,4238.0,4238.0,Don't know
1,95627,Female,0,1,1,9,1,0,Fiber optic,0,0,0,1,0,0,Month-to-month,1,0,2,75.85,647.5,No,0,51,682.65,682.65,Don't know
1,95629,Female,0,0,0,62,0,0,DSL,0,1,1,0,0,1,Two year,1,1,3,43.6,2748.7,No,0,53,2703.2000000000003,2703.2000000000003,Don't know
1,95630,Male,0,0,0,28,1,0,Fiber optic,0,1,0,1,1,0,One year,1,1,4,91.25,2483.65,No,0,41,2555.0,2555.0,Don't know
1,95631,Female,0,0,0,70,1,1,DSL,1,1,1,1,1,1,Two year,0,1,8,89.75,6367.2,No,0,78,6282.5,6282.5,Don't know
1,95632,Female,0,0,0,46,1,0,Fiber optic,0,1,1,1,1,1,Two year,1,1,6,104.4,4904.2,No,0,24,4802.400000000001,4802.400000000001,Don't know
1,95633,Female,0,1,0,23,1,1,Fiber optic,0,0,1,0,0,1,Month-to-month,0,0,4,90.15,2044.95,No,0,50,2073.4500000000003,2073.4500000000003,Don't know
1,95634,Male,0,1,1,47,0,0,DSL,1,0,1,1,0,0,One year,0,0,3,40.3,1794.8,No,0,29,1894.1,1894.1,Don't know
1,95635,Male,0,1,1,68,1,0,Fiber optic,1,1,1,0,1,1,Two year,1,1,6,105.25,7173.15,No,0,36,7157.0,7157.0,Don't know
1,95637,Female,0,0,1,67,1,1,Fiber optic,0,1,0,1,1,1,Two year,1,0,6,104.0,7039.05,No,0,39,6968.0,6968.0,Don't know
1,95638,Female,0,0,0,14,1,0,DSL,0,0,0,1,1,1,Month-to-month,1,0,4,69.65,921.4,No,0,69,975.1000000000001,975.1000000000001,Don't know
1,95639,Male,0,1,1,57,1,1,Fiber optic,0,0,0,0,0,0,Month-to-month,1,0,2,74.3,4018.35,No,0,65,4235.099999999999,4235.099999999999,Don't know
1,95640,Female,0,1,1,55,1,1,Fiber optic,1,0,0,0,1,1,One year,0,0,5,100.9,5448.6,No,0,55,5549.5,5549.5,Don't know
1,95641,Male,0,0,0,1,1,0,No,0,0,0,0,0,0,Month-to-month,1,0,1,20.25,20.25,No,0,21,20.25,20.25,Don't know
1,95645,Male,0,0,0,23,1,1,Fiber optic,0,0,1,1,1,0,Month-to-month,1,1,5,96.9,2085.45,No,0,22,2228.7000000000003,2228.7000000000003,Don't know
1,95648,Male,0,1,0,47,1,1,Fiber optic,0,1,1,0,1,1,Month-to-month,1,0,6,104.1,5135.15,No,0,71,4892.7,4892.7,Don't know
1,95650,Male,0,0,0,38,1,0,No,0,0,0,0,0,0,One year,0,0,1,20.1,730.1,No,0,26,763.8000000000001,763.8000000000001,Don't know
1,95653,Female,1,0,0,2,1,1,DSL,0,1,0,0,0,0,Month-to-month,1,1,3,56.55,118.25,No,0,33,113.1,113.1,Don't know
1,95658,Male,0,1,0,15,1,0,Fiber optic,0,0,0,0,0,0,Month-to-month,1,1,1,68.6,1108.6,No,0,47,1029.0,1029.0,Don't know
1,95659,Female,0,0,0,26,1,0,Fiber optic,0,0,0,0,0,0,Month-to-month,1,1,1,69.05,1815.65,No,0,23,1795.3,1795.3,Don't know
1,95660,Female,0,1,1,35,1,0,No,0,0,0,0,0,0,Two year,0,1,1,19.7,730.4,No,0,43,689.5,689.5,Don't know
1,95661,Male,0,0,1,3,1,0,No,0,0,0,0,0,0,Month-to-month,1,0,1,20.05,75.45,No,0,70,60.150000000000006,60.150000000000006,Don't know
1,95663,Male,0,1,0,42,1,1,Fiber optic,1,0,1,0,0,1,Month-to-month,1,0,5,94.4,4014.6,No,0,47,3964.8,3964.8,Don't know
1,95664,Male,0,1,0,10,1,0,DSL,1,0,0,1,0,0,Month-to-month,1,1,3,54.95,568.85,No,0,26,549.5,549.5,Don't know
1,95665,Female,0,1,0,61,1,0,Fiber optic,1,1,0,1,0,1,One year,0,1,5,93.7,5860.7,No,0,48,5715.7,5715.7,Don't know
1,95666,Female,0,0,0,68,1,1,Fiber optic,1,1,0,1,1,1,Two year,0,1,7,110.25,7279.35,No,0,36,7497.0,7497.0,Don't know
1,95667,Male,0,0,0,10,1,0,Fiber optic,1,0,1,0,1,1,One year,1,0,5,98.9,1064.95,No,0,50,989.0,989.0,Don't know
1,95669,Female,0,1,1,72,1,0,DSL,1,0,1,1,1,1,Two year,1,1,6,80.45,5886.85,No,0,54,5792.400000000001,5792.400000000001,Don't know
1,95670,Male,0,1,1,55,1,0,Fiber optic,0,1,0,1,0,0,Month-to-month,0,0,3,79.4,4238.45,No,0,32,4367.0,4367.0,Don't know
1,95673,Female,0,0,0,7,1,0,DSL,0,0,1,1,0,1,Month-to-month,0,1,4,62.8,418.3,No,0,46,439.59999999999997,439.59999999999997,Don't know
1,95674,Female,0,0,0,2,1,1,Fiber optic,0,0,0,0,0,0,Month-to-month,1,0,2,74.9,136.05,No,0,62,149.8,149.8,Don't know
1,95675,Female,0,0,0,9,1,0,Fiber optic,1,0,0,0,0,0,Month-to-month,1,0,2,74.85,708.2,No,0,66,673.65,673.65,Don't know
1,95677,Male,0,0,1,27,1,1,No,0,0,0,0,0,0,Two year,1,1,2,25.85,788.55,No,0,21,697.95,697.95,Don't know
1,95681,Female,0,1,0,64,1,0,DSL,0,1,1,1,0,1,Two year,1,0,5,68.3,4378.8,No,0,31,4371.2,4371.2,Don't know
1,95682,Male,0,0,0,70,0,0,DSL,1,0,1,1,0,1,Two year,0,1,4,48.4,3442.8,No,0,66,3388.0,3388.0,Don't know
1,95684,Male,1,0,0,67,1,0,Fiber optic,1,1,0,1,1,1,Two year,1,0,6,105.05,7171.7,No,0,49,7038.349999999999,7038.349999999999,Don't know
1,95686,Female,0,0,0,24,1,1,No,0,0,0,0,0,0,Two year,0,1,2,25.15,553,No,0,56,603.5999999999999,603.5999999999999,Don't know
1,95687,Male,0,1,1,4,1,0,No,0,0,0,0,0,0,Two year,0,1,1,19.5,96.85,No,0,31,78.0,78.0,Don't know
1,95688,Male,0,1,1,44,1,0,Fiber optic,0,0,1,0,1,1,Month-to-month,1,1,4,92.95,4122.9,No,0,78,4089.8,4089.8,Don't know
1,95689,Female,0,1,1,72,1,0,No,0,0,0,0,0,0,Two year,1,0,1,20.7,1482.3,No,0,40,1490.3999999999999,1490.3999999999999,Don't know
1,95691,Male,0,0,0,66,1,0,No,0,0,0,0,0,0,Two year,0,1,1,19.35,1240.8,No,0,23,1277.1000000000001,1277.1000000000001,Don't know
1,95695,Male,1,1,0,65,1,1,Fiber optic,0,1,1,0,1,1,Month-to-month,1,0,6,104.35,6578.55,No,0,69,6782.75,6782.75,Don't know
1,95701,Male,0,0,1,1,1,0,No,0,0,0,0,0,0,Month-to-month,0,0,1,19.55,19.55,No,0,21,19.55,19.55,Don't know
1,95703,Male,0,1,1,38,1,0,DSL,1,1,1,1,1,0,One year,0,0,6,74.05,2802.3,No,0,59,2813.9,2813.9,Don't know
1,95709,Male,0,0,1,23,0,0,DSL,1,0,1,1,0,0,Two year,0,0,3,40.1,857.75,No,0,24,922.3000000000001,922.3000000000001,Don't know
1,95713,Female,0,1,0,10,1,0,No,0,0,0,0,0,0,One year,0,0,1,20.1,184.4,No,0,77,201.0,201.0,Don't know
1,95715,Male,0,1,1,72,1,1,DSL,1,0,1,1,1,1,Two year,1,1,7,83.55,6093.3,No,0,28,6015.599999999999,6015.599999999999,Don't know
1,95717,Female,0,1,0,35,1,0,DSL,0,1,0,1,0,0,Month-to-month,0,0,3,56.85,1861.1,No,0,46,1989.75,1989.75,Don't know
1,95721,Female,0,1,1,58,1,0,No,0,0,0,0,0,0,Two year,0,1,1,19.55,1079.65,No,0,78,1133.9,1133.9,Don't know
1,95722,Male,0,1,1,70,1,0,Fiber optic,0,1,1,1,1,1,One year,1,0,6,106.15,7475.1,No,0,50,7430.5,7430.5,Don't know
1,95726,Male,0,1,1,38,1,1,DSL,0,1,1,0,1,1,One year,0,1,6,78.95,2862.55,No,0,60,3000.1,3000.1,Don't know
1,95728,Female,0,1,1,60,0,0,DSL,0,1,0,0,1,1,Month-to-month,1,0,3,49.75,3069.45,No,0,77,2985.0,2985.0,Don't know
1,95735,Male,0,0,0,26,1,1,Fiber optic,1,1,0,0,1,0,Month-to-month,1,1,5,92.4,2349.8,No,0,75,2402.4,2402.4,Don't know
1,95736,Female,0,0,0,8,1,0,DSL,1,1,0,1,0,0,One year,0,1,4,58.2,469.25,No,0,52,465.6,465.6,Don't know
1,95746,Female,1,1,0,36,1,1,Fiber optic,0,1,0,0,1,0,Month-to-month,1,1,4,91.95,3301.05,No,0,48,3310.2000000000003,3310.2000000000003,Don't know
1,95747,Male,1,0,0,54,1,0,DSL,0,0,1,1,0,1,One year,0,1,4,65.25,3529.95,No,0,66,3523.5,3523.5,Don't know
1,95762,Female,0,0,0,55,1,1,Fiber optic,0,0,0,0,0,0,Month-to-month,1,0,2,73.1,4144.9,No,0,46,4020.4999999999995,4020.4999999999995,Don't know
1,95765,Female,0,0,0,72,1,1,DSL,1,1,0,0,0,0,Two year,0,1,4,59.75,4265,No,0,59,4302.0,4302.0,Don't know
1,95814,Female,0,1,1,54,1,1,DSL,0,1,1,0,0,0,Two year,1,1,4,59.8,3246.45,No,0,24,3229.2,3229.2,Don't know
1,95815,Male,0,1,1,72,1,1,Fiber optic,1,1,1,1,1,1,Two year,1,1,8,116.6,8337.45,No,0,59,8395.199999999999,8395.199999999999,Don't know
1,95816,Male,0,0,0,52,1,1,Fiber optic,1,0,1,1,1,1,Two year,1,0,7,109.3,5731.4,No,0,33,5683.599999999999,5683.599999999999,Don't know
1,95817,Female,1,0,0,60,1,1,Fiber optic,1,0,0,0,1,1,One year,1,1,5,101.4,6176.6,No,0,66,6084.0,6084.0,Don't know
1,95818,Female,0,0,0,39,0,0,DSL,0,0,1,0,1,1,Month-to-month,1,1,3,50.65,1905.4,No,0,31,1975.35,1975.35,Don't know
1,95819,Female,0,0,0,15,1,0,DSL,0,0,0,0,1,0,One year,0,0,2,56.15,931.9,No,0,25,842.25,842.25,Don't know
1,95821,Male,0,1,1,43,1,0,No,0,0,0,0,0,0,One year,1,0,1,19.2,776.25,No,0,74,825.6,825.6,Don't know
1,95822,Female,1,0,0,63,1,1,DSL,1,1,1,1,1,0,One year,0,1,7,83.0,5243.05,No,0,29,5229.0,5229.0,Don't know
1,95823,Male,1,1,0,2,1,0,Fiber optic,0,0,0,0,0,0,Month-to-month,0,0,1,70.1,141.65,No,0,74,140.2,140.2,Don't know
1,95824,Female,0,1,1,72,1,0,Fiber optic,1,1,1,1,1,1,Two year,1,1,7,108.3,7679.65,No,0,33,7797.599999999999,7797.599999999999,Don't know
1,95826,Male,0,1,1,40,1,1,No,0,0,0,0,0,0,Two year,0,1,2,25.25,1006.9,No,0,53,1010.0,1010.0,Don't know
1,95827,Female,0,1,0,58,0,0,DSL,1,1,0,0,1,0,One year,1,0,3,45.35,2540.1,No,0,41,2630.3,2630.3,Don't know
1,95828,Male,0,0,0,67,0,0,DSL,1,0,0,1,1,0,Two year,0,0,3,43.9,3097.2,No,0,62,2941.2999999999997,2941.2999999999997,Don't know
1,95830,Male,0,1,0,31,1,1,DSL,0,0,1,1,1,1,One year,1,0,6,79.3,2484,No,0,34,2458.2999999999997,2458.2999999999997,Don't know
1,95831,Male,1,1,0,69,1,1,Fiber optic,1,1,0,0,0,0,Month-to-month,1,1,4,84.9,5785.65,No,0,59,5858.1,5858.1,Don't know
1,95832,Male,0,1,0,32,1,1,Fiber optic,0,0,0,1,0,0,One year,1,0,3,79.25,2619.15,No,0,43,2536.0,2536.0,Don't know
1,95833,Female,0,0,0,21,1,0,DSL,1,1,0,1,1,0,Two year,0,1,5,71.05,1524.85,No,0,56,1492.05,1492.05,Don't know
1,95834,Male,0,0,0,52,1,0,DSL,1,0,1,0,0,0,One year,0,0,3,53.75,2790.65,No,0,23,2795.0,2795.0,Don't know
1,95835,Female,0,1,1,72,1,1,No,0,0,0,0,0,0,Two year,0,1,2,24.25,1784.5,No,0,26,1746.0,1746.0,Don't know
1,95838,Male,0,1,1,52,0,0,DSL,1,0,1,0,0,1,One year,0,1,3,44.25,2276.1,No,0,30,2301.0,2301.0,Don't know
1,95841,Female,0,0,0,41,1,0,DSL,0,0,0,1,0,0,One year,0,1,2,50.05,2029.05,No,0,64,2052.0499999999997,2052.0499999999997,Don't know
1,95842,Male,0,0,0,41,1,0,No,0,0,0,0,0,0,Two year,0,0,1,20.15,802.35,No,0,47,826.15,826.15,Don't know
1,95864,Male,0,1,1,67,1,1,DSL,1,1,1,1,0,0,One year,1,1,6,69.35,4653.25,No,0,40,4646.45,4646.45,Don't know
1,95901,Female,0,1,1,16,1,0,No,0,0,0,0,0,0,Month-to-month,0,0,1,19.35,275.9,No,0,31,309.6,309.6,Don't know
1,95903,Male,0,0,0,17,1,0,No,0,0,0,0,0,0,Two year,0,0,1,19.15,343.45,No,0,60,325.54999999999995,325.54999999999995,Don't know
1,95910,Male,0,1,0,35,1,0,DSL,1,1,1,0,0,0,Month-to-month,0,0,4,61.0,2130.45,No,0,79,2135.0,2135.0,Don't know
1,95912,Female,0,1,1,58,1,0,No,0,0,0,0,0,0,Two year,0,1,1,20.5,1191.4,No,0,72,1189.0,1189.0,Don't know
1,95916,Male,0,1,1,52,0,0,DSL,0,1,1,1,1,0,Two year,0,0,4,50.2,2554,No,0,47,2610.4,2610.4,Don't know
1,95917,Female,0,0,0,70,1,0,DSL,1,0,1,1,1,1,Two year,0,1,6,79.6,5589.45,No,0,38,5572.0,5572.0,Don't know
1,95918,Female,0,1,1,19,1,1,No,0,0,0,0,0,0,Two year,1,1,2,24.9,467.7,No,0,79,473.09999999999997,473.09999999999997,Don't know
1,95920,Female,0,1,1,35,1,0,Fiber optic,1,0,1,1,1,1,Month-to-month,1,0,6,106.9,3756.45,No,0,80,3741.5,3741.5,Don't know
1,95922,Female,0,0,0,32,1,1,Fiber optic,0,0,1,0,1,1,Month-to-month,1,0,5,101.35,3334.9,No,0,72,3243.2,3243.2,Don't know
1,95923,Female,0,1,1,17,1,0,DSL,1,0,0,1,0,0,Month-to-month,1,1,3,55.35,920.5,No,0,57,940.95,940.95,Don't know
1,95925,Female,0,1,1,67,1,0,DSL,0,1,0,0,0,0,One year,0,1,2,50.55,3431.75,No,0,51,3386.85,3386.85,Don't know
1,95926,Female,0,0,0,9,1,0,No,0,0,0,0,0,0,Month-to-month,0,1,1,19.5,150.35,No,0,54,175.5,175.5,Don't know
1,95930,Male,0,0,0,4,1,1,Fiber optic,1,0,0,0,1,0,Month-to-month,0,0,4,90.65,367.95,No,0,70,362.6,362.6,Don't know
1,95932,Male,1,1,1,58,1,1,Fiber optic,1,1,0,1,0,0,One year,1,1,5,89.85,5125.75,No,0,58,5211.299999999999,5211.299999999999,Don't know
1,95934,Male,0,0,0,60,1,0,DSL,1,0,1,1,1,1,One year,0,0,6,79.0,4801.1,No,0,43,4740.0,4740.0,Don't know
1,95936,Male,0,0,0,1,1,0,No,0,0,0,0,0,0,Month-to-month,0,0,1,19.55,19.55,No,0,79,19.55,19.55,Don't know
1,95937,Female,0,1,1,27,1,0,No,0,0,0,0,0,0,Two year,0,0,1,19.9,550.1,No,0,49,537.3,537.3,Don't know
1,95938,Male,1,1,1,66,1,1,Fiber optic,1,1,1,1,1,1,One year,1,0,8,116.25,7862.25,No,0,31,7672.5,7672.5,Don't know
1,95939,Male,0,0,0,15,1,1,Fiber optic,1,0,0,0,1,0,Month-to-month,1,1,4,87.75,1242.2,No,0,61,1316.25,1316.25,Don't know
1,95942,Female,0,0,0,41,1,1,Fiber optic,1,0,0,0,0,0,Month-to-month,1,1,3,81.3,3190.65,No,0,62,3333.2999999999997,3333.2999999999997,Don't know
1,95943,Male,0,1,0,59,0,0,DSL,0,0,0,0,1,1,Month-to-month,1,0,2,44.3,2666.75,No,0,28,2613.7,2613.7,Don't know
1,95944,Female,0,0,1,50,1,0,Fiber optic,0,0,0,0,0,0,Two year,0,1,1,70.35,3533.6,No,0,50,3517.4999999999995,3517.4999999999995,Don't know
1,95945,Male,0,1,1,17,0,0,DSL,1,0,1,0,1,0,One year,0,1,3,44.45,792.15,No,0,73,755.6500000000001,755.6500000000001,Don't know
1,95946,Male,0,1,1,6,1,0,DSL,1,0,0,0,0,0,Month-to-month,1,0,2,49.15,295.65,No,0,43,294.9,294.9,Don't know
1,95947,Male,1,1,0,51,0,0,DSL,0,1,0,0,0,0,Month-to-month,1,1,1,29.45,1459.35,No,0,80,1501.95,1501.95,Don't know
1,95949,Male,0,1,0,49,1,0,Fiber optic,0,1,0,0,1,0,Month-to-month,1,1,3,85.3,4297.95,No,0,71,4179.7,4179.7,Don't know
1,95951,Male,0,1,0,59,1,1,DSL,1,0,0,1,0,1,One year,1,0,5,69.1,4096.9,No,0,29,4076.8999999999996,4076.8999999999996,Don't know
1,95953,Male,1,0,0,50,1,1,DSL,1,1,0,0,1,0,Month-to-month,1,1,5,70.35,3454.6,No,0,30,3517.4999999999995,3517.4999999999995,Don't know
1,95954,Female,0,1,1,59,1,0,No,0,0,0,0,0,0,Two year,0,0,1,20.6,1286,No,0,55,1215.4,1215.4,Don't know
1,95955,Male,0,0,0,18,1,1,Fiber optic,0,0,0,0,0,0,Month-to-month,0,0,2,74.15,1387,No,0,49,1334.7,1334.7,Don't know
1,95956,Male,0,0,0,10,1,1,Fiber optic,0,0,0,0,0,0,Month-to-month,0,0,2,75.05,786.3,No,0,23,750.5,750.5,Don't know
1,95957,Male,0,1,0,14,1,0,DSL,0,0,0,0,0,0,One year,0,0,1,44.6,641.25,No,0,51,624.4,624.4,Don't know
1,95959,Male,0,0,0,35,1,0,No,0,0,0,0,0,0,Two year,0,1,1,21.45,705.45,No,0,71,750.75,750.75,Don't know
1,95960,Male,0,1,1,8,1,0,DSL,0,0,0,0,0,0,One year,1,0,1,43.45,345.5,No,0,50,347.6,347.6,Don't know
1,95961,Male,0,1,1,18,1,0,No,0,0,0,0,0,0,One year,0,1,1,20.05,345.9,No,0,63,360.90000000000003,360.90000000000003,Don't know
1,95962,Female,0,1,1,60,1,1,Fiber optic,1,1,0,0,1,0,One year,0,1,5,94.15,5811.8,No,0,60,5649.0,5649.0,Don't know
1,95965,Female,0,0,0,6,1,0,No,0,0,0,0,0,0,Two year,0,0,1,19.55,124.45,No,0,61,117.30000000000001,117.30000000000001,Don't know
1,95966,Female,0,0,1,19,1,1,DSL,1,1,0,1,1,0,Month-to-month,1,0,6,75.9,1375.6,No,0,69,1442.1000000000001,1442.1000000000001,Don't know
1,95968,Male,0,1,1,53,1,1,DSL,1,1,0,1,0,0,One year,0,1,5,64.15,3491.55,No,0,45,3399.9500000000003,3399.9500000000003,Don't know
1,95969,Male,1,1,0,72,1,1,Fiber optic,1,1,1,0,1,1,Two year,1,1,7,109.55,7920.7,No,0,59,7887.599999999999,7887.599999999999,Don't know
1,95970,Female,0,1,0,60,1,1,Fiber optic,0,1,1,1,1,1,Two year,1,1,7,110.8,6640.7,No,0,79,6648.0,6648.0,Don't know
1,95973,Female,0,0,1,13,1,0,DSL,0,0,1,1,0,0,Month-to-month,0,0,3,53.45,718.1,No,0,40,694.85,694.85,Don't know
1,95974,Female,0,1,1,5,1,0,Fiber optic,0,0,0,0,0,0,Month-to-month,0,1,1,69.95,320.4,No,0,73,349.75,349.75,Don't know
1,95977,Male,0,1,1,13,1,0,Fiber optic,0,0,1,0,1,1,Month-to-month,0,0,4,97.0,1334.45,No,0,35,1261.0,1261.0,Don't know
1,95978,Male,0,0,0,37,1,1,DSL,1,1,1,1,1,1,One year,1,1,8,90.6,3358.65,No,0,26,3352.2,3352.2,Don't know
1,95979,Male,0,1,0,64,1,0,Fiber optic,1,0,0,0,0,0,Month-to-month,1,0,2,73.55,4764,No,0,50,4707.2,4707.2,Don't know
1,95982,Female,0,1,0,61,1,1,Fiber optic,0,1,0,1,0,1,Two year,1,1,5,94.35,5703,No,0,48,5755.349999999999,5755.349999999999,Don't know
1,95986,Male,0,0,0,26,1,0,No,0,0,0,0,0,0,One year,0,0,1,19.4,525.55,No,0,71,504.4,504.4,Don't know
1,95988,Male,0,1,0,24,1,0,No,0,0,0,0,0,0,Two year,0,0,1,19.75,483.15,No,0,34,474.0,474.0,Don't know
1,95991,Male,0,1,0,17,0,0,DSL,0,0,1,1,1,1,One year,0,0,4,54.6,934.8,No,0,22,928.2,928.2,Don't know
1,95993,Female,0,0,1,26,0,0,DSL,0,0,1,0,0,0,Month-to-month,1,0,1,29.8,786.5,No,0,27,774.8000000000001,774.8000000000001,Don't know
1,96003,Male,0,0,0,52,1,1,Fiber optic,0,1,1,0,1,1,Month-to-month,1,0,6,103.05,5364.8,No,0,80,5358.599999999999,5358.599999999999,Don't know
1,96007,Male,0,0,0,1,1,0,No,0,0,0,0,0,0,Month-to-month,0,0,1,20.3,20.3,No,0,46,20.3,20.3,Don't know
1,96008,Female,0,0,0,21,0,0,DSL,1,0,0,1,0,0,Two year,0,0,2,35.1,770.4,No,0,25,737.1,737.1,Don't know
1,96009,Female,0,1,0,67,1,1,Fiber optic,0,1,1,0,1,1,One year,1,1,6,105.7,6816.95,No,0,68,7081.900000000001,7081.900000000001,Don't know
1,96010,Female,0,1,1,44,1,0,DSL,1,0,0,1,0,0,Month-to-month,0,1,3,56.25,2419.55,No,0,28,2475.0,2475.0,Don't know
1,96011,Male,0,1,1,70,0,0,DSL,0,1,1,1,1,1,One year,0,0,5,60.35,4138.7,No,0,56,4224.5,4224.5,Don't know
1,96014,Male,0,1,1,56,1,0,DSL,1,1,1,0,0,0,Two year,1,1,4,59.8,3457.45,No,0,72,3348.7999999999997,3348.7999999999997,Don't know
1,96020,Female,0,1,1,46,1,1,Fiber optic,1,0,1,1,0,1,Two year,0,0,6,99.65,4630.2,No,0,58,4583.900000000001,4583.900000000001,Don't know
1,96021,Female,0,1,1,63,1,0,DSL,1,0,0,0,0,0,Two year,1,1,2,50.65,3221.25,No,0,36,3190.95,3190.95,Don't know
1,96022,Male,0,0,0,11,1,0,DSL,0,1,1,1,0,0,Month-to-month,1,0,4,60.9,688.5,No,0,58,669.9,669.9,Don't know
1,96023,Male,0,1,1,15,1,1,DSL,0,0,1,1,0,0,Month-to-month,1,1,4,59.65,867.1,No,0,75,894.75,894.75,Don't know
1,96024,Male,0,1,0,72,0,0,DSL,1,1,1,1,1,1,Two year,1,0,6,64.7,4746.05,No,0,36,4658.400000000001,4658.400000000001,Don't know
1,96028,Female,0,1,1,6,1,0,DSL,0,0,0,0,1,0,Month-to-month,0,0,2,54.85,355.1,No,0,80,329.1,329.1,Don't know
1,96031,Male,0,1,1,63,1,1,Fiber optic,0,1,0,0,0,1,One year,1,0,4,91.35,5764.7,No,0,47,5755.049999999999,5755.049999999999,Don't know
1,96033,Female,0,1,1,18,1,1,No,0,0,0,0,0,0,Two year,0,0,2,25.1,428.45,No,0,55,451.8,451.8,Don't know
1,96034,Female,0,1,0,43,0,0,DSL,1,0,0,1,0,0,Month-to-month,0,1,2,34.0,1505.35,No,0,74,1462.0,1462.0,Don't know
1,96035,Female,0,0,0,15,0,0,DSL,1,1,1,1,0,0,One year,0,0,4,45.9,693.45,No,0,51,688.5,688.5,Don't know
1,96038,Male,0,1,1,55,1,0,No,0,0,0,0,0,0,Two year,0,0,1,20.5,1177.95,No,0,25,1127.5,1127.5,Don't know
1,96041,Male,0,1,1,70,1,0,No,0,0,0,0,0,0,Two year,0,1,1,20.35,1458.1,No,0,69,1424.5,1424.5,Don't know
1,96046,Male,1,1,0,63,0,0,DSL,1,0,0,1,0,0,One year,0,1,2,36.1,2298.9,No,0,48,2274.3,2274.3,Don't know
1,96047,Female,0,0,0,25,1,0,DSL,0,1,0,1,0,1,Month-to-month,1,1,4,65.8,1679.65,No,0,66,1645.0,1645.0,Don't know
1,96048,Female,1,0,0,18,1,0,No,0,0,0,0,0,0,One year,0,1,1,20.35,369.6,No,0,30,366.3,366.3,Don't know
1,96050,Male,1,1,0,28,1,1,Fiber optic,0,1,0,1,1,1,Month-to-month,1,0,6,105.8,2998,No,0,73,2962.4,2962.4,Don't know
1,96051,Female,1,0,0,53,1,0,Fiber optic,1,1,0,1,0,1,One year,1,0,5,96.75,5206.55,No,0,58,5127.75,5127.75,Don't know
1,96054,Male,0,0,0,1,0,0,DSL,0,0,0,0,0,0,Month-to-month,0,0,0,24.4,24.4,No,0,80,24.4,24.4,Don't know
1,96057,Female,0,1,0,26,1,0,DSL,0,1,0,1,1,1,Month-to-month,1,0,5,73.05,1959.5,No,0,46,1899.3,1899.3,Don't know
1,96058,Female,0,0,0,34,1,0,DSL,1,1,0,0,0,1,One year,0,0,4,64.35,2053.05,No,0,48,2187.8999999999996,2187.8999999999996,Don't know
1,96059,Female,0,0,1,19,1,0,No,0,0,0,0,0,0,Two year,0,0,1,20.5,398.55,No,0,69,389.5,389.5,Don't know
1,96062,Female,0,1,1,62,1,0,DSL,1,0,1,0,0,0,One year,0,1,3,54.75,3425.35,No,0,71,3394.5,3394.5,Don't know
1,96065,Male,0,0,0,24,1,0,DSL,1,0,0,0,0,0,Month-to-month,1,0,2,51.15,1275.7,No,0,35,1227.6,1227.6,Don't know
1,96067,Male,1,1,0,68,0,0,DSL,1,1,1,0,0,0,Two year,1,0,3,41.95,2965.75,No,0,34,2852.6000000000004,2852.6000000000004,Don't know
1,96068,Male,0,1,1,31,1,0,DSL,0,0,1,1,0,0,Month-to-month,0,0,3,54.35,1647,No,0,41,1684.8500000000001,1684.8500000000001,Don't know
1,96073,Female,0,1,0,63,1,0,Fiber optic,0,1,0,0,1,1,One year,1,0,4,96.0,6109.75,No,0,80,6048.0,6048.0,Don't know
1,96075,Female,0,1,1,61,0,0,DSL,0,1,1,1,1,1,Two year,1,1,5,61.45,3751.15,No,0,20,3748.4500000000003,3748.4500000000003,Don't know
1,96080,Male,0,0,0,18,1,0,No,0,0,0,0,0,0,One year,0,0,1,19.65,411.25,No,0,32,353.7,353.7,Don't know
1,96084,Female,0,1,1,6,1,0,No,0,0,0,0,0,0,One year,0,1,1,19.0,105.5,No,0,46,114.0,114.0,Don't know
1,96085,Female,0,0,0,33,1,1,Fiber optic,0,1,0,0,1,1,Month-to-month,1,0,5,100.0,3320.6,No,0,76,3300.0,3300.0,Don't know
1,96087,Female,0,1,0,56,1,0,Fiber optic,0,0,1,1,1,1,Month-to-month,1,0,5,98.7,5669.5,No,0,44,5527.2,5527.2,Don't know
1,96088,Male,0,0,1,23,1,0,No,0,0,0,0,0,0,One year,0,0,1,19.8,465.45,No,0,49,455.40000000000003,455.40000000000003,Don't know
1,96090,Male,0,0,0,9,1,0,Fiber optic,0,0,1,0,0,0,Month-to-month,1,0,2,73.8,704.3,No,0,52,664.1999999999999,664.1999999999999,Don't know
1,96093,Male,0,0,0,5,1,0,No,0,0,0,0,0,0,Month-to-month,0,1,1,20.05,95.55,No,0,51,100.25,100.25,Don't know
1,96094,Male,0,1,0,61,1,1,Fiber optic,1,1,0,0,1,1,Month-to-month,1,0,6,106.2,6375.2,No,0,74,6478.2,6478.2,Don't know
1,96096,Male,0,1,1,70,1,1,Fiber optic,1,1,1,1,1,1,Two year,1,1,8,116.55,8152.3,No,0,40,8158.5,8158.5,Don't know
1,96097,Male,0,0,0,15,1,1,Fiber optic,1,0,0,0,1,1,Month-to-month,1,0,5,99.7,1566.75,No,0,60,1495.5,1495.5,Don't know
1,96101,Male,0,1,1,8,1,0,No,0,0,0,0,0,0,Two year,0,0,1,19.7,130.25,No,0,29,157.6,157.6,Don't know
1,96103,Female,0,1,1,8,1,0,No,0,0,0,0,0,0,Two year,0,0,1,19.5,162.15,No,0,58,156.0,156.0,Don't know
1,96104,Female,0,0,0,4,0,0,DSL,1,0,0,0,0,0,Month-to-month,1,0,1,29.15,110.05,No,0,78,116.6,116.6,Don't know
1,96105,Female,0,0,0,34,1,0,DSL,1,1,0,0,0,0,One year,0,0,3,55.0,1885.15,No,0,46,1870.0,1870.0,Don't know
1,96106,Male,0,1,0,68,1,1,DSL,1,1,1,1,1,1,Two year,1,1,8,90.8,6302.85,No,0,69,6174.4,6174.4,Don't know
1,96107,Female,0,1,1,45,0,0,DSL,0,1,1,1,0,1,One year,0,1,4,51.0,2264.5,No,0,22,2295.0,2295.0,Don't know
1,96108,Female,1,0,0,9,1,1,Fiber optic,0,0,1,0,1,0,Month-to-month,1,0,4,90.1,816.8,No,0,48,810.9,810.9,Don't know
1,96109,Female,0,0,0,22,1,1,DSL,1,0,0,1,0,0,Month-to-month,1,0,4,59.05,1253.5,No,0,47,1299.1,1299.1,Don't know
1,96110,Female,0,0,0,2,1,0,No,0,0,0,0,0,0,Month-to-month,0,0,1,20.3,41.2,No,0,24,40.6,40.6,Don't know
1,96112,Male,0,1,0,70,1,1,DSL,0,1,1,1,1,0,Two year,0,1,6,72.95,5265.55,No,0,70,5106.5,5106.5,Don't know
1,96113,Female,0,0,1,10,1,1,DSL,1,0,1,1,0,1,One year,0,1,6,73.55,693.3,No,0,29,735.5,735.5,Don't know
1,96114,Male,0,0,0,72,1,1,DSL,1,0,1,1,1,1,Two year,0,1,7,84.3,5997.1,No,0,35,6069.599999999999,6069.599999999999,Don't know
1,96115,Female,0,1,1,49,1,0,DSL,0,1,1,0,1,1,One year,0,1,5,78.0,3824.2,No,0,69,3822.0,3822.0,Don't know
1,96116,Female,1,0,0,54,1,1,DSL,0,1,0,1,1,0,One year,0,0,5,72.1,3886.05,No,0,47,3893.3999999999996,3893.3999999999996,Don't know
1,96117,Female,0,0,0,71,1,1,Fiber optic,1,1,1,0,1,1,Two year,1,1,7,106.75,7283.25,No,0,32,7579.25,7579.25,Don't know
1,96118,Female,0,0,0,22,1,0,No,0,0,0,0,0,0,One year,1,0,1,19.25,412.55,No,0,52,423.5,423.5,Don't know
1,96119,Female,0,1,1,50,1,0,No,0,0,0,0,0,0,Two year,0,1,1,20.55,1070.25,No,0,34,1027.5,1027.5,Don't know
1,96120,Female,0,1,1,43,1,0,No,0,0,0,0,0,0,One year,0,0,1,20.0,817.95,No,0,76,860.0,860.0,Don't know
1,96121,Female,0,1,1,45,1,1,No,0,0,0,0,0,0,Two year,1,1,2,24.65,1171.3,No,0,63,1109.25,1109.25,Don't know
1,96122,Male,1,0,0,64,1,1,Fiber optic,1,1,0,0,1,1,Month-to-month,1,1,6,103.5,6548.65,No,0,63,6624.0,6624.0,Don't know
1,96123,Female,0,1,1,23,1,1,No,0,0,0,0,0,0,Two year,0,0,2,23.85,625.65,No,0,78,548.5500000000001,548.5500000000001,Don't know
1,96124,Female,0,1,0,68,1,1,No,0,0,0,0,0,0,Two year,0,1,2,25.8,1911.5,No,0,21,1754.4,1754.4,Don't know
1,96128,Male,0,0,0,26,1,0,DSL,0,0,0,1,1,0,One year,0,1,3,59.45,1507,No,0,41,1545.7,1545.7,Don't know
1,96132,Male,0,0,0,14,1,0,No,0,0,0,0,0,0,Month-to-month,1,0,1,20.05,299.3,No,0,32,280.7,280.7,Don't know
1,96133,Male,0,1,0,71,1,0,DSL,1,0,1,1,1,1,Two year,1,0,6,82.55,5832.65,No,0,68,5861.05,5861.05,Don't know
1,96134,Male,0,0,0,64,1,1,DSL,1,1,1,1,1,0,One year,0,0,7,81.25,5567.55,No,0,67,5200.0,5200.0,Don't know
1,96137,Female,0,0,0,57,1,0,DSL,1,1,1,1,1,0,Two year,1,1,6,74.3,4166.35,No,0,54,4235.099999999999,4235.099999999999,Don't know
1,96142,Male,1,1,0,72,1,1,Fiber optic,0,1,1,1,1,1,Two year,0,1,7,109.7,7898.45,No,0,32,7898.400000000001,7898.400000000001,Don't know
1,96143,Female,0,1,1,40,1,1,Fiber optic,0,1,1,0,1,0,Month-to-month,1,1,5,96.35,3915.4,No,0,52,3854.0,3854.0,Don't know
1,96145,Male,0,1,0,14,1,1,DSL,0,0,0,1,1,0,Month-to-month,1,1,4,66.6,979.5,No,0,36,932.3999999999999,932.3999999999999,Don't know
1,96146,Male,0,1,1,2,1,0,DSL,0,0,0,0,0,0,Month-to-month,1,0,1,44.5,90.05,No,0,49,89.0,89.0,Don't know
1,90003,Male,0,0,0,5,1,0,Fiber optic,0,0,0,0,1,0,Month-to-month,1,0,2,80.1,398.55,No,0,22,400.5,400.5,Don't know
1,90004,Male,0,1,1,29,1,1,DSL,1,0,0,1,1,0,One year,0,1,5,69.05,1958.45,No,0,33,2002.4499999999998,2002.4499999999998,Don't know
1,90006,Female,0,0,0,3,1,0,No,0,0,0,0,0,0,Month-to-month,0,0,1,20.4,63.15,No,0,21,61.199999999999996,61.199999999999996,Don't know
1,90007,Male,0,1,1,71,1,0,No,0,0,0,0,0,0,Two year,0,1,1,19.7,1301.1,No,0,30,1398.7,1398.7,Don't know
1,90008,Male,0,0,1,9,1,0,DSL,0,1,0,0,0,0,Month-to-month,1,0,2,50.1,484.05,No,0,56,450.90000000000003,450.90000000000003,Don't know
1,90011,Female,0,0,0,48,1,1,DSL,1,1,1,0,1,1,One year,1,1,7,83.45,3887.85,No,0,58,4005.6000000000004,4005.6000000000004,Don't know
1,90012,Male,0,0,0,26,1,1,Fiber optic,1,1,0,0,0,0,Month-to-month,1,1,4,86.65,2208.75,No,0,54,2252.9,2252.9,Don't know
1,90013,Female,0,0,0,9,1,0,No,0,0,0,0,0,0,Month-to-month,0,1,1,20.15,238.15,No,0,27,181.35,181.35,Don't know
1,90015,Female,0,1,1,46,1,0,No,0,0,0,0,0,0,Two year,0,1,1,19.4,958.15,No,0,77,892.4,892.4,Don't know
1,90018,Male,0,1,1,64,0,0,DSL,1,0,1,1,1,1,Two year,1,1,5,60.05,3845.45,No,0,77,3843.2,3843.2,Don't know
1,90021,Female,0,1,0,59,1,0,No,0,0,0,0,0,0,One year,0,0,1,20.35,1267,No,0,57,1200.65,1200.65,Don't know
1,90022,Female,0,0,0,7,1,0,Fiber optic,0,1,0,0,1,1,One year,1,0,4,94.05,633.45,No,0,38,658.35,658.35,Don't know
1,90023,Female,1,1,0,72,1,1,DSL,1,1,1,0,1,1,Two year,1,1,7,84.1,6129.65,No,0,62,6055.2,6055.2,Don't know
1,90024,Male,1,0,0,16,1,0,Fiber optic,0,0,0,0,0,1,Month-to-month,1,0,2,78.75,1218.25,No,0,74,1260.0,1260.0,Don't know
1,90025,Male,0,1,0,25,1,1,DSL,0,0,1,0,0,0,Month-to-month,0,1,3,55.55,1405.3,No,0,49,1388.75,1388.75,Don't know
1,90029,Male,0,1,0,24,1,0,No,0,0,0,0,0,0,One year,0,0,1,20.1,533.9,No,0,69,482.40000000000003,482.40000000000003,Don't know
1,90031,Female,0,1,1,10,1,1,DSL,1,1,0,0,1,0,One year,0,0,5,70.3,676.15,No,0,36,703.0,703.0,Don't know
1,90032,Male,0,1,0,69,1,0,DSL,1,1,0,0,0,0,One year,1,1,3,53.65,3804.4,No,0,55,3701.85,3701.85,Don't know
1,90033,Male,0,0,0,57,1,0,No,0,0,0,0,0,0,Two year,0,0,1,20.75,1118.8,No,0,60,1182.75,1182.75,Don't know
1,90034,Male,0,1,1,50,1,0,Fiber optic,0,1,1,1,1,1,One year,1,1,6,103.4,5236.4,No,0,68,5170.0,5170.0,Don't know
1,90035,Male,0,1,1,28,0,0,DSL,1,0,1,1,1,0,One year,0,0,4,50.8,1386.8,No,0,45,1422.3999999999999,1422.3999999999999,Don't know
1,90037,Male,0,0,0,25,1,0,DSL,1,1,0,1,1,1,Month-to-month,1,0,6,79.0,1902,No,0,52,1975.0,1975.0,Don't know
1,90038,Female,1,1,0,3,1,0,Fiber optic,0,1,0,0,0,0,Month-to-month,1,1,2,74.6,239.05,No,0,57,223.79999999999998,223.79999999999998,Don't know
1,90039,Male,0,1,0,61,1,1,Fiber optic,0,0,0,0,1,1,One year,1,1,4,96.5,5673.7,No,0,49,5886.5,5886.5,Don't know
1,90040,Female,0,0,0,2,1,0,No,0,0,0,0,0,0,Month-to-month,0,0,1,20.1,39.8,No,0,65,40.2,40.2,Don't know
1,90041,Male,0,1,1,51,1,0,No,0,0,0,0,0,0,One year,0,0,1,19.4,997.75,No,0,73,989.4,989.4,Don't know
1,90042,Female,0,1,1,71,1,0,DSL,1,0,1,0,1,1,Two year,0,1,5,77.55,5574.35,No,0,27,5506.05,5506.05,Don't know
1,90043,Female,0,1,1,20,1,0,No,0,0,0,0,0,0,Month-to-month,0,0,1,20.05,406.05,No,0,43,401.0,401.0,Don't know
1,90044,Male,0,1,1,6,1,0,No,0,0,0,0,0,0,Month-to-month,0,1,1,19.85,138.85,No,0,42,119.10000000000001,119.10000000000001,Don't know
1,90045,Female,0,0,0,6,1,0,No,0,0,0,0,0,0,Month-to-month,0,0,1,20.2,123.65,No,0,26,121.19999999999999,121.19999999999999,Don't know
1,90046,Female,0,0,0,29,1,1,DSL,1,1,0,1,0,0,Month-to-month,0,0,5,67.45,1801.1,No,0,65,1956.0500000000002,1956.0500000000002,Don't know
1,90047,Male,0,0,0,36,1,0,No,0,0,0,0,0,0,Two year,1,1,1,18.55,689,No,0,28,667.8000000000001,667.8000000000001,Don't know
1,90048,Female,0,0,0,28,0,0,DSL,0,0,1,0,0,0,Month-to-month,1,0,1,29.75,790.7,No,0,67,833.0,833.0,Don't know
1,90056,Female,0,0,0,63,1,1,No,0,0,0,0,0,0,Two year,0,0,2,24.2,1618.2,No,0,64,1524.6,1524.6,Don't know
1,90057,Male,0,1,1,48,1,1,No,0,0,0,0,0,0,Two year,0,0,2,23.55,1173.35,No,0,66,1130.4,1130.4,Don't know
1,90058,Female,0,1,0,49,1,0,No,0,0,0,0,0,0,One year,0,1,1,20.45,900.9,No,0,20,1002.05,1002.05,Don't know
1,90061,Male,0,1,0,72,1,1,DSL,1,1,1,1,1,1,Two year,0,1,8,92.3,6719.9,No,0,56,6645.599999999999,6645.599999999999,Don't know
1,90063,Female,0,1,1,72,0,0,DSL,0,1,0,1,1,1,Two year,0,1,4,53.65,3784,No,0,47,3862.7999999999997,3862.7999999999997,Don't know
1,90064,Female,0,0,0,47,0,0,DSL,1,1,0,1,0,0,One year,0,1,3,39.65,1798.65,No,0,26,1863.55,1863.55,Don't know
1,90065,Female,0,0,0,1,1,0,DSL,0,0,0,0,1,0,Month-to-month,1,0,2,54.65,54.65,No,0,74,54.65,54.65,Don't know
1,90066,Female,0,0,0,36,1,1,Fiber optic,0,1,1,0,1,1,One year,1,1,6,104.8,3886.45,No,0,68,3772.7999999999997,3772.7999999999997,Don't know
1,90067,Male,0,1,1,43,0,0,DSL,0,1,0,0,0,0,Month-to-month,0,1,1,29.3,1224.05,No,0,70,1259.9,1259.9,Don't know
1,90068,Female,1,1,0,27,1,1,DSL,0,1,1,1,1,1,Month-to-month,0,0,7,83.85,2310.2,No,0,35,2263.95,2263.95,Don't know
1,90071,Female,0,0,0,38,1,1,Fiber optic,0,0,1,1,1,1,Month-to-month,1,0,6,103.65,3988.5,No,0,47,3938.7000000000003,3938.7000000000003,Don't know
1,90077,Female,1,0,0,35,1,1,Fiber optic,1,0,0,0,1,1,Month-to-month,1,0,5,99.05,3554.6,No,0,63,3466.75,3466.75,Don't know
1,90201,Female,0,1,1,0,1,1,DSL,0,1,1,1,1,0,Two year,0,0,6,73.35, ,No,0,44,0.0,0.0,Don't know
1,90210,Female,0,1,0,59,1,0,Fiber optic,0,1,0,1,1,1,Two year,1,0,5,100.05,6034.85,No,0,70,5902.95,5902.95,Don't know
1,90211,Male,0,0,0,27,1,0,No,0,0,0,0,0,0,Two year,0,1,1,20.35,531.6,No,0,52,549.45,549.45,Don't know
1,90212,Female,1,0,0,2,1,0,DSL,0,0,0,0,0,0,Month-to-month,0,0,1,43.95,85.1,No,0,55,87.9,87.9,Don't know
1,90220,Male,0,0,0,7,1,1,No,0,0,0,0,0,0,Month-to-month,0,0,2,23.5,173,No,0,33,164.5,164.5,Don't know
1,90221,Female,0,0,0,36,1,1,DSL,0,1,0,1,0,1,One year,1,0,5,70.7,2511.95,No,0,71,2545.2000000000003,2545.2000000000003,Don't know
1,90222,Female,0,1,1,41,1,1,Fiber optic,1,1,0,0,1,0,Month-to-month,1,1,5,94.3,3893.6,No,0,43,3866.2999999999997,3866.2999999999997,Don't know
1,90230,Female,0,0,0,13,0,0,DSL,0,1,0,0,0,0,Month-to-month,0,0,1,29.15,357.15,No,0,71,378.95,378.95,Don't know
1,90232,Male,0,0,1,19,1,0,No,0,0,0,0,0,0,Two year,0,1,1,20.85,467.5,No,0,43,396.15000000000003,396.15000000000003,Don't know
1,90240,Female,0,1,0,60,0,0,DSL,1,1,0,1,0,0,Two year,0,1,3,37.7,2288.7,No,0,54,2262.0,2262.0,Don't know
1,90245,Male,0,1,0,69,1,1,Fiber optic,0,1,0,1,1,0,Two year,1,0,5,92.45,6460.55,No,0,56,6379.05,6379.05,Don't know
1,90247,Male,0,0,0,43,0,0,DSL,0,0,1,1,0,1,One year,0,0,3,44.15,1931.3,No,0,42,1898.45,1898.45,Don't know
1,90248,Female,0,0,1,11,0,0,DSL,1,0,0,1,0,0,One year,1,0,2,36.05,402.6,No,0,67,396.54999999999995,396.54999999999995,Don't know
1,90249,Female,0,1,0,45,1,0,DSL,0,0,1,0,0,0,Month-to-month,1,1,2,50.25,2221.55,No,0,44,2261.25,2261.25,Don't know
1,90250,Male,0,1,0,72,1,1,Fiber optic,0,1,1,1,1,1,Two year,1,1,7,109.75,7758.9,No,0,71,7902.0,7902.0,Don't know
1,90255,Female,0,1,1,12,1,0,No,0,0,0,0,0,0,Two year,0,1,1,20.3,224.5,No,0,57,243.60000000000002,243.60000000000002,Don't know
1,90260,Female,0,1,1,67,1,1,Fiber optic,0,1,1,1,1,1,One year,1,1,7,112.35,7388.45,No,0,46,7527.45,7527.45,Don't know
1,90262,Male,0,1,0,37,1,1,Fiber optic,0,0,1,1,1,0,Two year,0,0,5,94.3,3460.95,No,0,49,3489.1,3489.1,Don't know
1,90263,Female,0,0,0,39,0,0,DSL,1,1,0,1,0,0,One year,0,1,3,41.15,1700.9,No,0,67,1604.85,1604.85,Don't know
1,90265,Female,0,0,0,41,1,1,DSL,1,0,1,1,0,1,Month-to-month,1,1,6,74.65,3090.65,No,0,77,3060.65,3060.65,Don't know
1,90266,Female,0,0,0,25,0,0,DSL,0,0,1,0,1,1,Month-to-month,1,0,3,48.25,1293.8,No,0,46,1206.25,1206.25,Don't know
1,90270,Male,0,1,1,8,1,1,DSL,1,1,0,1,0,1,Two year,1,1,6,76.15,645.8,No,0,64,609.2,609.2,Don't know
1,90272,Female,0,1,1,71,1,1,DSL,1,1,1,1,0,0,Two year,0,0,6,71.1,5224.95,No,0,57,5048.099999999999,5048.099999999999,Don't know
1,90274,Male,0,0,0,5,1,1,Fiber optic,0,1,1,0,0,1,Month-to-month,0,0,5,96.55,500.1,No,0,56,482.75,482.75,Don't know
1,90275,Female,0,0,0,30,1,1,DSL,1,0,1,0,1,1,One year,1,1,6,79.3,2427.1,No,0,78,2379.0,2379.0,Don't know
1,90277,Male,0,0,0,40,1,0,Fiber optic,0,1,0,1,0,1,One year,1,1,4,89.6,3488.15,No,0,22,3584.0,3584.0,Don't know
1,90278,Female,0,0,0,54,1,0,No,0,0,0,0,0,0,Two year,1,0,1,20.5,1035.7,No,0,30,1107.0,1107.0,Don't know
1,90280,Male,0,1,0,72,1,1,Fiber optic,0,1,1,0,1,1,Two year,1,1,6,106.3,7565.35,No,0,62,7653.599999999999,7653.599999999999,Don't know
1,90290,Male,0,1,1,28,1,0,Fiber optic,0,1,1,0,1,1,One year,0,1,5,100.35,2799,No,0,50,2809.7999999999997,2809.7999999999997,Don't know
1,90291,Male,0,1,1,18,1,0,Fiber optic,0,0,0,1,0,1,Month-to-month,1,0,3,85.6,1601.5,No,0,63,1540.8,1540.8,Don't know
1,90293,Female,0,1,1,59,1,1,Fiber optic,0,1,1,0,1,1,One year,1,0,6,106.15,6256.2,No,0,51,6262.85,6262.85,Don't know
1,90301,Male,0,1,1,22,1,0,DSL,0,0,0,1,0,0,Month-to-month,1,0,2,51.1,1232.9,No,0,34,1124.2,1124.2,Don't know
1,90302,Female,0,0,0,1,1,0,No,0,0,0,0,0,0,Month-to-month,0,0,1,19.9,19.9,No,0,80,19.9,19.9,Don't know
1,90303,Female,1,1,0,72,1,1,No,0,0,0,0,0,0,Two year,1,1,2,25.7,1937.4,No,0,21,1850.3999999999999,1850.3999999999999,Don't know
1,90305,Male,0,1,0,50,1,1,Fiber optic,0,0,0,1,1,1,One year,0,0,5,99.4,5059.75,No,0,75,4970.0,4970.0,Don't know
1,90401,Female,0,1,1,48,1,0,DSL,1,0,1,1,1,0,One year,0,1,5,69.7,3023.65,No,0,50,3345.6000000000004,3345.6000000000004,Don't know
1,90402,Female,0,1,1,49,1,1,Fiber optic,0,1,0,0,1,1,Month-to-month,1,0,5,98.35,4889.2,No,0,39,4819.15,4819.15,Don't know
1,90403,Male,0,1,1,28,1,0,Fiber optic,0,0,1,0,1,0,Month-to-month,0,0,3,85.45,2289.9,No,0,26,2392.6,2392.6,Don't know
1,90404,Male,1,0,0,68,1,1,Fiber optic,0,1,1,0,0,1,Month-to-month,1,0,5,95.9,6503.2,No,0,68,6521.200000000001,6521.200000000001,Don't know
1,90405,Male,0,0,0,13,1,1,Fiber optic,0,0,0,1,1,1,Month-to-month,0,0,5,100.75,1313.25,No,0,80,1309.75,1309.75,Don't know
1,90501,Female,0,0,0,11,1,1,Fiber optic,0,0,1,0,1,0,Month-to-month,1,0,4,89.2,990.3,No,0,32,981.2,981.2,Don't know
1,90505,Male,0,1,0,72,1,1,No,0,0,0,0,0,0,Two year,0,1,2,25.75,1864.2,No,0,24,1854.0,1854.0,Don't know
1,90601,Male,0,1,1,70,1,1,DSL,0,1,1,1,1,1,Two year,1,0,7,84.1,5979.7,No,0,48,5887.0,5887.0,Don't know
1,90602,Female,0,1,1,49,1,1,DSL,0,1,0,1,1,1,Two year,0,1,6,79.3,3902.45,No,0,59,3885.7,3885.7,Don't know
1,90603,Female,1,1,0,67,1,1,Fiber optic,1,0,1,0,1,1,One year,1,1,6,107.05,7142.5,No,0,21,7172.349999999999,7172.349999999999,Don't know
1,90604,Male,0,0,0,46,1,0,No,0,0,0,0,0,0,Two year,0,1,1,20.05,902,No,0,38,922.3000000000001,922.3000000000001,Don't know
1,90606,Female,0,1,0,37,1,0,No,0,0,0,0,0,0,Month-to-month,0,1,1,19.5,805.2,No,0,72,721.5,721.5,Don't know
1,90621,Female,1,1,0,13,0,0,DSL,0,0,0,0,1,1,Month-to-month,0,0,2,45.3,528.45,No,0,48,588.9,588.9,Don't know
1,90623,Female,0,1,0,72,1,1,Fiber optic,1,1,1,1,1,1,Two year,0,0,8,115.15,8349.7,No,0,67,8290.800000000001,8290.800000000001,Don't know
1,90630,Male,0,1,1,68,1,0,DSL,0,0,1,1,1,1,Two year,1,1,5,72.95,4953.25,No,0,27,4960.6,4960.6,Don't know
1,90631,Male,0,1,1,15,1,0,No,0,0,0,0,0,0,One year,0,0,1,19.65,332.65,No,0,71,294.75,294.75,Don't know
1,90638,Female,0,0,0,24,1,0,No,0,0,0,0,0,0,Two year,1,1,1,19.55,470.2,No,0,34,469.20000000000005,469.20000000000005,Don't know
1,90640,Female,0,0,0,24,1,1,Fiber optic,0,0,0,1,0,1,Month-to-month,1,0,4,89.55,2259.35,No,0,76,2149.2,2149.2,Don't know
1,90650,Male,0,0,0,27,1,0,DSL,1,0,0,0,0,0,Month-to-month,0,0,2,50.35,1411.35,No,0,77,1359.45,1359.45,Don't know
1,90670,Female,0,1,1,71,1,0,DSL,1,1,1,1,1,1,Two year,0,1,7,87.25,6328.7,No,0,38,6194.75,6194.75,Don't know
1,90680,Male,0,1,1,67,1,0,No,0,0,0,0,0,0,Two year,1,0,1,20.8,1411.9,No,0,77,1393.6000000000001,1393.6000000000001,Don't know
1,90701,Female,0,1,0,63,1,1,Fiber optic,0,1,1,1,1,1,Two year,1,1,7,109.25,6841.4,No,0,78,6882.75,6882.75,Don't know
1,90703,Male,0,0,0,1,1,0,No,0,0,0,0,0,0,Month-to-month,0,0,1,20.35,20.35,No,0,56,20.35,20.35,Don't know
1,90704,Male,0,0,0,4,1,0,DSL,0,0,0,0,0,1,Month-to-month,1,0,2,55.9,238.5,No,0,25,223.6,223.6,Don't know
1,90712,Male,0,1,1,52,1,0,DSL,1,1,1,0,1,1,Two year,0,0,6,79.2,4016.3,No,0,22,4118.400000000001,4118.400000000001,Don't know
1,90713,Male,0,0,0,10,1,1,No,0,0,0,0,0,0,Month-to-month,1,0,2,24.0,226.55,No,0,71,240.0,240.0,Don't know
1,90715,Male,0,0,0,68,1,1,Fiber optic,1,1,1,0,1,0,One year,0,1,6,101.35,7110.75,No,0,60,6891.799999999999,6891.799999999999,Don't know
1,90720,Female,0,1,0,52,0,0,DSL,1,0,1,0,0,0,One year,0,0,2,35.45,1958.95,No,0,47,1843.4,1843.4,Don't know
1,90731,Male,0,1,0,70,1,1,DSL,1,1,1,1,1,0,One year,0,1,7,79.4,5528.9,No,0,38,5558.0,5558.0,Don't know
1,90732,Male,0,0,0,43,0,0,DSL,1,0,1,0,0,0,One year,1,1,2,35.2,1463.7,No,0,70,1513.6000000000001,1513.6000000000001,Don't know
1,90740,Male,0,0,0,52,1,0,No,0,0,0,0,0,0,Two year,0,0,1,19.65,1025.05,No,0,24,1021.8,1021.8,Don't know
1,90742,Female,0,0,0,12,0,0,DSL,1,0,1,1,0,1,Two year,0,0,4,49.85,552.1,No,0,20,598.2,598.2,Don't know
1,90743,Female,0,1,1,56,1,1,DSL,1,1,0,0,0,1,One year,0,1,5,68.75,3815.4,No,0,53,3850.0,3850.0,Don't know
1,90744,Male,0,0,1,0,1,1,DSL,1,1,0,1,0,0,Two year,1,1,5,61.9, ,No,0,65,0.0,0.0,Don't know
1,90745,Male,0,0,0,42,1,1,Fiber optic,0,0,1,0,0,0,Month-to-month,0,0,3,79.9,3313.4,No,0,70,3355.8,3355.8,Don't know
1,90746,Male,1,1,0,22,1,0,Fiber optic,0,0,0,0,1,1,Month-to-month,1,1,3,89.75,1938.9,No,0,23,1974.5,1974.5,Don't know
1,90803,Male,0,0,0,27,1,0,No,0,0,0,0,0,0,Month-to-month,1,1,1,19.4,460.25,No,0,25,523.8,523.8,Don't know
1,90804,Male,1,1,0,51,1,1,Fiber optic,1,0,1,0,0,1,One year,1,1,5,93.65,4839.15,No,0,68,4776.150000000001,4776.150000000001,Don't know
1,90806,Male,0,0,0,1,1,0,No,0,0,0,0,0,0,Month-to-month,1,0,1,19.9,19.9,No,0,52,19.9,19.9,Don't know
1,90808,Male,1,1,1,71,1,1,DSL,0,1,1,1,0,1,One year,1,1,6,72.9,5139.65,No,0,54,5175.900000000001,5175.900000000001,Don't know
1,90813,Female,0,1,1,69,1,1,No,0,0,0,0,0,0,Two year,1,1,2,25.6,1673.4,No,0,60,1766.4,1766.4,Don't know
1,90814,Male,0,1,1,14,1,0,No,0,0,0,0,0,0,One year,0,0,1,19.75,309.35,No,0,58,276.5,276.5,Don't know
1,90815,Male,0,1,0,57,1,0,DSL,1,0,0,1,0,0,Month-to-month,0,0,3,55.7,3171.6,No,0,22,3174.9,3174.9,Don't know
1,90822,Female,0,1,1,72,1,1,Fiber optic,1,1,1,1,1,1,Two year,0,1,8,117.5,8670.1,No,0,47,8460.0,8460.0,Don't know
1,91001,Male,0,0,0,48,1,0,No,0,0,0,0,0,0,Two year,0,1,1,19.85,916,No,0,38,952.8000000000001,952.8000000000001,Don't know
1,91006,Female,0,1,1,4,1,0,Fiber optic,0,0,0,0,1,0,Month-to-month,1,0,2,78.9,299.75,No,0,50,315.6,315.6,Don't know
1,91007,Male,0,1,1,31,1,0,No,0,0,0,0,0,0,Month-to-month,1,0,1,20.65,702.05,No,0,79,640.15,640.15,Don't know
1,91016,Female,0,0,0,1,1,0,No,0,0,0,0,0,0,Month-to-month,0,0,1,19.65,19.65,No,0,25,19.65,19.65,Don't know
1,91020,Male,1,0,0,57,1,1,DSL,0,1,1,0,1,1,Two year,1,1,6,79.75,4438.2,No,0,79,4545.75,4545.75,Don't know
1,91024,Female,1,1,0,62,1,0,DSL,1,0,1,1,1,1,Two year,1,1,6,79.95,4819.75,No,0,54,4956.900000000001,4956.900000000001,Don't know
1,91030,Male,0,1,0,3,0,0,DSL,0,0,0,1,0,0,Month-to-month,1,0,1,29.9,92.25,No,0,23,89.69999999999999,89.69999999999999,Don't know
1,91040,Female,0,0,1,72,1,0,No,0,0,0,0,0,0,Two year,1,0,1,19.75,1567,No,0,78,1422.0,1422.0,Don't know
1,91042,Male,0,0,1,29,0,0,DSL,1,1,1,1,0,0,Month-to-month,1,0,4,45.0,1242.45,No,0,73,1305.0,1305.0,Don't know
1,91101,Male,0,1,1,13,1,0,DSL,0,0,0,0,0,0,Month-to-month,0,1,1,44.8,559.2,No,0,44,582.4,582.4,Don't know
1,91104,Female,0,0,0,11,1,0,DSL,0,1,0,0,0,0,Month-to-month,0,0,2,51.1,531.15,No,0,60,562.1,562.1,Don't know
1,91105,Female,0,0,1,21,0,0,DSL,1,1,1,1,1,0,Two year,0,0,5,53.15,1183.2,No,0,29,1116.1499999999999,1116.1499999999999,Don't know
1,91106,Female,0,0,0,19,1,1,No,0,0,0,0,0,0,Month-to-month,0,1,2,24.7,465.85,No,0,46,469.3,469.3,Don't know
1,91201,Male,0,1,1,35,1,1,Fiber optic,0,1,1,1,1,1,Month-to-month,1,0,7,109.95,3782.4,No,0,71,3848.25,3848.25,Don't know
1,91202,Male,0,0,1,25,1,0,No,0,0,0,0,0,0,Month-to-month,0,0,1,20.8,460.2,No,0,60,520.0,520.0,Don't know
1,91204,Female,0,0,0,67,1,1,No,0,0,0,0,0,0,Two year,1,1,2,25.6,1790.35,No,0,34,1715.2,1715.2,Don't know
1,91207,Male,0,1,1,72,1,1,Fiber optic,1,1,1,0,1,1,Two year,1,1,7,108.4,7767.25,No,0,20,7804.8,7804.8,Don't know
1,91208,Male,0,0,0,43,1,0,No,0,0,0,0,0,0,Two year,0,0,1,19.55,876.15,No,0,67,840.65,840.65,Don't know
1,91214,Female,0,1,1,55,1,1,Fiber optic,1,1,0,0,0,0,Month-to-month,1,0,4,85.1,4600.95,No,0,76,4680.5,4680.5,Don't know
1,91302,Male,0,0,0,27,1,0,Fiber optic,0,0,0,0,0,0,Month-to-month,1,0,1,69.05,1793.25,No,0,27,1864.35,1864.35,Don't know
1,91303,Female,0,0,0,13,1,0,Fiber optic,0,0,0,0,0,0,Month-to-month,1,0,1,70.15,886.7,No,0,56,911.95,911.95,Don't know
1,91304,Female,0,0,0,70,1,1,Fiber optic,1,1,1,0,1,1,Two year,1,0,7,111.15,7737.55,No,0,62,7780.5,7780.5,Don't know
1,91307,Female,0,1,1,19,1,1,Fiber optic,0,0,0,1,0,1,One year,1,1,4,89.35,1686.85,No,0,57,1697.6499999999999,1697.6499999999999,Don't know
1,91311,Female,0,0,0,20,1,1,Fiber optic,1,0,0,0,1,0,Month-to-month,1,1,4,89.1,1879.25,No,0,70,1782.0,1782.0,Don't know
1,91316,Male,0,1,1,43,1,1,Fiber optic,1,0,1,1,0,0,One year,1,1,5,91.25,4013.8,No,0,30,3923.75,3923.75,Don't know
1,91320,Male,0,1,1,5,1,0,Fiber optic,1,0,1,0,0,1,Month-to-month,1,0,4,90.35,434.5,No,0,66,451.75,451.75,Don't know
1,91321,Female,1,1,0,70,1,1,Fiber optic,0,1,0,1,1,1,One year,1,1,6,105.55,7195.35,No,0,51,7388.5,7388.5,Don't know
1,91324,Female,0,1,0,40,1,0,No,0,0,0,0,0,0,Two year,0,0,1,19.1,780.1,No,0,59,764.0,764.0,Don't know
1,91325,Male,0,1,1,6,1,0,No,0,0,0,0,0,0,Two year,1,1,1,20.4,107.6,No,0,57,122.39999999999999,122.39999999999999,Don't know
1,91326,Male,0,0,0,39,1,0,Fiber optic,1,0,1,0,1,1,Two year,1,0,5,100.45,3801.7,No,0,45,3917.55,3917.55,Don't know
1,91342,Female,1,0,0,45,1,0,Fiber optic,1,1,0,1,0,0,Month-to-month,1,1,4,85.7,3778.1,No,0,44,3856.5,3856.5,Don't know
1,91344,Female,1,1,0,57,1,1,Fiber optic,0,1,1,0,0,1,Month-to-month,0,1,5,94.0,5438.95,No,0,49,5358.0,5358.0,Don't know
1,91345,Male,0,1,1,72,1,1,DSL,1,1,1,1,0,0,Two year,0,1,6,69.85,5102.35,No,0,77,5029.2,5029.2,Don't know
1,91351,Male,0,1,0,72,1,1,No,0,0,0,0,0,0,Two year,0,1,2,25.85,1872.2,No,0,45,1861.2,1861.2,Don't know
1,91352,Female,0,0,0,3,1,0,DSL,1,1,0,1,0,1,Two year,0,0,5,71.1,213.35,No,0,41,213.29999999999998,213.29999999999998,Don't know
1,91355,Female,0,1,0,59,1,1,Fiber optic,0,0,1,1,1,0,Month-to-month,0,0,5,93.35,5386.5,No,0,44,5507.65,5507.65,Don't know
1,91361,Female,0,0,0,4,1,0,DSL,1,0,0,0,0,0,Month-to-month,1,1,2,50.55,235.65,No,0,78,202.2,202.2,Don't know
1,91364,Male,0,0,0,27,1,1,Fiber optic,0,0,1,0,0,0,Month-to-month,1,0,3,81.3,2272.8,No,0,72,2195.1,2195.1,Don't know
1,91367,Male,0,0,0,4,1,0,No,0,0,0,0,0,0,Month-to-month,1,1,1,20.7,83.75,No,0,76,82.8,82.8,Don't know
1,91377,Male,0,1,1,60,1,0,DSL,1,1,0,1,1,1,Month-to-month,1,1,6,79.05,4663.4,No,0,60,4743.0,4743.0,Don't know
1,91381,Female,0,1,1,8,1,0,No,0,0,0,0,0,0,Two year,0,0,1,19.05,201.7,No,0,47,152.4,152.4,Don't know
1,91384,Male,0,1,1,8,1,0,No,0,0,0,0,0,0,Two year,0,1,1,19.6,125,No,0,67,156.8,156.8,Don't know
1,91401,Male,0,0,0,35,1,0,No,0,0,0,0,0,0,Two year,1,0,1,20.2,684.4,No,0,45,707.0,707.0,Don't know
1,91403,Female,0,1,1,53,1,0,No,0,0,0,0,0,0,Two year,0,0,1,20.9,1146.05,No,0,64,1107.6999999999998,1107.6999999999998,Don't know
1,91405,Female,1,0,0,18,1,1,Fiber optic,0,1,0,1,1,1,Month-to-month,1,1,6,103.6,1806.35,No,0,73,1864.8,1864.8,Don't know
1,91406,Female,0,0,0,15,0,0,DSL,0,1,0,0,0,1,Two year,1,0,2,38.8,603,No,0,55,582.0,582.0,Don't know
1,91411,Male,0,1,0,67,1,1,Fiber optic,0,1,0,0,1,0,One year,1,1,4,88.4,5798.3,No,0,49,5922.8,5922.8,Don't know
1,91436,Male,1,0,0,6,1,0,Fiber optic,0,0,0,0,1,0,Month-to-month,1,0,2,79.7,497.6,No,0,44,478.20000000000005,478.20000000000005,Don't know
1,91504,Male,0,0,1,1,1,0,No,0,0,0,0,0,0,Month-to-month,1,0,1,19.3,19.3,No,0,46,19.3,19.3,Don't know
1,91505,Male,0,0,0,5,1,0,DSL,1,0,0,1,0,0,Month-to-month,1,0,3,55.75,266.95,No,0,22,278.75,278.75,Don't know
1,91506,Male,0,0,0,13,1,0,No,0,0,0,0,0,0,One year,1,0,1,19.95,257,No,0,70,259.34999999999997,259.34999999999997,Don't know
1,91602,Male,0,0,0,29,1,0,Fiber optic,0,1,0,1,1,0,Month-to-month,0,0,4,89.65,2623.65,No,0,51,2599.8500000000004,2599.8500000000004,Don't know
1,91604,Male,1,0,0,1,1,0,DSL,0,0,0,0,0,0,Month-to-month,1,0,1,45.85,45.85,No,0,56,45.85,45.85,Don't know
1,91606,Female,0,1,1,18,1,0,DSL,0,0,0,0,1,0,Month-to-month,0,0,2,55.95,1082.8,No,0,76,1007.1,1007.1,Don't know
1,91607,Female,0,1,0,2,1,0,DSL,0,0,1,0,1,1,Month-to-month,0,1,4,69.0,147.8,No,0,29,138.0,138.0,Don't know
1,91701,Male,0,1,1,30,1,1,Fiber optic,0,1,0,1,0,0,Month-to-month,1,1,4,83.55,2570.2,No,0,31,2506.5,2506.5,Don't know
1,91702,Male,0,0,1,66,1,1,DSL,1,1,0,1,0,0,Two year,0,1,5,65.7,4378.9,No,0,57,4336.2,4336.2,Don't know
1,91706,Male,0,1,1,38,1,1,Fiber optic,0,0,1,1,1,0,Two year,1,1,5,94.9,3616.25,No,0,33,3606.2000000000003,3606.2000000000003,Don't know
1,91709,Male,0,1,1,44,1,0,DSL,0,1,1,1,0,0,Month-to-month,1,0,4,61.9,2924.05,No,0,63,2723.6,2723.6,Don't know
1,91711,Male,0,0,0,2,1,0,No,0,0,0,0,0,0,Month-to-month,0,0,1,20.0,32.7,No,0,77,40.0,40.0,Don't know
1,91722,Female,0,0,0,42,1,0,DSL,1,1,0,1,0,1,One year,1,0,5,67.7,2882.25,No,0,36,2843.4,2843.4,Don't know
1,91723,Female,0,1,1,58,1,1,No,0,0,0,0,0,0,Two year,0,1,2,25.15,1509.9,No,0,71,1458.6999999999998,1458.6999999999998,Don't know
1,91724,Male,0,1,1,58,1,0,Fiber optic,0,1,0,0,1,1,Month-to-month,1,0,4,92.85,5305.05,No,0,36,5385.299999999999,5385.299999999999,Don't know
1,91731,Female,0,0,0,71,1,1,Fiber optic,1,1,1,1,1,1,Two year,0,0,8,111.3,7985.9,No,0,46,7902.3,7902.3,Don't know
1,91739,Female,0,1,0,48,1,1,DSL,1,0,0,1,0,0,One year,1,1,4,60.6,2985.25,No,0,76,2908.8,2908.8,Don't know
1,91741,Female,0,1,0,8,1,0,DSL,1,0,0,1,0,1,Two year,0,0,4,65.5,564.35,No,0,72,524.0,524.0,Don't know
1,91745,Male,0,0,0,67,1,0,No,0,0,0,0,0,0,Two year,0,1,1,19.95,1311.75,No,0,80,1336.6499999999999,1336.6499999999999,Don't know
1,91750,Male,0,0,0,49,1,1,Fiber optic,0,0,0,0,0,0,Month-to-month,1,1,2,74.6,3720.35,No,0,79,3655.3999999999996,3655.3999999999996,Don't know
1,91752,Female,0,1,0,52,1,1,Fiber optic,0,1,1,0,1,0,Month-to-month,0,1,5,94.6,5025.8,No,0,57,4919.2,4919.2,Don't know
1,91754,Female,0,1,0,63,1,0,Fiber optic,1,0,1,0,0,0,One year,1,1,3,81.15,5224.5,No,0,60,5112.450000000001,5112.450000000001,Don't know
1,91755,Female,0,1,1,68,1,1,DSL,1,1,1,1,1,1,Two year,1,1,8,89.05,6185.8,No,0,49,6055.4,6055.4,Don't know
1,91759,Female,0,1,0,31,1,0,DSL,0,0,0,1,0,0,Month-to-month,1,0,2,49.2,1498.55,No,0,52,1525.2,1525.2,Don't know
1,91761,Female,0,1,0,64,1,0,No,0,0,0,0,0,0,Two year,0,1,1,19.45,1208.6,No,0,28,1244.8,1244.8,Don't know
1,91762,Female,0,1,0,62,1,0,Fiber optic,1,0,1,1,1,1,One year,1,0,6,104.3,6613.65,No,0,23,6466.599999999999,6466.599999999999,Don't know
1,91765,Female,0,1,0,21,1,0,Fiber optic,0,0,0,1,1,0,Month-to-month,1,0,3,86.05,1818.9,No,0,23,1807.05,1807.05,Don't know
1,91766,Female,0,1,1,72,1,1,No,0,0,0,0,0,0,Two year,0,1,2,25.2,1787.35,No,0,31,1814.3999999999999,1814.3999999999999,Don't know
1,91767,Female,0,1,1,32,0,0,DSL,1,1,0,0,0,0,Month-to-month,1,0,2,35.15,1051.05,No,0,77,1124.8,1124.8,Don't know
1,91768,Female,1,0,0,71,1,1,Fiber optic,1,1,0,1,1,0,One year,1,1,6,99.65,7181.25,No,0,63,7075.150000000001,7075.150000000001,Don't know
1,91770,Female,0,0,1,34,1,0,Fiber optic,1,1,1,0,1,1,Month-to-month,1,1,6,105.35,3688.6,No,0,39,3581.8999999999996,3581.8999999999996,Don't know
1,91780,Female,0,1,1,35,1,1,No,0,0,0,0,0,0,Two year,0,1,2,24.3,821.6,No,0,32,850.5,850.5,Don't know
1,91784,Female,0,1,1,3,1,0,Fiber optic,0,0,0,0,1,0,Month-to-month,1,0,2,80.7,239.45,No,0,46,242.10000000000002,242.10000000000002,Don't know
1,91786,Male,0,0,0,3,1,0,Fiber optic,0,0,1,1,1,0,Month-to-month,1,0,4,89.85,244.45,No,0,53,269.54999999999995,269.54999999999995,Don't know
1,91789,Male,0,0,0,53,1,0,DSL,0,0,1,0,0,1,One year,1,0,3,61.1,3357.9,No,0,35,3238.3,3238.3,Don't know
1,91790,Female,0,1,0,4,0,0,DSL,1,0,0,0,0,0,Month-to-month,1,0,1,29.05,129.6,No,0,35,116.2,116.2,Don't know
1,91791,Female,0,1,1,48,1,0,Fiber optic,1,0,1,0,1,1,One year,1,1,5,99.7,4977.2,No,0,29,4785.6,4785.6,Don't know
1,91803,Male,0,1,1,54,0,0,DSL,0,0,1,1,0,1,Two year,0,1,3,46.0,2424.05,No,0,71,2484.0,2484.0,Don't know
1,91902,Male,0,0,0,62,1,0,DSL,0,1,1,1,1,1,Month-to-month,1,1,6,80.4,4981.15,No,0,79,4984.8,4984.8,Don't know
1,91905,Male,0,1,1,22,1,0,Fiber optic,0,1,1,0,1,1,One year,1,0,5,100.05,2090.25,No,0,64,2201.1,2201.1,Don't know
1,91910,Male,1,0,0,51,1,0,Fiber optic,0,0,1,0,1,1,One year,1,1,4,94.0,4905.75,No,0,77,4794.0,4794.0,Don't know
1,91911,Female,0,0,0,30,1,1,DSL,0,1,1,0,1,0,One year,1,1,5,68.95,2038.7,No,0,30,2068.5,2068.5,Don't know
1,91913,Female,1,1,0,56,1,1,DSL,1,1,1,1,0,0,One year,1,1,6,68.45,4014,No,0,79,3833.2000000000003,3833.2000000000003,Don't know
1,91914,Male,0,1,0,35,1,1,DSL,0,1,0,1,1,0,One year,1,0,5,69.0,2441.7,No,0,59,2415.0,2415.0,Don't know
1,91915,Female,1,0,0,64,0,0,DSL,0,1,0,1,1,0,Month-to-month,1,0,3,43.85,2751,No,0,46,2806.4,2806.4,Don't know
1,91916,Male,0,0,1,30,0,0,DSL,0,0,0,0,1,1,Month-to-month,1,0,2,44.5,1307.8,No,0,58,1335.0,1335.0,Don't know
1,91917,Female,0,1,1,25,1,0,No,0,0,0,0,0,0,Two year,1,0,1,18.7,383.65,No,0,42,467.5,467.5,Don't know
1,91934,Female,0,1,0,1,1,0,DSL,1,1,0,0,0,0,Month-to-month,1,0,3,53.55,53.55,No,0,62,53.55,53.55,Don't know
1,91935,Male,0,0,1,70,1,1,Fiber optic,1,1,1,1,1,1,Two year,1,0,8,114.6,7882.5,No,0,65,8022.0,8022.0,Don't know
1,91941,Female,0,1,1,57,1,0,No,0,0,0,0,0,0,Two year,1,1,1,20.1,1087.7,No,0,23,1145.7,1145.7,Don't know
1,91942,Male,0,0,0,9,1,1,Fiber optic,0,0,0,0,1,0,Month-to-month,1,0,3,85.5,791.7,No,0,69,769.5,769.5,Don't know
1,91945,Female,0,1,1,69,1,1,Fiber optic,0,1,1,1,1,1,One year,1,1,7,108.75,7493.05,No,0,46,7503.75,7503.75,Don't know
1,91950,Female,0,1,0,72,1,1,Fiber optic,0,0,1,0,1,1,Two year,1,0,5,97.85,6841.3,No,0,22,7045.2,7045.2,Don't know
1,91962,Male,0,0,1,44,1,0,No,0,0,0,0,0,0,Two year,0,1,1,19.55,819.95,No,0,40,860.2,860.2,Don't know
1,91963,Female,0,1,0,72,1,1,Fiber optic,1,1,0,0,0,0,Two year,1,1,4,84.05,6052.25,No,0,47,6051.599999999999,6051.599999999999,Don't know
1,91978,Male,0,0,0,54,1,1,Fiber optic,0,0,1,0,0,1,Month-to-month,0,1,4,89.4,4869.5,No,0,56,4827.6,4827.6,Don't know
1,91980,Male,0,0,1,27,1,0,No,0,0,0,0,0,0,Two year,0,1,1,19.7,509.3,No,0,79,531.9,531.9,Don't know
1,92003,Male,0,0,0,54,1,1,Fiber optic,0,1,0,0,0,0,Month-to-month,1,1,3,79.85,4308.25,No,0,46,4311.9,4311.9,Don't know
1,92004,Male,0,0,0,3,1,0,Fiber optic,0,1,0,0,0,0,Month-to-month,0,1,2,74.45,221.1,No,0,61,223.35000000000002,223.35000000000002,Don't know
1,92007,Female,0,1,0,53,1,1,DSL,1,1,1,0,0,1,One year,0,1,6,74.1,3833.95,No,0,37,3927.2999999999997,3927.2999999999997,Don't know
1,92009,Male,0,1,0,15,1,0,No,0,0,0,0,0,0,One year,0,0,1,18.8,294.95,No,0,31,282.0,282.0,Don't know
1,92019,Male,0,1,1,5,1,1,DSL,1,1,0,1,0,0,Month-to-month,0,1,5,64.4,316.9,No,0,31,322.0,322.0,Don't know
1,92020,Male,0,1,1,48,1,0,DSL,0,1,1,0,0,0,One year,1,1,3,55.8,2651.2,No,0,27,2678.3999999999996,2678.3999999999996,Don't know
1,92021,Female,0,0,1,25,1,0,No,0,0,0,0,0,0,Month-to-month,0,1,1,20.05,471.7,No,0,24,501.25,501.25,Don't know
1,92025,Male,0,0,0,58,1,0,Fiber optic,1,1,0,0,1,1,One year,0,1,5,99.15,5720.95,No,0,26,5750.700000000001,5750.700000000001,Don't know
1,92026,Male,0,0,0,10,1,0,DSL,0,0,0,0,0,1,Month-to-month,1,1,2,56.75,503.25,No,0,70,567.5,567.5,Don't know
1,92028,Male,0,1,0,71,1,1,Fiber optic,0,1,0,1,1,1,Two year,1,1,6,104.15,7365.3,No,0,65,7394.650000000001,7394.650000000001,Don't know
1,92029,Female,0,1,1,65,1,1,Fiber optic,0,1,1,1,1,1,Two year,1,1,7,110.8,7245.9,No,0,23,7202.0,7202.0,Don't know
1,92037,Female,0,0,0,28,0,0,DSL,0,0,1,1,0,0,Month-to-month,1,0,2,35.75,961.4,No,0,69,1001.0,1001.0,Don't know
1,92040,Female,0,1,1,67,1,1,DSL,0,0,1,1,0,1,Two year,1,1,5,69.9,4615.9,No,0,21,4683.3,4683.3,Don't know
1,92054,Male,0,0,0,35,1,0,Fiber optic,1,0,0,1,0,1,One year,1,0,4,89.2,3251.3,No,0,39,3122.0,3122.0,Don't know
1,92056,Female,0,1,1,72,0,0,DSL,1,1,1,1,0,1,Two year,0,1,5,55.65,3880.05,No,0,35,4006.7999999999997,4006.7999999999997,Don't know
1,92057,Female,0,1,1,61,0,0,DSL,1,1,0,1,0,1,One year,1,1,4,50.7,3088.75,No,0,22,3092.7000000000003,3092.7000000000003,Don't know
1,92059,Male,1,0,0,68,1,0,No,0,0,0,0,0,0,Two year,1,1,1,20.0,1396,No,0,55,1360.0,1360.0,Don't know
1,92061,Male,0,0,0,3,1,0,No,0,0,0,0,0,0,Month-to-month,1,0,1,19.1,53.05,No,0,68,57.300000000000004,57.300000000000004,Don't know
1,92065,Female,0,0,1,48,0,0,DSL,0,1,1,0,0,1,Month-to-month,0,1,3,45.55,2108.35,No,0,52,2186.3999999999996,2186.3999999999996,Don't know
1,92066,Male,0,1,1,68,1,1,Fiber optic,0,1,0,0,1,1,One year,1,1,5,101.05,6770.5,No,0,32,6871.4,6871.4,Don't know
1,92067,Female,0,0,0,47,1,0,Fiber optic,1,0,1,1,1,1,One year,1,0,6,103.7,4730.6,No,0,20,4873.900000000001,4873.900000000001,Don't know
1,92069,Male,0,1,1,32,0,0,DSL,0,0,1,1,0,0,One year,1,0,2,36.25,1151.05,No,0,45,1160.0,1160.0,Don't know
1,92070,Female,0,1,1,5,1,0,DSL,1,0,0,0,0,0,Month-to-month,1,0,2,49.4,232.55,No,0,44,247.0,247.0,Don't know
1,92071,Male,0,0,0,49,1,0,No,0,0,0,0,0,0,Two year,1,1,1,19.9,1022.6,No,0,71,975.0999999999999,975.0999999999999,Don't know
1,92082,Male,0,0,0,15,1,0,No,0,0,0,0,0,0,Month-to-month,1,0,1,19.8,309.4,No,0,73,297.0,297.0,Don't know
1,92083,Female,0,0,0,12,1,0,DSL,0,0,0,0,0,0,Month-to-month,1,0,1,45.05,523.1,No,0,37,540.5999999999999,540.5999999999999,Don't know
1,92084,Male,1,0,0,67,1,1,DSL,1,1,0,1,0,0,Two year,1,1,5,64.55,4250.1,No,0,67,4324.849999999999,4324.849999999999,Don't know
1,92086,Male,0,0,0,9,1,0,Fiber optic,0,0,0,1,1,0,Month-to-month,0,0,3,86.25,770.5,No,0,42,776.25,776.25,Don't know
1,92091,Female,0,1,1,13,1,0,No,0,0,0,0,0,0,Two year,1,1,1,19.75,246.7,No,0,22,256.75,256.75,Don't know
1,92101,Female,0,0,0,38,1,0,Fiber optic,0,0,0,0,1,1,One year,1,0,3,89.1,3342,No,0,56,3385.7999999999997,3385.7999999999997,Don't know
1,92102,Female,1,1,0,42,1,1,Fiber optic,0,1,1,0,1,0,Month-to-month,1,0,5,95.55,3930.6,No,0,26,4013.1,4013.1,Don't know
1,92105,Male,0,1,1,9,1,1,Fiber optic,0,1,1,0,1,1,Month-to-month,1,1,6,102.6,897.75,No,0,32,923.4,923.4,Don't know
1,92106,Female,0,1,0,49,0,0,DSL,0,1,0,1,1,1,One year,1,1,4,56.3,2780.6,No,0,20,2758.7,2758.7,Don't know
1,92107,Female,1,1,0,61,1,1,Fiber optic,1,1,1,1,0,0,Month-to-month,1,1,6,94.2,5895.45,No,0,76,5746.2,5746.2,Don't know
1,92108,Male,0,0,1,50,0,0,DSL,1,1,0,0,1,0,One year,1,1,3,43.05,2208.05,No,0,41,2152.5,2152.5,Don't know
1,92116,Female,1,1,0,53,1,0,Fiber optic,0,1,1,1,1,0,One year,1,0,5,94.0,4871.45,No,0,73,4982.0,4982.0,Don't know
1,92117,Female,0,1,0,51,1,1,Fiber optic,0,0,1,0,1,1,One year,1,0,5,98.85,4947.55,No,0,43,5041.349999999999,5041.349999999999,Don't know
1,92118,Female,0,1,1,24,1,1,DSL,1,1,1,0,0,0,Two year,0,0,5,64.35,1558.65,No,0,60,1544.3999999999999,1544.3999999999999,Don't know
1,92119,Female,0,1,0,62,1,0,DSL,1,1,1,0,1,0,Two year,1,1,5,72.0,4284.2,No,0,48,4464.0,4464.0,Don't know
1,92120,Male,0,0,0,24,1,0,DSL,0,1,0,0,0,0,Month-to-month,1,0,2,49.7,1218.25,No,0,38,1192.8000000000002,1192.8000000000002,Don't know
1,92121,Female,0,1,1,70,1,1,DSL,1,1,1,1,1,0,Two year,0,0,7,80.7,5617.95,No,0,49,5649.0,5649.0,Don't know
1,92122,Male,0,0,1,1,0,0,DSL,0,0,0,0,0,0,Month-to-month,0,0,0,24.2,24.2,No,0,80,24.2,24.2,Don't know
1,92124,Female,0,0,0,8,1,0,DSL,0,1,0,1,1,0,Month-to-month,1,0,4,65.45,554.45,No,0,80,523.6,523.6,Don't know
1,92126,Female,0,1,1,72,1,0,DSL,1,1,1,1,0,1,Two year,1,0,6,74.35,5237.4,No,0,78,5353.2,5353.2,Don't know
1,92127,Female,0,0,0,23,1,0,Fiber optic,0,1,1,1,0,0,Month-to-month,0,1,4,83.2,2032.3,No,0,28,1913.6000000000001,1913.6000000000001,Don't know
1,92128,Male,0,0,1,31,0,0,DSL,0,0,0,0,0,0,Month-to-month,0,1,0,25.0,789.2,No,0,65,775.0,775.0,Don't know
1,92129,Male,0,1,1,37,0,0,DSL,1,0,1,1,0,0,One year,1,0,3,40.2,1525.35,No,0,48,1487.4,1487.4,Don't know
1,92131,Female,1,0,0,35,1,1,Fiber optic,1,1,1,0,1,1,One year,1,0,7,108.35,3726.15,No,0,50,3792.25,3792.25,Don't know
1,92139,Female,0,1,1,23,1,1,DSL,0,1,0,1,1,0,Month-to-month,1,1,5,69.5,1652.1,No,0,66,1598.5,1598.5,Don't know
1,92154,Female,0,1,1,20,1,1,DSL,1,0,0,0,1,1,One year,0,1,5,76.0,1588.75,No,0,69,1520.0,1520.0,Don't know
1,92173,Male,0,1,0,36,1,0,Fiber optic,1,0,0,0,1,1,Month-to-month,1,0,4,93.6,3366.05,No,0,53,3369.6,3369.6,Don't know
1,92203,Male,0,1,1,71,1,1,Fiber optic,0,1,0,0,1,1,One year,0,1,5,100.55,7113.75,No,0,37,7139.05,7139.05,Don't know
1,92211,Female,0,1,1,43,1,1,No,0,0,0,0,0,0,One year,1,1,2,24.45,993.15,No,0,77,1051.35,1051.35,Don't know
1,92220,Male,0,0,1,57,1,1,DSL,1,1,1,1,1,1,Two year,0,0,8,89.55,5012.35,No,0,22,5104.349999999999,5104.349999999999,Don't know
1,92225,Female,0,1,0,27,1,0,Fiber optic,0,1,0,0,0,0,Month-to-month,1,0,2,76.1,2093.4,No,0,43,2054.7,2054.7,Don't know
1,92227,Female,0,0,0,13,1,0,Fiber optic,0,0,0,0,0,1,Month-to-month,1,0,2,80.5,1011.8,No,0,37,1046.5,1046.5,Don't know
1,92231,Female,0,0,0,67,1,0,No,0,0,0,0,0,0,One year,0,0,1,20.55,1343.4,No,0,72,1376.8500000000001,1376.8500000000001,Don't know
1,92234,Female,0,1,0,64,1,1,Fiber optic,0,1,0,1,1,1,Two year,1,1,6,105.4,6794.75,No,0,24,6745.6,6745.6,Don't know
1,92236,Male,0,0,0,26,0,0,DSL,0,0,1,1,0,0,Month-to-month,0,0,2,35.75,1022.5,No,0,65,929.5,929.5,Don't know
1,92239,Male,0,0,0,38,1,1,Fiber optic,0,1,1,0,0,1,Month-to-month,1,1,5,95.1,3691.2,No,0,62,3613.7999999999997,3613.7999999999997,Don't know
1,92240,Male,0,1,0,23,1,0,No,0,0,0,0,0,0,One year,0,1,1,19.3,486.2,No,0,68,443.90000000000003,443.90000000000003,Don't know
1,92242,Male,1,1,0,72,0,0,DSL,1,1,1,1,1,1,Two year,1,1,6,63.1,4685.55,No,0,56,4543.2,4543.2,Don't know
1,92252,Female,0,1,0,62,1,1,DSL,1,1,0,1,1,1,Two year,1,0,7,84.95,5150.55,No,0,39,5266.900000000001,5266.900000000001,Don't know
1,92253,Female,0,0,0,40,1,1,Fiber optic,0,1,1,0,1,0,Month-to-month,1,1,5,93.4,3756.4,No,0,53,3736.0,3736.0,Don't know
1,92254,Male,0,0,0,41,1,1,Fiber optic,0,1,0,0,1,0,Month-to-month,1,0,4,89.2,3645.75,No,0,77,3657.2000000000003,3657.2000000000003,Don't know
1,92256,Male,1,1,0,34,1,0,Fiber optic,0,0,1,0,1,0,Month-to-month,1,1,3,85.2,2874.45,No,0,27,2896.8,2896.8,Don't know
1,92257,Female,0,0,0,1,1,0,DSL,0,1,0,0,0,0,Month-to-month,0,0,2,49.95,49.95,No,0,32,49.95,49.95,Don't know
1,92258,Female,0,0,0,51,1,0,No,0,0,0,0,0,0,Two year,0,1,1,20.65,1020.75,No,0,70,1053.1499999999999,1053.1499999999999,Don't know
1,92260,Female,0,0,0,39,1,0,No,0,0,0,0,0,0,Two year,0,0,1,20.15,826,No,0,44,785.8499999999999,785.8499999999999,Don't know
1,92262,Male,0,1,1,12,1,0,No,0,0,0,0,0,0,Month-to-month,1,0,1,19.2,239,No,0,73,230.39999999999998,230.39999999999998,Don't know
1,92266,Male,0,0,0,72,1,1,Fiber optic,0,1,1,0,1,1,One year,1,0,6,104.95,7544.3,No,0,20,7556.400000000001,7556.400000000001,Don't know
1,92267,Female,1,1,0,63,1,1,Fiber optic,0,1,1,0,1,1,Month-to-month,1,0,6,103.5,6479.4,No,0,53,6520.5,6520.5,Don't know
1,92268,Male,0,1,0,44,1,1,Fiber optic,1,0,1,0,0,0,Month-to-month,1,1,4,84.8,3626.35,No,0,44,3731.2,3731.2,Don't know
1,92270,Female,0,0,0,18,1,1,Fiber optic,0,0,1,1,0,1,Month-to-month,1,1,5,95.05,1679.4,No,0,60,1710.8999999999999,1710.8999999999999,Don't know
1,92274,Male,0,0,0,13,1,0,DSL,0,1,0,1,1,1,Month-to-month,0,0,5,73.35,931.55,No,0,65,953.55,953.55,Don't know
1,92275,Female,0,1,0,68,1,0,DSL,0,1,0,1,1,0,Two year,0,1,4,64.1,4326.25,No,0,48,4358.799999999999,4358.799999999999,Don't know
1,92276,Female,1,0,0,6,0,0,DSL,0,0,0,0,1,1,Month-to-month,1,0,2,44.4,263.05,No,0,71,266.4,266.4,Don't know
1,92277,Female,0,0,0,2,1,0,No,0,0,0,0,0,0,Month-to-month,1,0,1,20.05,39.25,No,0,80,40.1,40.1,Don't know
1,92278,Male,1,1,0,55,1,1,DSL,1,1,0,0,0,0,One year,0,1,4,60.0,3316.1,No,0,71,3300.0,3300.0,Don't know
1,92281,Male,0,0,0,38,1,0,Fiber optic,0,0,0,0,0,0,Month-to-month,1,1,1,69.5,2625.25,No,0,35,2641.0,2641.0,Don't know
1,92283,Male,0,0,0,19,1,0,Fiber optic,0,0,0,0,1,0,Month-to-month,1,1,2,78.7,1495.1,No,0,20,1495.3,1495.3,Don't know
1,92284,Female,0,0,0,12,0,0,DSL,0,1,1,1,1,1,One year,0,0,5,60.65,743.3,No,0,24,727.8,727.8,Don't know
1,92285,Female,0,0,0,72,1,0,No,0,0,0,0,0,0,Two year,1,1,1,21.15,1419.4,No,0,45,1522.8,1522.8,Don't know
1,92301,Male,0,1,1,24,1,1,DSL,1,0,1,1,1,1,One year,1,0,7,84.8,1990.5,No,0,59,2035.1999999999998,2035.1999999999998,Don't know
1,92304,Female,0,1,1,72,1,1,Fiber optic,0,1,1,0,1,1,One year,1,1,6,103.2,7362.9,No,0,71,7430.400000000001,7430.400000000001,Don't know
1,92305,Female,0,1,1,11,0,0,DSL,1,0,0,0,0,0,Month-to-month,1,0,1,29.6,346.45,No,0,59,325.6,325.6,Don't know
1,92308,Male,0,0,0,66,1,0,Fiber optic,1,0,1,1,1,1,Two year,1,1,6,105.65,6844.5,No,0,38,6972.900000000001,6972.900000000001,Don't know
